0000
0004
0017
003d
0071
00ac
00e6
011a
0146
0169
0184
0197
01a4
01ac
01b0
01b0
01ae
01a9
01a1
0197
018b
017d
016e
015e
014c
0139
0126
0113
0100
00ed
00da
00c7
00b3
00a0
008e
007d
006d
005e
0050
0042
0035
0029
001e
0014
000b
0002
fffa
fff3
ffed
ffe8
ffe3
ffdf
ffdc
ffda
ffd7
ffd5
ffd4
ffd3
ffd1
ffd0
ffcf
ffce
ffcc
ffcb
ffca
ffca
ffc9
ffc9
ffc9
ffc9
ffc8
ffc8
ffc7
ffc7
ffc7
ffc7
ffc7
ffc6
ffc5
ffc5
ffc5
ffc5
ffc4
ffc4
ffc4
ffc3
ffc3
ffc3
ffc2
ffc2
ffc2
ffc1
ffc1
ffc0
ffc0
ffbf
ffbf
ffbf
ffbf
ffbe
ffbe
ffbd
ffbd
ffbc
ffbc
ffbc
ffbd
ffbe
ffbe
ffbe
ffbd
ffbd
ffbd
ffbc
ffbc
ffbc
ffbd
ffbd
ffbc
ffbc
ffbd
ffbe
ffbe
ffbd
ffbd
ffbd
ffbc
ffbb
ffbb
ffbc
ffbc
ffbd
ffbd
ffbc
ffbc
ffbd
ffbd
ffbc
ffbc
ffbd
ffbd
ffbd
ffbc
ffbb
ffbb
ffbb
ffbc
ffbd
ffbd
ffbc
ffbc
ffbc
ffbd
ffbd
ffbd
ffbc
ffbb
ffbb
ffbc
ffbc
ffbc
ffbd
ffbd
ffbd
ffbc
ffbc
ffbc
ffbc
ffbd
ffbe
ffbe
ffbd
ffbd
ffbc
ffbb
ffbb
ffbc
ffbc
ffbc
ffbd
ffbd
ffbd
ffbc
ffbb
ffbb
ffbb
ffbc
ffbc
ffbd
ffbd
ffbc
ffbc
ffbc
ffbd
ffbd
ffbd
ffbc
ffbc
ffbc
ffbc
ffbd
ffbd
ffbd
ffbc
ffbb
ffbb
ffbb
ffbc
ffbc
ffbc
ffbd
ffbd
ffbd
ffbd
ffbc
ffbb
ffba
ffba
ffba
ffbb
ffbc
ffbc
ffbc
ffbc
ffbd
ffbe
ffbe
ffbd
ffbd
ffbc
ffbc
ffbc
ffbd
ffbd
ffbc
ffbc
ffbc
ffbd
ffbd
ffbd
ffbc
ffbc
ffbc
ffbd
ffbd
ffbc
ffbc
ffbd
ffbd
ffbc
ffbc
ffbc
ffbd
ffbd
ffbd
ffbc
ffbc
ffbc
ffbd
ffbd
ffbd
ffbc
ffbc
ffbc
ffbd
ffbd
ffbd
ffbc
ffbc
ffbc
ffbd
ffbd
ffbd
ffbc
ffbc
ffbc
ffbd
ffbe
ffbe
ffbe
ffbd
ffbd
ffbc
ffbc
ffbc
ffbd
ffbd
ffbd
ffbd
ffbc
ffbc
ffbc
ffbd
ffbd
ffbd
ffbd
ffbc
ffbc
ffbc
ffbd
ffbe
ffbe
ffbe
ffbd
ffbd
ffbd
ffbd
ffbc
ffbc
ffbc
ffbd
ffbd
ffbd
ffbd
ffbd
ffbc
ffbc
ffbc
ffbd
ffbe
ffbf
ffbf
ffbf
ffbf
ffbe
ffbe
ffbe
ffbd
ffbd
ffbd
ffbc
ffbc
ffbd
ffbe
ffbe
ffbe
ffbe
ffbe
ffbe
ffbd
ffbd
ffbd
ffbc
ffbc
ffbd
ffbe
ffbf
ffbf
ffbf
ffbf
ffbf
ffbf
ffbe
ffbe
ffbe
ffbe
ffbe
ffbe
ffbd
ffbd
ffbd
ffbd
ffbd
ffbd
ffbc
ffbc
ffbd
ffbe
ffbf
ffc0
ffc1
ffc2
ffc2
ffc2
ffc2
ffc2
ffc2
ffc2
ffc2
ffc2
ffc2
ffc2
ffc2
ffc2
ffc2
ffc2
ffc2
ffc2
ffc1
ffc1
ffc1
ffc1
ffc2
ffc3
ffc4
ffc5
ffc6
ffc7
ffc7
ffc7
ffc7
ffc7
ffc8
ffc9
ffca
ffcb
ffcc
ffcd
ffce
ffcf
ffd0
ffd1
ffd2
ffd3
ffd5
ffd7
ffd9
ffdb
ffdd
ffdf
ffe1
ffe3
ffe5
ffe8
ffeb
ffee
fff1
fff4
fff7
fffa
fffe
0002
0006
000a
000e
0012
0015
0018
001b
001d
0020
0022
0024
0026
0028
002b
002d
002e
002f
0031
0032
0033
0034
0036
0037
0037
0038
0038
0038
0038
0039
0039
0039
0039
003a
003a
003a
003b
003b
003c
003c
003c
003c
003d
003d
003d
003e
003e
003f
003f
003f
0040
0040
0040
0041
0041
0042
0042
0042
0043
0043
0044
0044
0043
0043
0043
0044
0044
0043
0043
0043
0044
0044
0044
0043
0043
0043
0043
0044
0045
0045
0044
0044
0043
0043
0043
0044
0044
0044
0043
0042
0042
0043
0043
0044
0044
0044
0043
0043
0043
0043
0044
0045
0045
0045
0044
0044
0043
0043
0043
0044
0044
0044
0044
0043
0042
0042
0043
0043
0044
0044
0044
0043
0043
0044
0044
0043
0043
0044
0044
0044
0044
0043
0042
0042
0043
0043
0044
0044
0044
0044
0043
0042
0042
0043
0043
0044
0045
0045
0044
0044
0044
0043
0043
0044
0044
0043
0043
0044
0044
0044
0044
0043
0043
0043
0044
0044
0044
0044
0043
0042
0042
0043
0043
0044
0045
0045
0045
0044
0044
0043
0043
0044
0044
0044
0043
0043
0043
0044
0044
0044
0043
0043
0044
0044
0044
0043
0043
0043
0044
0045
0045
0044
0044
0044
0043
0043
0043
0044
0044
0044
0043
0043
0043
0044
0045
0045
0044
0044
0044
0043
0042
0042
0043
0043
0043
0044
0044
0044
0044
0043
0042
0042
0042
0043
0043
0044
0044
0044
0043
0043
0043
0043
0044
0045
0045
0044
0044
0043
0042
0042
0043
0043
0043
0044
0044
0043
0043
0043
0044
0044
0043
0043
0044
0044
0043
0042
0042
0042
0043
0043
0043
0043
0044
0044
0044
0043
0042
0042
0042
0042
0043
0043
0043
0043
0044
0044
0044
0043
0042
0041
0040
0040
0040
0041
0041
0041
0041
0041
0041
0042
0042
0043
0043
0043
0043
0043
0043
0044
0044
0043
0042
0041
0041
0041
0041
0041
0042
0042
0042
0042
0042
0042
0042
0042
0042
0043
0043
0043
0043
0043
0043
0044
0044
0043
0042
0041
0040
003f
003e
003d
003c
003b
003a
0039
0038
0037
0036
0035
0034
0034
0034
0034
0034
0033
0032
0031
0030
002f
002f
002f
002f
002e
002d
002c
002b
002a
0029
0028
0027
0026
0025
0024
0023
0022
0020
001e
001c
001a
0018
0016
0014
0012
0010
000d
000a
0007
0004
0001
fffe
fffa
fff6
fff2
ffef
ffec
ffe9
ffe5
ffe2
ffe0
ffde
ffdc
ffd9
ffd7
ffd6
ffd5
ffd3
ffd2
ffd1
ffd0
ffcf
ffcd
ffcc
ffcb
ffca
ffc9
ffc9
ffc8
ffc8
ffc8
ffc8
ffc8
ffc8
ffc7
ffc7
ffc6
ffc6
ffc6
ffc5
ffc5
ffc5
ffc4
ffc4
ffc4
ffc3
ffc3
ffc3
ffc3
ffc2
ffc2
ffc1
ffc1
ffc0
ffc0
ffc0
ffc0
ffbf
ffbe
ffbe
ffbe
ffbe
ffbd
ffbd
ffbc
ffbc
ffbd
ffbd
ffbc
ffbc
ffbd
ffbd
ffbd
ffbd
ffbc
ffbb
ffbb
ffbc
ffbc
ffbd
ffbe
ffbe
ffbd
ffbd
ffbd
ffbc
ffbb
ffbb
ffbc
ffbc
ffbd
ffbd
ffbd
ffbc
ffbc
ffbc
ffbd
ffbd
ffbc
ffbc
ffbd
ffbd
ffbd
ffbc
ffbc
ffbc
ffbd
ffbd
ffbc
ffbc
ffbd
ffbd
ffbc
ffbc
ffbc
ffbd
ffbe
ffbe
ffbd
ffbd
ffbc
ffbb
ffbb
ffbc
ffbc
ffbc
ffbd
ffbd
ffbd
ffbc
ffbc
ffbc
ffbc
ffbd
ffbe
ffbe
ffbd
ffbd
ffbc
ffbc
ffbc
ffbc
ffbd
ffbd
ffbd
ffbc
ffbc
ffbc
ffbd
ffbd
ffbc
ffbc
ffbc
ffbc
ffbd
ffbe
ffbe
ffbd
ffbd
ffbc
ffbc
ffbc
ffbc
ffbd
ffbd
ffbd
ffbc
ffbc
ffbc
ffbc
ffbd
ffbd
ffbd
ffbc
ffbc
ffbc
ffbc
ffbd
ffbd
ffbd
ffbc
ffbc
ffbc
ffbc
ffbd
ffbd
ffbd
ffbc
ffbc
ffbc
ffbc
ffbd
ffbe
ffbe
ffbd
ffbd
ffbc
ffbb
ffbb
ffbc
ffbc
ffbc
ffbd
ffbd
ffbd
ffbc
ffbc
ffbc
ffbd
ffbd
ffbc
ffbc
ffbd
ffbd
ffbd
ffbc
ffbb
ffbb
ffbb
ffbc
ffbd
ffbd
ffbc
ffbc
ffbc
ffbd
ffbd
ffbd
ffbc
ffbc
ffbc
ffbd
ffbd
ffbd
ffbd
ffbc
ffbb
ffbb
ffbc
ffbc
ffbd
ffbd
ffbd
ffbc
ffbc
ffbc
ffbd
ffbd
ffbd
ffbd
ffbc
ffbc
ffbc
ffbd
ffbd
ffbd
ffbc
ffbc
ffbd
ffbd
ffbd
ffbd
ffbc
ffbc
ffbc
ffbd
ffbe
ffbe
ffbe
ffbd
ffbd
ffbd
ffbd
ffbc
ffbb
ffbb
ffbc
ffbd
ffbd
ffbd
ffbd
ffbc
ffbc
ffbd
ffbd
ffbd
ffbd
ffbc
ffbc
ffbd
ffbd
ffbd
ffbd
ffbd
ffbc
ffbc
ffbd
ffbd
ffbd
ffbd
ffbd
ffbd
ffbc
ffbc
ffbd
ffbd
ffbd
ffbd
ffbd
ffbd
ffbd
ffbc
ffbc
ffbd
ffbe
ffbe
ffbe
ffbe
ffbe
ffbe
ffbe
ffbd
ffbd
ffbd
ffbd
ffbd
ffbd
ffbc
ffbc
ffbd
ffbe
ffbf
ffc0
ffc1
ffc2
ffc3
ffc4
ffc4
ffc4
ffc4
ffc4
ffc4
ffc4
ffc4
ffc4
ffc4
ffc4
ffc4
ffc4
ffc3
ffc3
ffc3
ffc3
ffc4
ffc5
ffc6
ffc7
ffc8
ffc8
ffc8
ffc8
ffc8
ffc9
ffca
ffcb
ffcc
ffcd
ffce
ffcf
ffd0
ffd1
ffd2
ffd3
ffd4
ffd5
ffd6
ffd7
ffd8
ffd9
ffdb
ffdd
ffdf
ffe1
ffe3
ffe5
ffe8
ffeb
ffee
fff1
fff4
fff7
fffa
fffd
0000
0004
0008
000c
0010
0014
0017
001a
001d
001f
0021
0024
0026
0028
002a
002c
002d
002e
002f
0031
0032
0033
0034
0036
0037
0037
0037
0038
0038
0038
0039
0039
0039
0039
003a
003a
003a
003b
003b
003b
003c
003c
003c
003d
003d
003e
003e
003e
003e
003f
003f
003f
0040
0040
0041
0041
0042
0042
0042
0043
0043
0043
0044
0044
0044
0043
0043
0043
0043
0044
0044
0044
0043
0043
0043
0043
0044
0044
0044
0043
0043
0043
0044
0044
0044
0043
0042
0042
0043
0043
0044
0044
0043
0043
0044
0044
0043
0043
0044
0044
0043
0043
0044
0044
0043
0043
0044
0044
0044
0043
0043
0043
0044
0044
0044
0043
0043
0044
0044
0044
0043
0043
0043
0044
0044
0044
0043
0043
0043
0044
0045
0045
0045
0045
0044
0043
0043
0044
0044
0044
0043
0043
0044
0044
0043
0043
0044
0044
0044
0044
0043
0042
0042
0043
0043
0044
0045
0045
0044
0044
0044
0044
0043
0042
0042
0043
0043
0044
0044
0044
0044
0043
0043
0043
0044
0044
0044
0043
0043
0044
0044
0044
0043
0043
0044
0044
0043
0043
0044
0044
0044
0043
0043
0044
0044
0044
0043
0042
0042
0043
0044
0044
0043
0043
0043
0044
0045
0045
0045
0044
0044
0043
0043
0043
0044
0044
0044
0043
0043
0043
0044
0044
0044
0043
0043
0044
0044
0043
0043
0043
0044
0044
0044
0043
0043
0043
0043
0044
0045
0045
0045
0044
0043
0043
0043
0044
0044
0044
0043
0043
0043
0043
0044
0044
0043
0043
0044
0044
0043
0042
0042
0043
0043
0043
0043
0044
0044
0044
0043
0042
0042
0042
0043
0043
0043
0044
0044
0043
0042
0042
0042
0043
0043
0043
0043
0044
0044
0043
0043
0043
0043
0043
0044
0044
0044
0043
0042
0041
0040
003f
003f
003f
003f
0040
0040
0040
0040
0040
0041
0041
0041
0041
0041
0042
0042
0042
0042
0042
0043
0043
0043
0043
0043
0043
0043
0044
0044
0043
0042
0041
0040
003f
003e
003d
003d
003d
003d
003d
003d
003d
003d
003d
003d
003d
003d
003d
003d
003d
003e
003e
003e
003e
003e
003d
003c
003b
003a
0039
0038
0038
0038
0038
0038
0037
0036
0035
0034
0033
0032
0031
0030
002f
002e
002d
002c
002a
0028
0026
0024
0022
0020
001e
001c
0019
0016
0013
0010
000d
000a
0007
0004
0000
fffc
fff8
fff4
fff0
ffed
ffe9
ffe6
ffe3
ffe0
ffde
ffdc
ffda
ffd8
ffd6
ffd4
ffd3
ffd2
ffd1
ffcf
ffce
ffcd
ffcc
ffca
ffc9
ffc9
ffc8
ffc8
ffc8
ffc8
ffc7
ffc7
ffc7
ffc7
ffc6
ffc6
ffc5
ffc5
ffc5
ffc5
ffc4
ffc4
ffc3
ffc3
ffc3
ffc3
ffc2
ffc2
ffc1
ffc1
ffc1
ffc0
ffc0
ffbf
ffbf
ffbf
ffbe
ffbe
ffbe
ffbd
ffbd
ffbc
ffbc
ffbd
ffbd
ffbd
ffbc
ffbc
ffbd
ffbd
ffbc
ffbc
ffbd
ffbd
ffbd
ffbc
ffbc
ffbd
ffbd
ffbd
ffbc
ffbb
ffbb
ffbc
ffbc
ffbd
ffbd
ffbd
ffbc
ffbc
ffbc
ffbd
ffbe
ffbe
ffbd
ffbd
ffbc
ffbc
ffbc
ffbd
ffbd
ffbd
ffbc
ffbc
ffbc
ffbd
ffbd
ffbd
ffbc
ffbc
ffbc
ffbc
ffbd
ffbe
ffbe
ffbd
ffbd
ffbc
ffbc
ffbc
ffbd
ffbd
ffbc
ffbc
ffbd
ffbd
ffbc
ffbc
ffbc
ffbd
ffbd
ffbc
ffbc
ffbd
ffbd
ffbc
ffbc
ffbc
ffbd
ffbd
ffbc
ffbc
ffbc
ffbd
ffbd
ffbd
ffbc
ffbb
ffbb
ffbb
ffbc
ffbc
ffbd
ffbd
ffbc
ffbc
ffbd
ffbd
ffbc
ffbb
ffbb
ffbb
ffbc
ffbd
ffbd
ffbc
ffbb
ffbb
ffbc
ffbc
ffbc
ffbd
ffbd
ffbc
ffbc
ffbc
ffbd
ffbd
ffbd
ffbc
ffbc
ffbc
ffbd
ffbd
ffbc
ffbc
ffbc
ffbd
ffbd
ffbc
ffbc
ffbc
ffbd
ffbd
ffbd
ffbc
ffbc
ffbc
ffbd
ffbd
ffbc
ffbc
ffbd
ffbd
ffbc
ffbc
ffbc
ffbd
ffbd
ffbd
ffbc
ffbb
ffbb
ffbc
ffbc
ffbc
ffbd
ffbe
ffbe
ffbd
ffbd
ffbd
ffbc
ffbb
ffbb
ffbb
ffbc
ffbd
ffbd
ffbd
ffbc
ffbb
ffbb
ffbc
ffbc
ffbd
ffbd
ffbd
ffbc
ffbc
ffbc
ffbd
ffbd
ffbd
ffbd
ffbc
ffbc
ffbc
ffbd
ffbd
ffbd
ffbc
ffbc
ffbd
ffbd
ffbd
ffbc
ffbc
ffbd
ffbd
ffbd
ffbd
ffbc
ffbc
ffbc
ffbd
ffbd
ffbd
ffbd
ffbc
ffbc
ffbd
ffbe
ffbe
ffbe
ffbd
ffbd
ffbd
ffbc
ffbc
ffbd
ffbd
ffbd
ffbd
ffbc
ffbc
ffbd
ffbe
ffbe
ffbe
ffbe
ffbd
ffbd
ffbd
ffbc
ffbc
ffbd
ffbe
ffbf
ffbf
ffbf
ffbf
ffbf
ffbe
ffbe
ffbe
ffbe
ffbe
ffbd
ffbd
ffbd
ffbc
ffbc
ffbd
ffbe
ffbf
ffc0
ffc1
ffc2
ffc2
ffc2
ffc2
ffc2
ffc2
ffc2
ffc1
ffc1
ffc1
ffc1
ffc1
ffc1
ffc1
ffc1
ffc0
ffc0
ffc0
ffc0
ffc0
ffc0
ffc0
ffc0
ffc0
ffc0
ffc0
ffc0
ffc0
ffc0
ffc0
ffbf
ffbf
ffbf
ffbf
ffbf
ffc0
ffc1
ffc2
ffc3
ffc4
ffc5
ffc5
ffc5
ffc5
ffc6
ffc7
ffc8
ffc9
ffca
ffcb
ffcc
ffcd
ffce
ffcf
ffd0
ffd1
ffd2
ffd4
ffd6
ffd8
ffda
ffdc
ffde
ffe0
ffe2
ffe4
ffe7
ffea
ffed
fff0
fff3
fff7
fffb
ffff
0003
0007
000b
000f
0012
0016
0019
001c
001f
0021
0023
0025
0027
002a
002c
002d
002e
002f
0031
0032
0033
0035
0036
0036
0036
0036
0037
0037
0038
0038
0038
0038
0039
0039
0039
003a
003a
003a
003a
003b
003c
003c
003c
003c
003c
003d
003e
003e
003e
003e
003f
003f
0040
0040
0040
0041
0041
0042
0042
0042
0043
0043
0043
0044
0045
0045
0044
0044
0043
0042
0042
0043
0043
0043
0044
0044
0044
0043
0043
0043
0043
0044
0045
0045
0044
0044
0043
0043
0044
0044
0043
0043
0044
0044
0043
0043
0043
0044
0044
0044
0044
0043
0042
0042
0043
0043
0043
0044
0044
0044
0044
0043
0043
0043
0044
0044
0044
0044
0043
0042
0042
0043
0043
0044
0044
0044
0044
0043
0042
0042
0043
0043
0044
0044
0044
0044
0043
0043
0043
0043
0044
0045
0046
0046
0046
0045
0045
0044
0044
0043
0043
0044
0044
0044
0043
0043
0043
0044
0045
0045
0045
0044
0044
0044
0043
0043
0043
0044
0044
0044
0044
0043
0043
0043
0044
0044
0044
0043
0043
0044
0044
0044
0043
0043
0043
0044
0045
0045
0045
0044
0044
0043
0043
0043
0044
0045
0045
0044
0044
0044
0043
0043
0044
0044
0043
0043
0044
0044
0043
0043
0044
0044
0044
0043
0043
0043
0044
0044
0043
0043
0044
0044
0044
0043
0043
0044
0044
0043
0042
0042
0043
0043
0044
0044
0043
0043
0044
0044
0043
0043
0043
0044
0044
0044
0043
0042
0042
0042
0043
0043
0044
0044
0044
0043
0042
0042
0042
0042
0043
0043
0044
0044
0044
0043
0042
0041
0041
0041
0042
0042
0043
0043
0043
0043
0044
0044
0043
0043
0043
0043
0044
0044
0044
0043
0042
0041
0041
0041
0041
0041
0041
0042
0043
0043
0043
0043
0043
0043
0044
0044
0043
0043
0043
0043
0043
0043
0043
0044
0044
0043
0042
0042
0042
0042
0042
0042
0043
0043
0043
0043
0043
0043
0043
0043
0044
0044
0043
0042
0041
0040
003f
003f
003f
003f
003f
003f
003f
003f
003f
003f
003f
003f
003f
003f
003f
003f
003f
003f
0040
0040
0040
0040
0040
003f
003e
003d
003c
003b
003a
003a
003a
003a
003a
0039
0038
0037
0036
0035
0034
0033
0032
0030
002e
002c
002a
0028
0026
0024
0022
0020
001e
001c
001a
0018
0015
0012
000f
000c
0008
0004
0000
fffc
fff8
fff4
fff0
ffec
ffe9
ffe6
ffe3
ffe0
ffde
ffdc
ffda
ffd8
ffd5
ffd3
ffd2
ffd1
ffcf
ffce
ffcd
ffcc
ffca
ffc9
ffc9
ffc8
ffc8
ffc8
ffc8
ffc8
ffc7
ffc7
ffc7
ffc6
ffc6
ffc5
ffc5
ffc5
ffc5
ffc4
ffc4
ffc4
ffc3
ffc3
ffc2
ffc2
ffc2
ffc2
ffc1
ffc1
ffc0
ffc0
ffc0
ffbf
ffbf
ffbf
ffbe
ffbe
ffbd
ffbd
ffbc
ffbc
ffbd
ffbd
ffbd
ffbc
ffbc
ffbd
ffbd
ffbd
ffbc
ffbc
ffbc
ffbd
ffbd
ffbd
ffbd
ffbc
ffbc
ffbc
ffbd
ffbd
ffbd
ffbc
ffbc
ffbc
ffbd
ffbe
ffbe
ffbd
ffbd
ffbc
ffbc
ffbd
ffbd
ffbc
ffbc
ffbd
ffbd
ffbc
ffbc
ffbc
ffbd
ffbd
ffbd
ffbd
ffbc
ffbb
ffbb
ffbb
ffbb
ffbc
ffbd
ffbd
ffbd
ffbc
ffbb
ffbb
ffbb
ffbc
ffbc
ffbd
ffbd
ffbd
ffbc
ffbb
ffbb
ffbb
ffbc
ffbc
ffbd
ffbd
ffbd
ffbc
ffbb
ffbb
ffbc
ffbc
ffbc
ffbd
ffbd
ffbc
ffbc
ffbc
ffbd
ffbd
ffbc
ffbc
ffbd
ffbd
ffbc
ffbc
ffbc
ffbd
ffbd
ffbd
ffbc
ffbb
ffbb
ffbb
ffbb
ffbc
ffbd
ffbd
ffbc
ffbc
ffbc
ffbc
ffbd
ffbd
ffbd
ffbc
ffbc
ffbc
ffbd
ffbd
ffbd
ffbc
ffbb
ffba
ffba
ffbb
ffbb
ffbb
ffbc
ffbd
ffbd
ffbc
ffbc
ffbc
ffbc
ffbd
ffbd
ffbd
ffbd
ffbc
ffbb
ffbb
ffbb
ffbc
ffbc
ffbc
ffbd
ffbd
ffbd
ffbc
ffbc
ffbd
ffbd
ffbc
ffbc
ffbc
ffbd
ffbd
ffbc
ffbc
ffbd
ffbd
ffbd
ffbc
ffbc
ffbc
ffbc
ffbd
ffbe
ffbe
ffbd
ffbd
ffbd
ffbc
ffbc
ffbc
ffbd
ffbd
ffbd
ffbc
ffbc
ffbc
ffbd
ffbe
ffbe
ffbd
ffbd
ffbd
ffbc
ffbc
ffbc
ffbd
ffbe
ffbe
ffbd
ffbd
ffbd
ffbd
ffbc
ffbb
ffbb
ffbc
ffbc
ffbd
ffbe
ffbe
ffbe
ffbd
ffbd
ffbd
ffbc
ffbc
ffbd
ffbd
ffbd
ffbc
ffbc
ffbd
ffbd
ffbd
ffbd
ffbd
ffbc
ffbc
ffbc
ffbd
ffbe
ffbe
ffbe
ffbe
ffbe
ffbd
ffbd
ffbd
ffbd
ffbc
ffbc
ffbc
ffbd
ffbe
ffbf
ffc0
ffc1
ffc1
ffc1
ffc0
ffc0
ffc0
ffc0
ffc0
ffc0
ffc0
ffbf
ffbf
ffbf
ffbe
ffbe
ffbe
ffbe
ffbe
ffbe
ffbe
ffbd
ffbd
ffbd
ffbd
ffbd
ffbc
ffbc
ffbd
ffbe
ffbf
ffc0
ffc1
ffc2
ffc3
ffc4
ffc4
ffc4
ffc4
ffc4
ffc4
ffc4
ffc4
ffc4
ffc4
ffc4
ffc4
ffc4
ffc4
ffc4
ffc3
ffc3
ffc3
ffc3
ffc3
ffc4
ffc5
ffc6
ffc7
ffc8
ffc9
ffc9
ffc9
ffc9
ffca
ffcb
ffcc
ffcd
ffce
ffcf
ffd0
ffd1
ffd2
ffd3
ffd4
ffd5
ffd6
ffd7
ffd9
ffdb
ffdd
ffdf
ffe1
ffe3
ffe5
ffe8
ffeb
ffee
fff1
fff4
fff7
fffa
fffd
0001
0005
0009
000d
0011
0015
0018
001b
001d
001f
0022
0024
0026
0028
002b
002d
002e
002f
0030
0032
0033
0034
0035
0037
0038
0038
0039
0039
0039
0039
003a
003a
003a
003b
003b
003b
003c
003c
003c
003c
003d
003d
003e
003e
003e
003e
003f
003f
0040
0040
0041
0041
0041
0041
0042
0042
0043
0043
0043
0044
0044
0044
0043
0043
0043
0043
0044
0044
0044
0043
0042
0042
0042
0043
0043
0044
0044
0044
0043
0042
0042
0042
0043
0044
0044
0043
0043
0043
0044
0044
0044
0043
0043
0043
0044
0044
0044
0043
0043
0043
0044
0044
0044
0043
0043
0043
0044
0045
0045
0044
0044
0044
0043
0043
0043
0044
0044
0044
0043
0043
0043
0044
0045
0045
0044
0044
0044
0043
0043
0043
0044
0045
0045
0045
0044
0044
0043
0043
0043
0044
0045
0045
0045
0044
0044
0043
0043
0044
0044
0044
0043
0043
0043
0044
0045
0045
0045
0044
0044
0044
0043
0043
0043
0044
0044
0044
0043
0043
0044
0044
0044
0043
0043
0044
0044
0044
0043
0043
0043
0044
0045
0045
0044
0044
0044
0043
0043
0044
0044
0043
0043
0044
0044
0044
0043
0043
0044
0044
0043
0043
0044
0044
0044
0043
0043
0043
0044
0044
0044
0043
0043
0044
0044
0043
0043
0044
0044
0043
0043
0044
0044
0044
0043
0043
0043
0043
0044
0045
0045
0044
0044
0044
0043
0042
0042
0043
0043
0043
0044
0044
0044
0043
0043
0043
0043
0044
0044
0044
0044
0043
0042
0041
0041
0041
0042
0042
0043
0043
0043
0044
0044
0044
0043
0042
0042
0042
0043
0043
0043
0044
0044
0043
0043
0043
0043
0044
0044
0043
0043
0043
0043
0044
0044
0043
0043
0043
0043
0043
0044
0044
0043
0043
0043
0043
0044
0044
0043
0042
0041
0041
0041
0041
0041
0042
0042
0042
0042
0043
0043
0043
0043
0043
0043
0044
0044
0043
0042
0042
0042
0042
0042
0042
0042
0042
0042
0043
0043
0043
0043
0043
0043
0043
0043
0044
0044
0043
0042
0041
0040
003f
003e
003d
003c
003b
003a
0039
0038
0037
0036
0036
0036
0036
0036
0036
0035
0034
0033
0032
0031
0031
0031
0031
0030
002f
002e
002d
002c
002b
002a
0029
0028
0027
0026
0025
0024
0022
0020
001e
001c
001a
0018
0016
0014
0011
000e
000b
0008
0005
0002
ffff
fffb
fff7
fff3
ffef
ffec
ffe9
ffe5
ffe2
ffe0
ffde
ffdc
ffd9
ffd7
ffd6
ffd5
ffd3
ffd2
ffd1
ffd0
ffce
ffcd
ffcc
ffcb
ffc9
ffc8
ffc8
ffc8
ffc7
ffc7
ffc7
ffc7
ffc6
ffc6
ffc5
ffc5
ffc5
ffc5
ffc5
ffc4
ffc3
ffc3
ffc3
ffc3
ffc2
ffc2
ffc2
ffc1
ffc1
ffc1
ffc0
ffc0
ffc0
ffbf
ffbf
ffbe
ffbe
ffbd
ffbd
ffbd
ffbd
ffbc
ffbc
ffbc
ffbd
ffbd
ffbd
ffbc
ffbc
ffbd
ffbd
ffbd
ffbc
ffbc
ffbd
ffbd
ffbd
ffbc
ffbc
ffbc
ffbc
ffbd
ffbe
ffbf
ffbf
ffbe
ffbe
ffbe
ffbd
ffbc
ffbc
ffbd
ffbd
ffbd
ffbc
ffbb
ffbb
ffbc
ffbc
ffbc
ffbd
ffbe
ffbe
ffbe
ffbd
ffbc
ffbc
ffbc
ffbd
ffbe
ffbe
ffbd
ffbd
ffbc
ffbc
ffbc
ffbd
ffbd
ffbc
ffbc
ffbd
ffbd
ffbc
ffbc
ffbc
ffbd
ffbd
ffbd
ffbc
ffbb
ffbb
ffbc
ffbc
ffbc
ffbd
ffbd
ffbc
ffbc
ffbd
ffbd
ffbc
ffbc
ffbc
ffbd
ffbd
ffbc
ffbc
ffbc
ffbd
ffbd
ffbd
ffbc
ffbb
ffbb
ffbb
ffbc
ffbc
ffbd
ffbd
ffbd
ffbc
ffbb
ffbb
ffbb
ffbc
ffbc
ffbc
ffbd
ffbd
ffbd
ffbc
ffbb
ffbb
ffbb
ffbc
ffbd
ffbd
ffbc
ffbb
ffbb
ffbb
ffbc
ffbd
ffbd
ffbc
ffbb
ffbb
ffbc
ffbc
ffbc
ffbd
ffbd
ffbd
ffbc
ffbc
ffbc
ffbc
ffbd
ffbd
ffbd
ffbc
ffbc
ffbc
ffbd
ffbd
ffbd
ffbc
ffbb
ffbb
ffbc
ffbc
ffbc
ffbd
ffbd
ffbd
ffbc
ffbc
ffbc
ffbd
ffbd
ffbd
ffbc
ffbc
ffbc
ffbd
ffbd
ffbd
ffbc
ffbc
ffbc
ffbd
ffbd
ffbd
ffbc
ffbc
ffbc
ffbd
ffbd
ffbd
ffbd
ffbc
ffbc
ffbc
ffbd
ffbd
ffbd
ffbc
ffbc
ffbc
ffbd
ffbe
ffbe
ffbe
ffbd
ffbd
ffbc
ffbc
ffbd
ffbd
ffbd
ffbc
ffbc
ffbd
ffbd
ffbd
ffbc
ffbc
ffbd
ffbe
ffbe
ffbe
ffbd
ffbd
ffbc
ffbc
ffbd
ffbe
ffbe
ffbe
ffbd
ffbd
ffbd
ffbd
ffbc
ffbc
ffbd
ffbd
ffbd
ffbd
ffbc
ffbc
ffbd
ffbd
ffbd
ffbd
ffbd
ffbc
ffbc
ffbd
ffbe
ffbf
ffbf
ffbf
ffbf
ffbe
ffbe
ffbe
ffbe
ffbe
ffbd
ffbd
ffbd
ffbd
ffbd
ffbc
ffbc
ffbd
ffbe
ffbf
ffc0
ffc0
ffc0
ffc0
ffc0
ffc0
ffc0
ffbf
ffbf
ffbf
ffbf
ffbf
ffbf
ffbf
ffbf
ffbe
ffbe
ffbe
ffbe
ffbe
ffbe
ffbe
ffbe
ffbe
ffbe
ffbe
ffbe
ffbe
ffbe
ffbe
ffbe
ffbd
ffbd
ffbd
ffbd
ffbe
ffbf
ffc0
ffc1
ffc2
ffc3
ffc3
ffc3
ffc3
ffc3
ffc4
ffc5
ffc6
ffc7
ffc8
ffc9
ffca
ffcb
ffcc
ffcd
ffce
ffcf
ffd1
ffd3
ffd5
ffd7
ffd9
ffdb
ffdd
ffdf
ffe1
ffe4
ffe7
ffea
ffed
fff0
fff3
fff6
fffa
fffe
0002
0006
000a
000f
0013
0016
0019
001c
001f
0021
0023
0025
0027
002a
002c
002d
002e
0030
0031
0032
0033
0035
0036
0036
0037
0037
0037
0037
0038
0038
0038
0038
0039
0039
0039
003a
003a
003b
003b
003b
003b
003c
003c
003c
003d
003d
003e
003e
003e
003f
003f
003f
0040
0040
0041
0041
0041
0042
0042
0043
0043
0043
0044
0044
0044
0043
0042
0042
0042
0043
0043
0044
0044
0044
0043
0042
0042
0043
0043
0043
0044
0044
0044
0043
0043
0043
0044
0044
0043
0043
0044
0044
0044
0043
0043
0043
0044
0044
0043
0043
0044
0044
0044
0043
0043
0043
0044
0044
0044
0043
0043
0044
0044
0043
0043
0044
0044
0044
0043
0043
0043
0044
0045
0045
0044
0044
0044
0043
0043
0044
0044
0043
0043
0044
0044
0044
0043
0043
0044
0044
0043
0043
0044
0044
0044
0044
0043
0042
0042
0043
0043
0044
0045
0045
0044
0044
0044
0043
0043
0044
0044
0044
0043
0043
0043
0044
0045
0045
0044
0044
0044
0043
0043
0044
0044
0044
0043
0043
0043
0044
0045
0045
0045
0044
0044
0043
0043
0043
0044
0044
0044
0044
0043
0043
0043
0044
0044
0044
0044
0043
0042
0042
0043
0043
0044
0044
0044
0043
0043
0043
0044
0044
0044
0044
0043
0042
0042
0043
0043
0043
0044
0045
0045
0044
0044
0043
0043
0044
0044
0043
0043
0043
0044
0044
0044
0043
0043
0043
0044
0044
0043
0043
0044
0044
0043
0043
0043
0043
0044
0045
0045
0044
0044
0043
0042
0042
0042
0043
0043
0043
0044
0045
0045
0044
0043
0043
0043
0044
0044
0043
0042
0042
0042
0043
0043
0043
0044
0044
0043
0043
0043
0043
0043
0044
0044
0044
0043
0042
0041
0040
0040
0040
0041
0041
0041
0041
0041
0041
0042
0042
0043
0043
0043
0043
0043
0043
0044
0044
0043
0042
0041
0041
0041
0041
0041
0042
0042
0042
0042
0042
0042
0042
0042
0042
0043
0043
0043
0043
0043
0043
0044
0044
0043
0042
0041
0040
003f
003e
003d
003c
003b
003a
0039
0038
0037
0036
0035
0034
0034
0034
0034
0034
0033
0032
0031
0030
002f
002f
002f
002f
002e
002d
002c
002b
002a
0029
0028
0027
0026
0025
0024
0023
0022
0020
001e
001c
001a
0018
0016
0014
0012
0010
000d
000a
0007
0004
0001
fffe
fffa
fff6
fff2
ffef
ffec
ffe9
ffe5
ffe2
ffe0
ffde
ffdc
ffd9
ffd7
ffd6
ffd5
ffd3
ffd2
ffd1
ffd0
ffcf
ffcd
ffcc
ffcb
ffca
ffc9
ffc9
ffc8
ffc8
ffc8
ffc8
ffc8
ffc8
ffc7
ffc7
ffc6
ffc6
ffc6
ffc5
ffc5
ffc5
ffc4
ffc4
ffc4
ffc3
ffc3
ffc3
ffc3
ffc2
ffc2
ffc1
ffc1
ffc0
ffc0
ffc0
ffc0
ffbf
ffbe
ffbe
ffbe
ffbe
ffbd
ffbd
ffbc
ffbc
ffbd
ffbd
ffbc
ffbc
ffbd
ffbd
ffbd
ffbd
ffbc
ffbb
ffbb
ffbc
ffbc
ffbd
ffbe
ffbe
ffbd
ffbd
ffbd
ffbc
ffbb
ffbb
ffbc
ffbc
ffbd
ffbd
ffbd
ffbc
ffbc
ffbc
ffbd
ffbd
ffbc
ffbc
ffbd
ffbd
ffbd
ffbc
ffbc
ffbc
ffbd
ffbd
ffbc
ffbc
ffbd
ffbd
ffbc
ffbc
ffbc
ffbd
ffbe
ffbe
ffbd
ffbd
ffbc
ffbb
ffbb
ffbc
ffbc
ffbc
ffbd
ffbd
ffbd
ffbc
ffbc
ffbc
ffbc
ffbd
ffbe
ffbe
ffbd
ffbd
ffbc
ffbc
ffbc
ffbc
ffbd
ffbd
ffbd
ffbc
ffbc
ffbc
ffbd
ffbd
ffbc
ffbc
ffbc
ffbc
ffbd
ffbe
ffbe
ffbd
ffbd
ffbc
ffbc
ffbc
ffbc
ffbd
ffbd
ffbd
ffbc
ffbc
ffbc
ffbc
ffbd
ffbd
ffbd
ffbc
ffbc
ffbc
ffbc
ffbd
ffbd
ffbd
ffbc
ffbc
ffbc
ffbc
ffbd
ffbd
ffbd
ffbc
ffbc
ffbc
ffbc
ffbd
ffbe
ffbe
ffbd
ffbd
ffbc
ffbb
ffbb
ffbc
ffbc
ffbc
ffbd
ffbd
ffbd
ffbc
ffbc
ffbc
ffbd
ffbd
ffbc
ffbc
ffbd
ffbd
ffbd
ffbc
ffbb
ffbb
ffbb
ffbc
ffbd
ffbd
ffbc
ffbc
ffbc
ffbd
ffbd
ffbd
ffbc
ffbc
ffbc
ffbd
ffbd
ffbd
ffbd
ffbc
ffbb
ffbb
ffbc
ffbc
ffbd
ffbd
ffbd
ffbc
ffbc
ffbc
ffbd
ffbd
ffbd
ffbd
ffbc
ffbc
ffbc
ffbd
ffbd
ffbd
ffbc
ffbc
ffbd
ffbd
ffbd
ffbd
ffbc
ffbc
ffbc
ffbd
ffbe
ffbe
ffbe
ffbd
ffbd
ffbd
ffbd
ffbc
ffbb
ffbb
ffbc
ffbd
ffbd
ffbd
ffbd
ffbc
ffbc
ffbd
ffbd
ffbd
ffbd
ffbc
ffbc
ffbd
ffbd
ffbd
ffbd
ffbd
ffbc
ffbc
ffbd
ffbd
ffbd
ffbd
ffbd
ffbd
ffbc
ffbc
ffbd
ffbd
ffbd
ffbd
ffbd
ffbd
ffbd
ffbc
ffbc
ffbd
ffbe
ffbe
ffbe
ffbe
ffbe
ffbe
ffbe
ffbd
ffbd
ffbd
ffbd
ffbd
ffbd
ffbc
ffbc
ffbd
ffbe
ffbf
ffc0
ffc1
ffc2
ffc3
ffc4
ffc4
ffc4
ffc4
ffc4
ffc4
ffc4
ffc4
ffc4
ffc4
ffc4
ffc4
ffc4
ffc3
ffc3
ffc3
ffc3
ffc4
ffc5
ffc6
ffc7
ffc8
ffc8
ffc8
ffc8
ffc8
ffc9
ffca
ffcb
ffcc
ffcd
ffce
ffcf
ffd0
ffd1
ffd2
ffd3
ffd4
ffd5
ffd6
ffd7
ffd8
ffd9
ffdb
ffdd
ffdf
ffe1
ffe3
ffe5
ffe8
ffeb
ffee
fff1
fff4
fff7
fffa
fffd
0000
0004
0008
000c
0010
0014
0017
001a
001d
001f
0021
0024
0026
0028
002a
002c
002d
002e
002f
0031
0032
0033
0034
0036
0037
0037
0037
0038
0038
0038
0039
0039
0039
0039
003a
003a
003a
003b
003b
003b
003c
003c
003c
003d
003d
003e
003e
003e
003e
003f
003f
003f
0040
0040
0041
0041
0042
0042
0042
0043
0043
0043
0044
0044
0044
0043
0043
0043
0043
0044
0044
0044
0043
0043
0043
0043
0044
0044
0044
0043
0043
0043
0044
0044
0044
0043
0042
0042
0043
0043
0044
0044
0043
0043
0044
0044
0043
0043
0044
0044
0043
0043
0044
0044
0043
0043
0044
0044
0044
0043
0043
0043
0044
0044
0044
0043
0043
0044
0044
0044
0043
0043
0043
0044
0044
0044
0043
0043
0043
0044
0045
0045
0045
0045
0044
0043
0043
0044
0044
0044
0043
0043
0044
0044
0043
0043
0044
0044
0044
0044
0043
0042
0042
0043
0043
0044
0045
0045
0044
0044
0044
0044
0043
0042
0042
0043
0043
0044
0044
0044
0044
0043
0043
0043
0044
0044
0044
0043
0043
0044
0044
0044
0043
0043
0044
0044
0043
0043
0044
0044
0044
0043
0043
0044
0044
0044
0043
0042
0042
0043
0044
0044
0043
0043
0043
0044
0045
0045
0045
0044
0044
0043
0043
0043
0044
0044
0044
0043
0043
0043
0044
0044
0044
0043
0043
0044
0044
0043
0043
0043
0044
0044
0044
0043
0043
0043
0043
0044
0045
0045
0045
0044
0043
0043
0043
0044
0044
0044
0043
0043
0043
0043
0044
0044
0043
0043
0044
0044
0043
0042
0042
0043
0043
0043
0043
0044
0044
0044
0043
0042
0042
0042
0043
0043
0043
0044
0044
0043
0042
0042
0042
0043
0043
0043
0043
0044
0044
0043
0043
0043
0043
0043
0044
0044
0044
0043
0042
0041
0040
003f
003f
003f
003f
0040
0040
0040
0040
0040
0041
0041
0041
0041
0041
0042
0042
0042
0042
0042
0043
0043
0043
0043
0043
0043
0043
0044
0044
0043
0042
0041
0040
003f
003e
003d
003d
003d
003d
003d
003d
003d
003d
003d
003d
003d
003d
003d
003d
003d
003e
003e
003e
003e
003e
003d
003c
003b
003a
0039
0038
0038
0038
0038
0038
0037
0036
0035
0034
0033
0032
0031
0030
002f
002e
002d
002c
002a
0028
0026
0024
0022
0020
001e
001c
0019
0016
0013
0010
000d
000a
0007
0004
0000
fffc
fff8
fff4
fff0
ffed
ffe9
ffe6
ffe3
ffe0
ffde
ffdc
ffda
ffd8
ffd6
ffd4
ffd3
ffd2
ffd1
ffcf
ffce
ffcd
ffcc
ffca
ffc9
ffc9
ffc8
ffc8
ffc8
ffc8
ffc7
ffc7
ffc7
ffc7
ffc6
ffc6
ffc5
ffc5
ffc5
ffc5
ffc4
ffc4
ffc3
ffc3
ffc3
ffc3
ffc2
ffc2
ffc1
ffc1
ffc1
ffc0
ffc0
ffbf
ffbf
ffbf
ffbe
ffbe
ffbe
ffbd
ffbd
ffbc
ffbc
ffbd
ffbd
ffbd
ffbc
ffbc
ffbd
ffbd
ffbc
ffbc
ffbd
ffbd
ffbd
ffbc
ffbc
ffbd
ffbd
ffbd
ffbc
ffbb
ffbb
ffbc
ffbc
ffbd
ffbd
ffbd
ffbc
ffbc
ffbc
ffbd
ffbe
ffbe
ffbd
ffbd
ffbc
ffbc
ffbc
ffbd
ffbd
ffbd
ffbc
ffbc
ffbc
ffbd
ffbd
ffbd
ffbc
ffbc
ffbc
ffbc
ffbd
ffbe
ffbe
ffbd
ffbd
ffbc
ffbc
ffbc
ffbd
ffbd
ffbc
ffbc
ffbd
ffbd
ffbc
ffbc
ffbc
ffbd
ffbd
ffbc
ffbc
ffbd
ffbd
ffbc
ffbc
ffbc
ffbd
ffbd
ffbc
ffbc
ffbc
ffbd
ffbd
ffbd
ffbc
ffbb
ffbb
ffbb
ffbc
ffbc
ffbd
ffbd
ffbc
ffbc
ffbd
ffbd
ffbc
ffbb
ffbb
ffbb
ffbc
ffbd
ffbd
ffbc
ffbb
ffbb
ffbc
ffbc
ffbc
ffbd
ffbd
ffbc
ffbc
ffbc
ffbd
ffbd
ffbd
ffbc
ffbc
ffbc
ffbd
ffbd
ffbc
ffbc
ffbc
ffbd
ffbd
ffbc
ffbc
ffbc
ffbd
ffbd
ffbd
ffbc
ffbc
ffbc
ffbd
ffbd
ffbc
ffbc
ffbd
ffbd
ffbc
ffbc
ffbc
ffbd
ffbd
ffbd
ffbc
ffbb
ffbb
ffbc
ffbc
ffbc
ffbd
ffbe
ffbe
ffbd
ffbd
ffbd
ffbc
ffbb
ffbb
ffbb
ffbc
ffbd
ffbd
ffbd
ffbc
ffbb
ffbb
ffbc
ffbc
ffbd
ffbd
ffbd
ffbc
ffbc
ffbc
ffbd
ffbd
ffbd
ffbd
ffbc
ffbc
ffbc
ffbd
ffbd
ffbd
ffbc
ffbc
ffbd
ffbd
ffbd
ffbc
ffbc
ffbd
ffbd
ffbd
ffbd
ffbc
ffbc
ffbc
ffbd
ffbd
ffbd
ffbd
ffbc
ffbc
ffbd
ffbe
ffbe
ffbe
ffbd
ffbd
ffbd
ffbc
ffbc
ffbd
ffbd
ffbd
ffbd
ffbc
ffbc
ffbd
ffbe
ffbe
ffbe
ffbe
ffbd
ffbd
ffbd
ffbc
ffbc
ffbd
ffbe
ffbf
ffbf
ffbf
ffbf
ffbf
ffbe
ffbe
ffbe
ffbe
ffbe
ffbd
ffbd
ffbd
ffbc
ffbc
ffbd
ffbe
ffbf
ffc0
ffc1
ffc2
ffc2
ffc2
ffc2
ffc2
ffc2
ffc2
ffc1
ffc1
ffc1
ffc1
ffc1
ffc1
ffc1
ffc1
ffc0
ffc0
ffc0
ffc0
ffc0
ffc0
ffc0
ffc0
ffc0
ffc0
ffc0
ffc0
ffc0
ffc0
ffc0
ffbf
ffbf
ffbf
ffbf
ffbf
ffc0
ffc1
ffc2
ffc3
ffc4
ffc5
ffc5
ffc5
ffc5
ffc6
ffc7
ffc8
ffc9
ffca
ffcb
ffcc
ffcd
ffce
ffcf
ffd0
ffd1
ffd2
ffd4
ffd6
ffd8
ffda
ffdc
ffde
ffe0
ffe2
ffe4
ffe7
ffea
ffed
fff0
fff3
fff7
fffb
ffff
0003
0007
000b
000f
0012
0016
0019
001c
001f
0021
0023
0025
0027
002a
002c
002d
002e
002f
0031
0032
0033
0035
0036
0036
0036
0036
0037
0037
0038
0038
0038
0038
0039
0039
0039
003a
003a
003a
003a
003b
003c
003c
003c
003c
003c
003d
003e
003e
003e
003e
003f
003f
0040
0040
0040
0041
0041
0042
0042
0042
0043
0043
0043
0044
0045
0045
0044
0044
0043
0042
0042
0043
0043
0043
0044
0044
0044
0043
0043
0043
0043
0044
0045
0045
0044
0044
0043
0043
0044
0044
0043
0043
0044
0044
0043
0043
0043
0044
0044
0044
0044
0043
0042
0042
0043
0043
0043
0044
0044
0044
0044
0043
0043
0043
0044
0044
0044
0044
0043
0042
0042
0043
0043
0044
0044
0044
0044
0043
0042
0042
0043
0043
0044
0044
0044
0044
0043
0043
0043
0043
0044
0045
0046
0046
0046
0045
0045
0044
0044
0043
0043
0044
0044
0044
0043
0043
0043
0044
0045
0045
0045
0044
0044
0044
0043
0043
0043
0044
0044
0044
0044
0043
0043
0043
0044
0044
0044
0043
0043
0044
0044
0044
0043
0043
0043
0044
0045
0045
0045
0044
0044
0043
0043
0043
0044
0045
0045
0044
0044
0044
0043
0043
0044
0044
0043
0043
0044
0044
0043
0043
0044
0044
0044
0043
0043
0043
0044
0044
0043
0043
0044
0044
0044
0043
0043
0044
0044
0043
0042
0042
0043
0043
0044
0044
0043
0043
0044
0044
0043
0043
0043
0044
0044
0044
0043
0042
0042
0042
0043
0043
0044
0044
0044
0043
0042
0042
0042
0042
0043
0043
0044
0044
0044
0043
0042
0041
0041
0041
0042
0042
0043
0043
0043
0043
0044
0044
0043
0043
0043
0043
0044
0044
0044
0043
0042
0041
0041
0041
0041
0041
0041
0042
0043
0043
0043
0043
0043
0043
0044
0044
0043
0043
0043
0043
0043
0043
0043
0044
0044
0043
0042
0042
0042
0042
0042
0042
0043
0043
0043
0043
0043
0043
0043
0043
0044
0044
0043
0042
0041
0040
003f
003f
003f
003f
003f
003f
003f
003f
003f
003f
003f
003f
003f
003f
003f
003f
003f
003f
0040
0040
0040
0040
0040
003f
003e
003d
003c
003b
003a
003a
003a
003a
003a
0039
0038
0037
0036
0035
0034
0033
0032
0030
002e
002c
002a
0028
0026
0024
0022
0020
001e
001c
001a
0018
0015
0012
000f
000c
0008
0004
0000
fffc
fff8
fff4
fff0
ffec
ffe9
ffe6
ffe3
ffe0
ffde
ffdc
ffda
ffd8
ffd5
ffd3
ffd2
ffd1
ffcf
ffce
ffcd
ffcc
ffca
ffc9
ffc9
ffc8
ffc8
ffc8
ffc8
ffc8
ffc7
ffc7
ffc7
ffc6
ffc6
ffc5
ffc5
ffc5
ffc5
ffc4
ffc4
ffc4
ffc3
ffc3
ffc2
ffc2
ffc2
ffc2
ffc1
ffc1
ffc0
ffc0
ffc0
ffbf
ffbf
ffbf
ffbe
ffbe
ffbd
ffbd
ffbc
ffbc
ffbd
ffbd
ffbd
ffbc
ffbc
ffbd
ffbd
ffbd
ffbc
ffbc
ffbc
ffbd
ffbd
ffbd
ffbd
ffbc
ffbc
ffbc
ffbd
ffbd
ffbd
ffbc
ffbc
ffbc
ffbd
ffbe
ffbe
ffbd
ffbd
ffbc
ffbc
ffbd
ffbd
ffbc
ffbc
ffbd
ffbd
ffbc
ffbc
ffbc
ffbd
ffbd
ffbd
ffbd
ffbc
ffbb
ffbb
ffbb
ffbb
ffbc
ffbd
ffbd
ffbd
ffbc
ffbb
ffbb
ffbb
ffbc
ffbc
ffbd
ffbd
ffbd
ffbc
ffbb
ffbb
ffbb
ffbc
ffbc
ffbd
ffbd
ffbd
ffbc
ffbb
ffbb
ffbc
ffbc
ffbc
ffbd
ffbd
ffbc
ffbc
ffbc
ffbd
ffbd
ffbc
ffbc
ffbd
ffbd
ffbc
ffbc
ffbc
ffbd
ffbd
ffbd
ffbc
ffbb
ffbb
ffbb
ffbb
ffbc
ffbd
ffbd
ffbc
ffbc
ffbc
ffbc
ffbd
ffbd
ffbd
ffbc
ffbc
ffbc
ffbd
ffbd
ffbd
ffbc
ffbb
ffba
ffba
ffbb
ffbb
ffbb
ffbc
ffbd
ffbd
ffbc
ffbc
ffbc
ffbc
ffbd
ffbd
ffbd
ffbd
ffbc
ffbb
ffbb
ffbb
ffbc
ffbc
ffbc
ffbd
ffbd
ffbd
ffbc
ffbc
ffbd
ffbd
ffbc
ffbc
ffbc
ffbd
ffbd
ffbc
ffbc
ffbd
ffbd
ffbd
ffbc
ffbc
ffbc
ffbc
ffbd
ffbe
ffbe
ffbd
ffbd
ffbd
ffbc
ffbc
ffbc
ffbd
ffbd
ffbd
ffbc
ffbc
ffbc
ffbd
ffbe
ffbe
ffbd
ffbd
ffbd
ffbc
ffbc
ffbc
ffbd
ffbe
ffbe
ffbd
ffbd
ffbd
ffbd
ffbc
ffbb
ffbb
ffbc
ffbc
ffbd
ffbe
ffbe
ffbe
ffbd
ffbd
ffbd
ffbc
ffbc
ffbd
ffbd
ffbd
ffbc
ffbc
ffbd
ffbd
ffbd
ffbd
ffbd
ffbc
ffbc
ffbc
ffbd
ffbe
ffbe
ffbe
ffbe
ffbe
ffbd
ffbd
ffbd
ffbd
ffbc
ffbc
ffbc
ffbd
ffbe
ffbf
ffc0
ffc1
ffc1
ffc1
ffc0
ffc0
ffc0
ffc0
ffc0
ffc0
ffc0
ffbf
ffbf
ffbf
ffbe
ffbe
ffbe
ffbe
ffbe
ffbe
ffbe
ffbd
ffbd
ffbd
ffbd
ffbd
ffbc
ffbc
ffbd
ffbe
ffbf
ffc0
ffc1
ffc2
ffc3
ffc4
ffc4
ffc4
ffc4
ffc4
ffc4
ffc4
ffc4
ffc4
ffc4
ffc4
ffc4
ffc4
ffc4
ffc4
ffc3
ffc3
ffc3
ffc3
ffc3
ffc4
ffc5
ffc6
ffc7
ffc8
ffc9
ffc9
ffc9
ffc9
ffca
ffcb
ffcc
ffcd
ffce
ffcf
ffd0
ffd1
ffd2
ffd3
ffd4
ffd5
ffd6
ffd7
ffd9
ffdb
ffdd
ffdf
ffe1
ffe3
ffe5
ffe8
ffeb
ffee
fff1
fff4
fff7
fffa
fffd
0001
0005
0009
000d
0011
0015
0018
001b
001d
001f
0022
0024
0026
0028
002b
002d
002e
002f
0030
0032
0033
0034
0035
0037
0038
0038
0039
0039
0039
0039
003a
003a
003a
003b
003b
003b
003c
003c
003c
003c
003d
003d
003e
003e
003e
003e
003f
003f
0040
0040
0041
0041
0041
0041
0042
0042
0043
0043
0043
0044
0044
0044
0043
0043
0043
0043
0044
0044
0044
0043
0042
0042
0042
0043
0043
0044
0044
0044
0043
0042
0042
0042
0043
0044
0044
0043
0043
0043
0044
0044
0044
0043
0043
0043
0044
0044
0044
0043
0043
0043
0044
0044
0044
0043
0043
0043
0044
0045
0045
0044
0044
0044
0043
0043
0043
0044
0044
0044
0043
0043
0043
0044
0045
0045
0044
0044
0044
0043
0043
0043
0044
0045
0045
0045
0044
0044
0043
0043
0043
0044
0045
0045
0045
0044
0044
0043
0043
0044
0044
0044
0043
0043
0043
0044
0045
0045
0045
0044
0044
0044
0043
0043
0043
0044
0044
0044
0043
0043
0044
0044
0044
0043
0043
0044
0044
0044
0043
0043
0043
0044
0045
0045
0044
0044
0044
0043
0043
0044
0044
0043
0043
0044
0044
0044
0043
0043
0044
0044
0043
0043
0044
0044
0044
0043
0043
0043
0044
0044
0044
0043
0043
0044
0044
0043
0043
0044
0044
0043
0043
0044
0044
0044
0043
0043
0043
0043
0044
0045
0045
0044
0044
0044
0043
0042
0042
0043
0043
0043
0044
0044
0044
0043
0043
0043
0043
0044
0044
0044
0044
0043
0042
0041
0041
0041
0042
0042
0043
0043
0043
0044
0044
0044
0043
0042
0042
0042
0043
0043
0043
0044
0044
0043
0043
0043
0043
0044
0044
0043
0043
0043
0043
0044
0044
0043
0043
0043
0043
0043
0044
0044
0043
0043
0043
0043
0044
0044
0043
0042
0041
0041
0041
0041
0041
0042
0042
0042
0042
0043
0043
0043
0043
0043
0043
0044
0044
0043
0042
0042
0042
0042
0042
0042
0042
0042
0042
0043
0043
0043
0043
0043
0043
0043
0043
0044
0044
0043
0042
0041
0040
003f
003e
003d
003c
003b
003a
0039
0038
0037
0036
0036
0036
0036
0036
0036
0035
0034
0033
0032
0031
0031
0031
0031
0030
002f
002e
002d
002c
002b
002a
0029
0028
0027
0026
0025
0024
0022
0020
001e
001c
001a
0018
0016
0014
0011
000e
000b
0008
0005
0002
ffff
fffb
fff7
fff3
ffef
ffec
ffe9
ffe5
ffe2
ffe0
ffde
ffdc
ffd9
ffd7
ffd6
ffd5
ffd3
ffd2
ffd1
ffd0
ffce
ffcd
ffcc
ffcb
ffc9
ffc8
ffc8
ffc8
ffc7
ffc7
ffc7
ffc7
ffc6
ffc6
ffc5
ffc5
ffc5
ffc5
ffc5
ffc4
ffc3
ffc3
ffc3
ffc3
ffc2
ffc2
ffc2
ffc1
ffc1
ffc1
ffc0
ffc0
ffc0
ffbf
ffbf
ffbe
ffbe
ffbd
ffbd
ffbd
ffbd
ffbc
ffbc
ffbc
ffbd
ffbd
ffbd
ffbc
ffbc
ffbd
ffbd
ffbd
ffbc
ffbc
ffbd
ffbd
ffbd
ffbc
ffbc
ffbc
ffbc
ffbd
ffbe
ffbf
ffbf
ffbe
ffbe
ffbe
ffbd
ffbc
ffbc
ffbd
ffbd
ffbd
ffbc
ffbb
ffbb
ffbc
ffbc
ffbc
ffbd
ffbe
ffbe
ffbe
ffbd
ffbc
ffbc
ffbc
ffbd
ffbe
ffbe
ffbd
ffbd
ffbc
ffbc
ffbc
ffbd
ffbd
ffbc
ffbc
ffbd
ffbd
ffbc
ffbc
ffbc
ffbd
ffbd
ffbd
ffbc
ffbb
ffbb
ffbc
ffbc
ffbc
ffbd
ffbd
ffbc
ffbc
ffbd
ffbd
ffbc
ffbc
ffbc
ffbd
ffbd
ffbc
ffbc
ffbc
ffbd
ffbd
ffbd
ffbc
ffbb
ffbb
ffbb
ffbc
ffbc
ffbd
ffbd
ffbd
ffbc
ffbb
ffbb
ffbb
ffbc
ffbc
ffbc
ffbd
ffbd
ffbd
ffbc
ffbb
ffbb
ffbb
ffbc
ffbd
ffbd
ffbc
ffbb
ffbb
ffbb
ffbc
ffbd
ffbd
ffbc
ffbb
ffbb
ffbc
ffbc
ffbc
ffbd
ffbd
ffbd
ffbc
ffbc
ffbc
ffbc
ffbd
ffbd
ffbd
ffbc
ffbc
ffbc
ffbd
ffbd
ffbd
ffbc
ffbb
ffbb
ffbc
ffbc
ffbc
ffbd
ffbd
ffbd
ffbc
ffbc
ffbc
ffbd
ffbd
ffbd
ffbc
ffbc
ffbc
ffbd
ffbd
ffbd
ffbc
ffbc
ffbc
ffbd
ffbd
ffbd
ffbc
ffbc
ffbc
ffbd
ffbd
ffbd
ffbd
ffbc
ffbc
ffbc
ffbd
ffbd
ffbd
ffbc
ffbc
ffbc
ffbd
ffbe
ffbe
ffbe
ffbd
ffbd
ffbc
ffbc
ffbd
ffbd
ffbd
ffbc
ffbc
ffbd
ffbd
ffbd
ffbc
ffbc
ffbd
ffbe
ffbe
ffbe
ffbd
ffbd
ffbc
ffbc
ffbd
ffbe
ffbe
ffbe
ffbd
ffbd
ffbd
ffbd
ffbc
ffbc
ffbd
ffbd
ffbd
ffbd
ffbc
ffbc
ffbd
ffbd
ffbd
ffbd
ffbd
ffbc
ffbc
ffbd
ffbe
ffbf
ffbf
ffbf
ffbf
ffbe
ffbe
ffbe
ffbe
ffbe
ffbd
ffbd
ffbd
ffbd
ffbd
ffbc
ffbc
ffbd
ffbe
ffbf
ffc0
ffc0
ffc0
ffc0
ffc0
ffc0
ffc0
ffbf
ffbf
ffbf
ffbf
ffbf
ffbf
ffbf
ffbf
ffbe
ffbe
ffbe
ffbe
ffbe
ffbe
ffbe
ffbe
ffbe
ffbe
ffbe
ffbe
ffbe
ffbe
ffbe
ffbe
ffbd
ffbd
ffbd
ffbd
ffbe
ffbf
ffc0
ffc1
ffc2
ffc3
ffc3
ffc3
ffc3
ffc3
ffc4
ffc5
ffc6
ffc7
ffc8
ffc9
ffca
ffcb
ffcc
ffcd
ffce
ffcf
ffd1
ffd3
ffd5
ffd7
ffd9
ffdb
ffdd
ffdf
ffe1
ffe4
ffe7
ffea
ffed
fff0
fff3
fff6
fffa
fffe
0002
0006
000a
000f
0013
0016
0019
001c
001f
0021
0023
0025
0027
002a
002c
002d
002e
0030
0031
0032
0033
0035
0036
0036
0037
0037
0037
0037
0038
0038
0038
0038
0039
0039
0039
003a
003a
003b
003b
003b
003b
003c
003c
003c
003d
003d
003e
003e
003e
003f
003f
003f
0040
0040
0041
0041
0041
0042
0042
0043
0043
0043
0044
0044
0044
0043
0042
0042
0042
0043
0043
0044
0044
0044
0043
0042
0042
0043
0043
0043
0044
0044
0044
0043
0043
0043
0044
0044
0043
0043
0044
0044
0044
0043
0043
0043
0044
0044
0043
0043
0044
0044
0044
0043
0043
0043
0044
0044
0044
0043
0043
0044
0044
0043
0043
0044
0044
0044
0043
0043
0043
0044
0045
0045
0044
0044
0044
0043
0043
0044
0044
0043
0043
0044
0044
0044
0043
0043
0044
0044
0043
0043
0044
0044
0044
0044
0043
0042
0042
0043
0043
0044
0045
0045
0044
0044
0044
0043
0043
0044
0044
0044
0043
0043
0043
0044
0045
0045
0044
0044
0044
0043
0043
0044
0044
0044
0043
0043
0043
0044
0045
0045
0045
0044
0044
0043
0043
0043
0044
0044
0044
0044
0043
0043
0043
0044
0044
0044
0044
0043
0042
0042
0043
0043
0044
0044
0044
0043
0043
0043
0044
0044
0044
0044
0043
0042
0042
0043
0043
0043
0044
0045
0045
0044
0044
0043
0043
0044
0044
0043
0043
0043
0044
0044
0044
0043
0043
0043
0044
0044
0043
0043
0044
0044
0043
0043
0043
0043
0044
0045
0045
0044
0044
0043
0042
0042
0042
0043
0043
0043
0044
0045
0045
0044
0043
0043
0043
0044
0044
0043
0042
0042
0042
0043
0043
0043
0044
0044
0043
0043
0043
0043
0043
0044
0044
0044
0043
0042
0041
0040
0040
0040
0041
0041
0041
0041
0041
0041
0042
0042
0043
0043
0043
0043
0043
0043
0044
0044
0043
0042
0041
0041
0041
0041
0041
0042
0042
0042
0042
0042
0042
0042
0042
0042
0043
0043
0043
0043
0043
0043
0044
0044
0043
0042
0041
0040
003f
003e
003d
003c
003b
003a
0039
0038
0037
0036
0035
0034
0034
0034
0034
0034
0033
0032
0031
0030
002f
002f
002f
002f
002e
002d
002c
002b
002a
0029
0028
0027
0026
0025
0024
0023
0022
0020
001e
001c
001a
0018
0016
0014
0012
0010
000d
000a
0007
0004
0001
fffe
fffa
fff6
fff2
ffef
ffec
ffe9
ffe5
ffe2
ffe0
ffde
ffdc
ffd9
ffd7
ffd6
ffd5
ffd3
ffd2
ffd1
ffd0
ffcf
ffcd
ffcc
ffcb
ffca
ffc9
ffc9
ffc8
ffc8
ffc8
ffc8
ffc8
ffc8
ffc7
ffc7
ffc6
ffc6
ffc6
ffc5
ffc5
ffc5
ffc4
ffc4
ffc4
ffc3
ffc3
ffc3
ffc3
ffc2
ffc2
ffc1
ffc1
ffc0
ffc0
ffc0
ffc0
ffbf
ffbe
ffbe
ffbe
ffbe
ffbd
ffbd
ffbc
ffbc
ffbd
ffbd
ffbc
ffbc
ffbd
ffbd
ffbd
ffbd
ffbc
ffbb
ffbb
ffbc
ffbc
ffbd
ffbe
ffbe
ffbd
ffbd
ffbd
ffbc
ffbb
ffbb
ffbc
ffbc
ffbd
ffbd
ffbd
ffbc
ffbc
ffbc
ffbd
ffbd
ffbc
ffbc
ffbd
ffbd
ffbd
ffbc
ffbc
ffbc
ffbd
ffbd
ffbc
ffbc
ffbd
ffbd
ffbc
ffbc
ffbc
ffbd
ffbe
ffbe
ffbd
ffbd
ffbc
ffbb
ffbb
ffbc
ffbc
ffbc
ffbd
ffbd
ffbd
ffbc
ffbc
ffbc
ffbc
ffbd
ffbe
ffbe
ffbd
ffbd
ffbc
ffbc
ffbc
ffbc
ffbd
ffbd
ffbd
ffbc
ffbc
ffbc
ffbd
ffbd
ffbc
ffbc
ffbc
ffbc
ffbd
ffbe
ffbe
ffbd
ffbd
ffbc
ffbc
ffbc
ffbc
ffbd
ffbd
ffbd
ffbc
ffbc
ffbc
ffbc
ffbd
ffbd
ffbd
ffbc
ffbc
ffbc
ffbc
ffbd
ffbd
ffbd
ffbc
ffbc
ffbc
ffbc
ffbd
ffbd
ffbd
ffbc
ffbc
ffbc
ffbc
ffbd
ffbe
ffbe
ffbd
ffbd
ffbc
ffbb
ffbb
ffbc
ffbc
ffbc
ffbd
ffbd
ffbd
ffbc
ffbc
ffbc
ffbd
ffbd
ffbc
ffbc
ffbd
ffbd
ffbd
ffbc
ffbb
ffbb
ffbb
ffbc
ffbd
ffbd
ffbc
ffbc
ffbc
ffbd
ffbd
ffbd
ffbc
ffbc
ffbc
ffbd
ffbd
ffbd
ffbd
ffbc
ffbb
ffbb
ffbc
ffbc
ffbd
ffbd
ffbd
ffbc
ffbc
ffbc
ffbd
ffbd
ffbd
ffbd
ffbc
ffbc
ffbc
ffbd
ffbd
ffbd
ffbc
ffbc
ffbd
ffbd
ffbd
ffbd
ffbc
ffbc
ffbc
ffbd
ffbe
ffbe
ffbe
ffbd
ffbd
ffbd
ffbd
ffbc
ffbb
ffbb
ffbc
ffbd
ffbd
ffbd
ffbd
ffbc
ffbc
ffbd
ffbd
ffbd
ffbd
ffbc
ffbc
ffbd
ffbd
ffbd
ffbd
ffbd
ffbc
ffbc
ffbd
ffbd
ffbd
ffbd
ffbd
ffbd
ffbc
ffbc
ffbd
ffbd
ffbd
ffbd
ffbd
ffbd
ffbd
ffbc
ffbc
ffbd
ffbe
ffbe
ffbe
ffbe
ffbe
ffbe
ffbe
ffbd
ffbd
ffbd
ffbd
ffbd
ffbd
ffbc
ffbc
ffbd
ffbe
ffbf
ffc0
ffc1
ffc2
ffc3
ffc4
ffc4
ffc4
ffc4
ffc4
ffc4
ffc4
ffc4
ffc4
ffc4
ffc4
ffc4
ffc4
ffc3
ffc3
ffc3
ffc3
ffc4
ffc5
ffc6
ffc7
ffc8
ffc8
ffc8
ffc8
ffc8
ffc9
ffca
ffcb
ffcc
ffcd
ffce
ffcf
ffd0
ffd1
ffd2
ffd3
ffd4
ffd5
ffd6
ffd7
ffd8
ffd9
ffdb
ffdd
ffdf
ffe1
ffe3
ffe5
ffe8
ffeb
ffee
fff1
fff4
fff7
fffa
fffd
0000
0004
0008
000c
0010
0014
0017
001a
001d
001f
0021
0024
0026
0028
002a
002c
002d
002e
002f
0031
0032
0033
0034
0036
0037
0037
0037
0038
0038
0038
0039
0039
0039
0039
003a
003a
003a
003b
003b
003b
003c
003c
003c
003d
003d
003e
003e
003e
003e
003f
003f
003f
0040
0040
0041
0041
0042
0042
0042
0043
0043
0043
0044
0044
0044
0043
0043
0043
0043
0044
0044
0044
0043
0043
0043
0043
0044
0044
0044
0043
0043
0043
0044
0044
0044
0043
0042
0042
0043
0043
0044
0044
0043
0043
0044
0044
0043
0043
0044
0044
0043
0043
0044
0044
0043
0043
0044
0044
0044
0043
0043
0043
0044
0044
0044
0043
0043
0044
0044
0044
0043
0043
0043
0044
0044
0044
0043
0043
0043
0044
0045
0045
0045
0045
0044
0043
0043
0044
0044
0044
0043
0043
0044
0044
0043
0043
0044
0044
0044
0044
0043
0042
0042
0043
0043
0044
0045
0045
0044
0044
0044
0044
0043
0042
0042
0043
0043
0044
0044
0044
0044
0043
0043
0043
0044
0044
0044
0043
0043
0044
0044
0044
0043
0043
0044
0044
0043
0043
0044
0044
0044
0043
0043
0044
0044
0044
0043
0042
0042
0043
0044
0044
0043
0043
0043
0044
0045
0045
0045
0044
0044
0043
0043
0043
0044
0044
0044
0043
0043
0043
0044
0044
0044
0043
0043
0044
0044
0043
0043
0043
0044
0044
0044
0043
0043
0043
0043
0044
0045
0045
0045
0044
0043
0043
0043
0044
0044
0044
0043
0043
0043
0043
0044
0044
0043
0043
0044
0044
0043
0042
0042
0043
0043
0043
0043
0044
0044
0044
0043
0042
0042
0042
0043
0043
0043
0044
0044
0043
0042
0042
0042
0043
0043
0043
0043
0044
0044
0043
0043
0043
0043
0043
0044
0044
0044
0043
0042
0041
0040
003f
003f
003f
003f
0040
0040
0040
0040
0040
0041
0041
0041
0041
0041
0042
0042
0042
0042
0042
0043
0043
0043
0043
0043
0043
0043
0044
0044
0043
0042
0041
0040
003f
003e
003d
003d
003d
003d
003d
003d
003d
003d
003d
003d
003d
003d
003d
003d
003d
003e
003e
003e
003e
003e
003d
003c
003b
003a
0039
0038
0038
0038
0038
0038
0037
0036
0035
0034
0033
0032
0031
0030
002f
002e
002d
002c
002a
0028
0026
0024
0022
0020
001e
001c
0019
0016
0013
0010
000d
000a
0007
0004
0000
fffc
fff8
fff4
fff0
ffed
ffe9
ffe6
ffe3
ffe0
ffde
ffdc
ffda
ffd8
ffd6
ffd4
ffd3
ffd2
ffd1
ffcf
ffce
ffcd
ffcc
ffca
ffc9
ffc9
ffc8
ffc8
ffc8
ffc8
ffc7
ffc7
ffc7
ffc7
ffc6
ffc6
ffc5
ffc5
ffc5
ffc5
ffc4
ffc4
ffc3
ffc3
ffc3
ffc3
ffc2
ffc2
ffc1
ffc1
ffc1
ffc0
ffc0
ffbf
ffbf
ffbf
ffbe
ffbe
ffbe
ffbd
ffbd
ffbc
ffbc
ffbd
ffbd
ffbd
ffbc
ffbc
ffbd
ffbd
ffbc
ffbc
ffbd
ffbd
ffbd
ffbc
ffbc
ffbd
ffbd
ffbd
ffbc
ffbb
ffbb
ffbc
ffbc
ffbd
ffbd
ffbd
ffbc
ffbc
ffbc
ffbd
ffbe
ffbe
ffbd
ffbd
ffbc
ffbc
ffbc
ffbd
ffbd
ffbd
ffbc
ffbc
ffbc
ffbd
ffbd
ffbd
ffbc
ffbc
ffbc
ffbc
ffbd
ffbe
ffbe
ffbd
ffbd
ffbc
ffbc
ffbc
ffbd
ffbd
ffbc
ffbc
ffbd
ffbd
ffbc
ffbc
ffbc
ffbd
ffbd
ffbc
ffbc
ffbd
ffbd
ffbc
ffbc
ffbc
ffbd
ffbd
ffbc
ffbc
ffbc
ffbd
ffbd
ffbd
ffbc
ffbb
ffbb
ffbb
ffbc
ffbc
ffbd
ffbd
ffbc
ffbc
ffbd
ffbd
ffbc
ffbb
ffbb
ffbb
ffbc
ffbd
ffbd
ffbc
ffbb
ffbb
ffbc
ffbc
ffbc
ffbd
ffbd
ffbc
ffbc
ffbc
ffbd
ffbd
ffbd
ffbc
ffbc
ffbc
ffbd
ffbd
ffbc
ffbc
ffbc
ffbd
ffbd
ffbc
ffbc
ffbc
ffbd
ffbd
ffbd
ffbc
ffbc
ffbc
ffbd
ffbd
ffbc
ffbc
ffbd
ffbd
ffbc
ffbc
ffbc
ffbd
ffbd
ffbd
ffbc
ffbb
ffbb
ffbc
ffbc
ffbc
ffbd
ffbe
ffbe
ffbd
ffbd
ffbd
ffbc
ffbb
ffbb
ffbb
ffbc
ffbd
ffbd
ffbd
ffbc
ffbb
ffbb
ffbc
ffbc
ffbd
ffbd
ffbd
ffbc
ffbc
ffbc
ffbd
ffbd
ffbd
ffbd
ffbc
ffbc
ffbc
ffbd
ffbd
ffbd
ffbc
ffbc
ffbd
ffbd
ffbd
ffbc
ffbc
ffbd
ffbd
ffbd
ffbd
ffbc
ffbc
ffbc
ffbd
ffbd
ffbd
ffbd
ffbc
ffbc
ffbd
ffbe
ffbe
ffbe
ffbd
ffbd
ffbd
ffbc
ffbc
ffbd
ffbd
ffbd
ffbd
ffbc
ffbc
ffbd
ffbe
ffbe
ffbe
ffbe
ffbd
ffbd
ffbd
ffbc
ffbc
ffbd
ffbe
ffbf
ffbf
ffbf
ffbf
ffbf
ffbe
ffbe
ffbe
ffbe
ffbe
ffbd
ffbd
ffbd
ffbc
ffbc
ffbd
ffbe
ffbf
ffc0
ffc1
ffc2
ffc2
ffc2
ffc2
ffc2
ffc2
ffc2
ffc1
ffc1
ffc1
ffc1
ffc1
ffc1
ffc1
ffc1
ffc0
ffc0
ffc0
ffc0
ffc0
ffc0
ffc0
ffc0
ffc0
ffc0
ffc0
ffc0
ffc0
ffc0
ffc0
ffbf
ffbf
ffbf
ffbf
ffbf
ffc0
ffc1
ffc2
ffc3
ffc4
ffc5
ffc5
ffc5
ffc5
ffc6
ffc7
ffc8
ffc9
ffca
ffcb
ffcc
ffcd
ffce
ffcf
ffd0
ffd1
ffd2
ffd4
ffd6
ffd8
ffda
ffdc
ffde
ffe0
ffe2
ffe4
ffe7
ffea
ffed
fff0
fff3
fff7
fffb
ffff
0003
0007
000b
000f
0012
0016
0019
001c
001f
0021
0023
0025
0027
002a
002c
002d
002e
002f
0031
0032
0033
0035
0036
0036
0036
0036
0037
0037
0038
0038
0038
0038
0039
0039
0039
003a
003a
003a
003a
003b
003c
003c
003c
003c
003c
003d
003e
003e
003e
003e
003f
003f
0040
0040
0040
0041
0041
0042
0042
0042
0043
0043
0043
0044
0045
0045
0044
0044
0043
0042
0042
0043
0043
0043
0044
0044
0044
0043
0043
0043
0043
0044
0045
0045
0044
0044
0043
0043
0044
0044
0043
0043
0044
0044
0043
0043
0043
0044
0044
0044
0044
0043
0042
0042
0043
0043
0043
0044
0044
0044
0044
0043
0043
0043
0044
0044
0044
0044
0043
0042
0042
0043
0043
0044
0044
0044
0044
0043
0042
0042
0043
0043
0044
0044
0044
0044
0043
0043
0043
0043
0044
0045
0046
0046
0046
0045
0045
0044
0044
0043
0043
0044
0044
0044
0043
0043
0043
0044
0045
0045
0045
0044
0044
0044
0043
0043
0043
0044
0044
0044
0044
0043
0043
0043
0044
0044
0044
0043
0043
0044
0044
0044
0043
0043
0043
0044
0045
0045
0045
0044
0044
0043
0043
0043
0044
0045
0045
0044
0044
0044
0043
0043
0044
0044
0043
0043
0044
0044
0043
0043
0044
0044
0044
0043
0043
0043
0044
0044
0043
0043
0044
0044
0044
0043
0043
0044
0044
0043
0042
0042
0043
0043
0044
0044
0043
0043
0044
0044
0043
0043
0043
0044
0044
0044
0043
0042
0042
0042
0043
0043
0044
0044
0044
0043
0042
0042
0042
0042
0043
0043
0044
0044
0044
0043
0042
0041
0041
0041
0042
0042
0043
0043
0043
0043
0044
0044
0043
0043
0043
0043
0044
0044
0044
0043
0042
0041
0041
0041
0041
0041
0041
0042
0043
0043
0043
0043
0043
0043
0044
0044
0043
0043
0043
0043
0043
0043
0043
0044
0044
0043
0042
0042
0042
0042
0042
0042
0043
0043
0043
0043
0043
0043
0043
0043
0044
0044
0043
0042
0041
0040
003f
003f
003f
003f
003f
003f
003f
003f
003f
003f
003f
003f
003f
003f
003f
003f
003f
003f
0040
0040
0040
0040
0040
003f
003e
003d
003c
003b
003a
003a
003a
003a
003a
0039
0038
0037
0036
0035
0034
0033
0032
0030
002e
002c
002a
0028
0026
0024
0022
0020
001e
001c
001a
0018
0015
0012
000f
000c
0008
0004
0000
fffc
fff8
fff4
fff0
ffec
ffe9
ffe6
ffe3
ffe0
ffde
ffdc
ffda
ffd8
ffd5
ffd3
ffd2
ffd1
ffcf
ffce
ffcd
ffcc
ffca
ffc9
ffc9
ffc8
ffc8
ffc8
ffc8
ffc8
ffc7
ffc7
ffc7
ffc6
ffc6
ffc5
ffc5
ffc5
ffc5
ffc4
ffc4
ffc4
ffc3
ffc3
ffc2
ffc2
ffc2
ffc2
ffc1
ffc1
ffc0
ffc0
ffc0
ffbf
ffbf
ffbf
ffbe
ffbe
ffbd
ffbd
ffbc
ffbc
ffbd
ffbd
ffbd
ffbc
ffbc
ffbd
ffbd
ffbd
ffbc
ffbc
ffbc
ffbd
ffbd
ffbd
ffbd
ffbc
ffbc
ffbc
ffbd
ffbd
ffbd
ffbc
ffbc
ffbc
ffbd
ffbe
ffbe
ffbd
ffbd
ffbc
ffbc
ffbd
ffbd
ffbc
ffbc
ffbd
ffbd
ffbc
ffbc
ffbc
ffbd
ffbd
ffbd
ffbd
ffbc
ffbb
ffbb
ffbb
ffbb
ffbc
ffbd
ffbd
ffbd
ffbc
ffbb
ffbb
ffbb
ffbc
ffbc
ffbd
ffbd
ffbd
ffbc
ffbb
ffbb
ffbb
ffbc
ffbc
ffbd
ffbd
ffbd
ffbc
ffbb
ffbb
ffbc
ffbc
ffbc
ffbd
ffbd
ffbc
ffbc
ffbc
ffbd
ffbd
ffbc
ffbc
ffbd
ffbd
ffbc
ffbc
ffbc
ffbd
ffbd
ffbd
ffbc
ffbb
ffbb
ffbb
ffbb
ffbc
ffbd
ffbd
ffbc
ffbc
ffbc
ffbc
ffbd
ffbd
ffbd
ffbc
ffbc
ffbc
ffbd
ffbd
ffbd
ffbc
ffbb
ffba
ffba
ffbb
ffbb
ffbb
ffbc
ffbd
ffbd
ffbc
ffbc
ffbc
ffbc
ffbd
ffbd
ffbd
ffbd
ffbc
ffbb
ffbb
ffbb
ffbc
ffbc
ffbc
ffbd
ffbd
ffbd
ffbc
ffbc
ffbd
ffbd
ffbc
ffbc
ffbc
ffbd
ffbd
ffbc
ffbc
ffbd
ffbd
ffbd
ffbc
ffbc
ffbc
ffbc
ffbd
ffbe
ffbe
ffbd
ffbd
ffbd
ffbc
ffbc
ffbc
ffbd
ffbd
ffbd
ffbc
ffbc
ffbc
ffbd
ffbe
ffbe
ffbd
ffbd
ffbd
ffbc
ffbc
ffbc
ffbd
ffbe
ffbe
ffbd
ffbd
ffbd
ffbd
ffbc
ffbb
ffbb
ffbc
ffbc
ffbd
ffbe
ffbe
ffbe
ffbd
ffbd
ffbd
ffbc
ffbc
ffbd
ffbd
ffbd
ffbc
ffbc
ffbd
ffbd
ffbd
ffbd
ffbd
ffbc
ffbc
ffbc
ffbd
ffbe
ffbe
ffbe
ffbe
ffbe
ffbd
ffbd
ffbd
ffbd
ffbc
ffbc
ffbc
ffbd
ffbe
ffbf
ffc0
ffc1
ffc1
ffc1
ffc0
ffc0
ffc0
ffc0
ffc0
ffc0
ffc0
ffbf
ffbf
ffbf
ffbe
ffbe
ffbe
ffbe
ffbe
ffbe
ffbe
ffbd
ffbd
ffbd
ffbd
ffbd
ffbc
ffbc
ffbd
ffbe
ffbf
ffc0
ffc1
ffc2
ffc3
ffc4
ffc4
ffc4
ffc4
ffc4
ffc4
ffc4
ffc4
ffc4
ffc4
ffc4
ffc4
ffc4
ffc4
ffc4
ffc3
ffc3
ffc3
ffc3
ffc3
ffc4
ffc5
ffc6
ffc7
ffc8
ffc9
ffc9
ffc9
ffc9
ffca
ffcb
ffcc
ffcd
ffce
ffcf
ffd0
ffd1
ffd2
ffd3
ffd4
ffd5
ffd6
ffd7
ffd9
ffdb
ffdd
ffdf
ffe1
ffe3
ffe5
ffe8
ffeb
ffee
fff1
fff4
fff7
fffa
fffd
0001
0005
0009
000d
0011
0015
0018
001b
001d
001f
0022
0024
0026
0028
002b
002d
002e
002f
0030
0032
0033
0034
0035
0037
0038
0038
0039
0039
0039
0039
003a
003a
003a
003b
003b
003b
003c
003c
003c
003c
003d
003d
003e
003e
003e
003e
003f
003f
0040
0040
0041
0041
0041
0041
0042
0042
0043
0043
0043
0044
0044
0044
0043
0043
0043
0043
0044
0044
0044
0043
0042
0042
0042
0043
0043
0044
0044
0044
0043
0042
0042
0042
0043
0044
0044
0043
0043
0043
0044
0044
0044
0043
0043
0043
0044
0044
0044
0043
0043
0043
0044
0044
0044
0043
0043
0043
0044
0045
0045
0044
0044
0044
0043
0043
0043
0044
0044
0044
0043
0043
0043
0044
0045
0045
0044
0044
0044
0043
0043
0043
0044
0045
0045
0045
0044
0044
0043
0043
0043
0044
0045
0045
0045
0044
0044
0043
0043
0044
0044
0044
0043
0043
0043
0044
0045
0045
0045
0044
0044
0044
0043
0043
0043
0044
0044
0044
0043
0043
0044
0044
0044
0043
0043
0044
0044
0044
0043
0043
0043
0044
0045
0045
0044
0044
0044
0043
0043
0044
0044
0043
0043
0044
0044
0044
0043
0043
0044
0044
0043
0043
0044
0044
0044
0043
0043
0043
0044
0044
0044
0043
0043
0044
0044
0043
0043
0044
0044
0043
0043
0044
0044
0044
0043
0043
0043
0043
0044
0045
0045
0044
0044
0044
0043
0042
0042
0043
0043
0043
0044
0044
0044
0043
0043
0043
0043
0044
0044
0044
0044
0043
0042
0041
0041
0041
0042
0042
0043
0043
0043
0044
0044
0044
0043
0042
0042
0042
0043
0043
0043
0044
0044
0043
0043
0043
0043
0044
0044
0043
0043
0043
0043
0044
0044
0043
0043
0043
0043
0043
0044
0044
0043
0043
0043
0043
0044
0044
0043
0042
0041
0041
0041
0041
0041
0042
0042
0042
0042
0043
0043
0043
0043
0043
0043
0044
0044
0043
0042
0042
0042
0042
0042
0042
0042
0042
0042
0043
0043
0043
0043
0043
0043
0043
0043
0044
0044
0043
0042
0041
0040
003f
003e
003d
003c
003b
003a
0039
0038
0037
0036
0036
0036
0036
0036
0036
0035
0034
0033
0032
0031
0031
0031
0031
0030
002f
002e
002d
002c
002b
002a
0029
0028
0027
0026
0025
0024
0022
0020
001e
001c
001a
0018
0016
0014
0011
000e
000b
0008
0005
0002
ffff
fffb
fff7
fff3
ffef
ffec
ffe9
ffe5
ffe2
ffe0
ffde
ffdc
ffd9
ffd7
ffd6
ffd5
ffd3
ffd2
ffd1
ffd0
ffce
ffcd
ffcc
ffcb
ffc9
ffc8
ffc8
ffc8
ffc7
ffc7
ffc7
ffc7
ffc6
ffc6
ffc5
ffc5
ffc5
ffc5
ffc5
ffc4
ffc3
ffc3
ffc3
ffc3
ffc2
ffc2
ffc2
ffc1
ffc1
ffc1
ffc0
ffc0
ffc0
ffbf
ffbf
ffbe
ffbe
ffbd
ffbd
ffbd
ffbd
ffbc
ffbc
ffbc
ffbd
ffbd
ffbd
ffbc
ffbc
ffbd
ffbd
ffbd
ffbc
ffbc
ffbd
ffbd
ffbd
ffbc
ffbc
ffbc
ffbc
ffbd
ffbe
ffbf
ffbf
ffbe
ffbe
ffbe
ffbd
ffbc
ffbc
ffbd
ffbd
ffbd
ffbc
ffbb
ffbb
ffbc
ffbc
ffbc
ffbd
ffbe
ffbe
ffbe
ffbd
ffbc
ffbc
ffbc
ffbd
ffbe
ffbe
ffbd
ffbd
ffbc
ffbc
ffbc
ffbd
ffbd
ffbc
ffbc
ffbd
ffbd
ffbc
ffbc
ffbc
ffbd
ffbd
ffbd
ffbc
ffbb
ffbb
ffbc
ffbc
ffbc
ffbd
ffbd
ffbc
ffbc
ffbd
ffbd
ffbc
ffbc
ffbc
ffbd
ffbd
ffbc
ffbc
ffbc
ffbd
ffbd
ffbd
ffbc
ffbb
ffbb
ffbb
ffbc
ffbc
ffbd
ffbd
ffbd
ffbc
ffbb
ffbb
ffbb
ffbc
ffbc
ffbc
ffbd
ffbd
ffbd
ffbc
ffbb
ffbb
ffbb
ffbc
ffbd
ffbd
ffbc
ffbb
ffbb
ffbb
ffbc
ffbd
ffbd
ffbc
ffbb
ffbb
ffbc
ffbc
ffbc
ffbd
ffbd
ffbd
ffbc
ffbc
ffbc
ffbc
ffbd
ffbd
ffbd
ffbc
ffbc
ffbc
ffbd
ffbd
ffbd
ffbc
ffbb
ffbb
ffbc
ffbc
ffbc
ffbd
ffbd
ffbd
ffbc
ffbc
ffbc
ffbd
ffbd
ffbd
ffbc
ffbc
ffbc
ffbd
ffbd
ffbd
ffbc
ffbc
ffbc
ffbd
ffbd
ffbd
ffbc
ffbc
ffbc
ffbd
ffbd
ffbd
ffbd
ffbc
ffbc
ffbc
ffbd
ffbd
ffbd
ffbc
ffbc
ffbc
ffbd
ffbe
ffbe
ffbe
ffbd
ffbd
ffbc
ffbc
ffbd
ffbd
ffbd
ffbc
ffbc
ffbd
ffbd
ffbd
ffbc
ffbc
ffbd
ffbe
ffbe
ffbe
ffbd
ffbd
ffbc
ffbc
ffbd
ffbe
ffbe
ffbe
ffbd
ffbd
ffbd
ffbd
ffbc
ffbc
ffbd
ffbd
ffbd
ffbd
ffbc
ffbc
ffbd
ffbd
ffbd
ffbd
ffbd
ffbc
ffbc
ffbd
ffbe
ffbf
ffbf
ffbf
ffbf
ffbe
ffbe
ffbe
ffbe
ffbe
ffbd
ffbd
ffbd
ffbd
ffbd
ffbc
ffbc
ffbd
ffbe
ffbf
ffc0
ffc0
ffc0
ffc0
ffc0
ffc0
ffc0
ffbf
ffbf
ffbf
ffbf
ffbf
ffbf
ffbf
ffbf
ffbe
ffbe
ffbe
ffbe
ffbe
ffbe
ffbe
ffbe
ffbe
ffbe
ffbe
ffbe
ffbe
ffbe
ffbe
ffbe
ffbd
ffbd
ffbd
ffbd
ffbe
ffbf
ffc0
ffc1
ffc2
ffc3
ffc3
ffc3
ffc3
ffc3
ffc4
ffc5
ffc6
ffc7
ffc8
ffc9
ffca
ffcb
ffcc
ffcd
ffce
ffcf
ffd1
ffd3
ffd5
ffd7
ffd9
ffdb
ffdd
ffdf
ffe1
ffe4
ffe7
ffea
ffed
fff0
fff3
fff6
fffa
fffe
0002
0006
000a
000f
0013
0016
0019
001c
001f
0021
0023
0025
0027
002a
002c
002d
002e
0030
0031
0032
0033
0035
0036
0036
0037
0037
0037
0037
0038
0038
0038
0038
0039
0039
0039
003a
003a
003b
003b
003b
003b
003c
003c
003c
003d
003d
003e
003e
003e
003f
003f
003f
0040
0040
0041
0041
0041
0042
0042
0043
0043
0043
0044
0044
0044
0043
0042
0042
0042
0043
0043
0044
0044
0044
0043
0042
0042
0043
0043
0043
0044
0044
0044
0043
0043
0043
0044
0044
0043
0043
0044
0044
0044
0043
0043
0043
0044
0044
0043
0043
0044
0044
0044
0043
0043
0043
0044
0044
0044
0043
0043
0044
0044
0043
0043
0044
0044
0044
0043
0043
0043
0044
0045
0045
0044
0044
0044
0043
0043
0044
0044
0043
0043
0044
0044
0044
0043
0043
0044
0044
0043
0043
0044
0044
0044
0044
0043
0042
0042
0043
0043
0044
0045
0045
0044
0044
0044
0043
0043
0044
0044
0044
0043
0043
0043
0044
0045
0045
0044
0044
0044
0043
0043
0044
0044
0044
0043
0043
0043
0044
0045
0045
0045
0044
0044
0043
0043
0043
0044
0044
0044
0044
0043
0043
0043
0044
0044
0044
0044
0043
0042
0042
0043
0043
0044
0044
0044
0043
0043
0043
0044
0044
0044
0044
0043
0042
0042
0043
0043
0043
0044
0045
0045
0044
0044
0043
0043
0044
0044
0043
0043
0043
0044
0044
0044
0043
0043
0043
0044
0044
0043
0043
0044
0044
0043
0043
0043
0043
0044
0045
0045
0044
0044
0043
0042
0042
0042
0043
0043
0043
0044
0045
0045
0044
0043
0043
0043
0044
0044
0043
0042
0042
0042
0043
0043
0043
0044
0044
0043
0043
0043
0043
0043
0044
0044
0044
0043
0042
0041
0040
0040
0040
0041
0041
0041
0041
0041
0041
0042
0042
0043
0043
0043
0043
0043
0043
0044
0044
0043
0042
0041
0041
0041
0041
0041
0042
0042
0042
0042
0042
0042
0042
0042
0042
0043
0043
0043
0043
0043
0043
0044
0044
0043
0042
0041
0040
003f
003e
003d
003c
003b
003a
0039
0038
0037
0036
0035
0034
0034
0034
0034
0034
0033
0032
0031
0030
002f
002f
002f
002f
002e
002d
002c
002b
002a
0029
0028
0027
0026
0025
0024
0023
0022
0020
001e
001c
001a
0018
0016
0014
0012
0010
000d
000a
0007
0004
0001
fffe
fffa
fff6
fff2
ffef
ffec
ffe9
ffe5
ffe2
ffe0
ffde
ffdc
ffd9
ffd7
ffd6
ffd5
ffd3
ffd2
ffd1
ffd0
ffcf
ffcd
ffcc
ffcb
ffca
ffc9
ffc9
ffc8
ffc8
ffc8
ffc8
ffc8
ffc8
ffc7
ffc7
ffc6
ffc6
ffc6
ffc5
ffc5
ffc5
ffc4
ffc4
ffc4
ffc3
ffc3
ffc3
ffc3
ffc2
ffc2
ffc1
ffc1
ffc0
ffc0
ffc0
ffc0
ffbf
ffbe
ffbe
ffbe
ffbe
ffbd
ffbd
ffbc
ffbc
ffbd
ffbd
ffbc
ffbc
ffbd
ffbd
ffbd
ffbd
ffbc
ffbb
ffbb
ffbc
ffbc
ffbd
ffbe
ffbe
ffbd
ffbd
ffbd
ffbc
ffbb
ffbb
ffbc
ffbc
ffbd
ffbd
ffbd
ffbc
ffbc
ffbc
ffbd
ffbd
ffbc
ffbc
ffbd
ffbd
ffbd
ffbc
ffbc
ffbc
ffbd
ffbd
ffbc
ffbc
ffbd
ffbd
ffbc
ffbc
ffbc
ffbd
ffbe
ffbe
ffbd
ffbd
ffbc
ffbb
ffbb
ffbc
ffbc
ffbc
ffbd
ffbd
ffbd
ffbc
ffbc
ffbc
ffbc
ffbd
ffbe
ffbe
ffbd
ffbd
ffbc
ffbc
ffbc
ffbc
ffbd
ffbd
ffbd
ffbc
ffbc
ffbc
ffbd
ffbd
ffbc
ffbc
ffbc
ffbc
ffbd
ffbe
ffbe
ffbd
ffbd
ffbc
ffbc
ffbc
ffbc
ffbd
ffbd
ffbd
ffbc
ffbc
ffbc
ffbc
ffbd
ffbd
ffbd
ffbc
ffbc
ffbc
ffbc
ffbd
ffbd
ffbd
ffbc
ffbc
ffbc
ffbc
ffbd
ffbd
ffbd
ffbc
ffbc
ffbc
ffbc
ffbd
ffbe
ffbe
ffbd
ffbd
ffbc
ffbb
ffbb
ffbc
ffbc
ffbc
ffbd
ffbd
ffbd
ffbc
ffbc
ffbc
ffbd
ffbd
ffbc
ffbc
ffbd
ffbd
ffbd
ffbc
ffbb
ffbb
ffbb
ffbc
ffbd
ffbd
ffbc
ffbc
ffbc
ffbd
ffbd
ffbd
ffbc
ffbc
ffbc
ffbd
ffbd
ffbd
ffbd
ffbc
ffbb
ffbb
ffbc
ffbc
ffbd
ffbd
ffbd
ffbc
ffbc
ffbc
ffbd
ffbd
ffbd
ffbd
ffbc
ffbc
ffbc
ffbd
ffbd
ffbd
ffbc
ffbc
ffbd
ffbd
ffbd
ffbd
ffbc
ffbc
ffbc
ffbd
ffbe
ffbe
ffbe
ffbd
ffbd
ffbd
ffbd
ffbc
ffbb
ffbb
ffbc
ffbd
ffbd
ffbd
ffbd
ffbc
ffbc
ffbd
ffbd
ffbd
ffbd
ffbc
ffbc
ffbd
ffbd
ffbd
ffbd
ffbd
ffbc
ffbc
ffbd
ffbd
ffbd
ffbd
ffbd
ffbd
ffbc
ffbc
ffbd
ffbd
ffbd
ffbd
ffbd
ffbd
ffbd
ffbc
ffbc
ffbd
ffbe
ffbe
ffbe
ffbe
ffbe
ffbe
ffbe
ffbd
ffbd
ffbd
ffbd
ffbd
ffbd
ffbc
ffbc
ffbd
ffbe
ffbf
ffc0
ffc1
ffc2
ffc3
ffc4
ffc4
ffc4
ffc4
ffc4
ffc4
ffc4
ffc4
ffc4
ffc4
ffc4
ffc4
ffc4
ffc3
ffc3
ffc3
ffc3
ffc4
ffc5
ffc6
ffc7
ffc8
ffc8
ffc8
ffc8
ffc8
ffc9
ffca
ffcb
ffcc
ffcd
ffce
ffcf
ffd0
ffd1
ffd2
ffd3
ffd4
ffd5
ffd6
ffd7
ffd8
ffd9
ffdb
ffdd
ffdf
ffe1
ffe3
ffe5
ffe8
ffeb
ffee
fff1
fff4
fff7
fffa
fffd
0000
0004
0008
000c
0010
0014
0017
001a
001d
001f
0021
0024
0026
0028
002a
002c
002d
002e
002f
0031
0032
0033
0034
0036
0037
0037
0037
0038
0038
0038
0039
0039
0039
0039
003a
003a
003a
003b
003b
003b
003c
003c
003c
003d
003d
003e
003e
003e
003e
003f
003f
003f
0040
0040
0041
0041
0042
0042
0042
0043
0043
0043
0044
0044
0044
0043
0043
0043
0043
0044
0044
0044
0043
0043
0043
0043
0044
0044
0044
0043
0043
0043
0044
0044
0044
0043
0042
0042
0043
0043
0044
0044
0043
0043
0044
0044
0043
0043
0044
0044
0043
0043
0044
0044
0043
0043
0044
0044
0044
0043
0043
0043
0044
0044
0044
0043
0043
0044
0044
0044
0043
0043
0043
0044
0044
0044
0043
0043
0043
0044
0045
0045
0045
0045
0044
0043
0043
0044
0044
0044
0043
0043
0044
0044
0043
0043
0044
0044
0044
0044
0043
0042
0042
0043
0043
0044
0045
0045
0044
0044
0044
0044
0043
0042
0042
0043
0043
0044
0044
0044
0044
0043
0043
0043
0044
0044
0044
0043
0043
0044
0044
0044
0043
0043
0044
0044
0043
0043
0044
0044
0044
0043
0043
0044
0044
0044
0043
0042
0042
0043
0044
0044
0043
0043
0043
0044
0045
0045
0045
0044
0044
0043
0043
0043
0044
0044
0044
0043
0043
0043
0044
0044
0044
0043
0043
0044
0044
0043
0043
0043
0044
0044
0044
0043
0043
0043
0043
0044
0045
0045
0045
0044
0043
0043
0043
0044
0044
0044
0043
0043
0043
0043
0044
0044
0043
0043
0044
0044
0043
0042
0042
0043
0043
0043
0043
0044
0044
0044
0043
0042
0042
0042
0043
0043
0043
0044
0044
0043
0042
0042
0042
0043
0043
0043
0043
0044
0044
0043
0043
0043
0043
0043
0044
0044
0044
0043
0042
0041
0040
003f
003f
003f
003f
0040
0040
0040
0040
0040
0041
0041
0041
0041
0041
0042
0042
0042
0042
0042
0043
0043
0043
0043
0043
0043
0043
0044
0044
0043
0042
0041
0040
003f
003e
003d
003d
003d
003d
003d
003d
003d
003d
003d
003d
003d
003d
003d
003d
003d
003e
003e
003e
003e
003e
003d
003c
003b
003a
0039
0038
0038
0038
0038
0038
0037
0036
0035
0034
0033
0032
0031
0030
002f
002e
002d
002c
002a
0028
0026
0024
0022
0020
001e
001c
0019
0016
0013
0010
000d
000a
0007
0004
0000
fffc
fff8
fff4
fff0
ffed
ffe9
ffe6
ffe3
ffe0
ffde
ffdc
ffda
ffd8
ffd6
ffd4
ffd3
ffd2
ffd1
ffcf
ffce
ffcd
ffcc
ffca
ffc9
ffc9
ffc8
ffc8
ffc8
ffc8
ffc7
ffc7
ffc7
ffc7
ffc6
ffc6
ffc5
ffc5
ffc5
ffc5
ffc4
ffc4
ffc3
ffc3
ffc3
ffc3
ffc2
ffc2
ffc1
ffc1
ffc1
ffc0
ffc0
ffbf
ffbf
ffbf
ffbe
ffbe
ffbe
ffbd
ffbd
ffbc
ffbc
ffbd
ffbd
ffbd
ffbc
ffbc
ffbd
ffbd
ffbc
ffbc
ffbd
ffbd
ffbd
ffbc
ffbc
ffbd
ffbd
ffbd
ffbc
ffbb
ffbb
ffbc
ffbc
ffbd
ffbd
ffbd
ffbc
ffbc
ffbc
ffbd
ffbe
ffbe
ffbd
ffbd
ffbc
ffbc
ffbc
ffbd
ffbd
ffbd
ffbc
ffbc
ffbc
ffbd
ffbd
ffbd
ffbc
ffbc
ffbc
ffbc
ffbd
ffbe
ffbe
ffbd
ffbd
ffbc
ffbc
ffbc
ffbd
ffbd
ffbc
ffbc
ffbd
ffbd
ffbc
ffbc
ffbc
ffbd
ffbd
ffbc
ffbc
ffbd
ffbd
ffbc
ffbc
ffbc
ffbd
ffbd
ffbc
ffbc
ffbc
ffbd
ffbd
ffbd
ffbc
ffbb
ffbb
ffbb
ffbc
ffbc
ffbd
ffbd
ffbc
ffbc
ffbd
ffbd
ffbc
ffbb
ffbb
ffbb
ffbc
ffbd
ffbd
ffbc
ffbb
ffbb
ffbc
ffbc
ffbc
ffbd
ffbd
ffbc
ffbc
ffbc
ffbd
ffbd
ffbd
ffbc
ffbc
ffbc
ffbd
ffbd
ffbc
ffbc
ffbc
ffbd
ffbd
ffbc
ffbc
ffbc
ffbd
ffbd
ffbd
ffbc
ffbc
ffbc
ffbd
ffbd
ffbc
ffbc
ffbd
ffbd
ffbc
ffbc
ffbc
ffbd
ffbd
ffbd
ffbc
ffbb
ffbb
ffbc
ffbc
ffbc
ffbd
ffbe
ffbe
ffbd
ffbd
ffbd
ffbc
ffbb
ffbb
ffbb
ffbc
ffbd
ffbd
ffbd
ffbc
ffbb
ffbb
ffbc
ffbc
ffbd
ffbd
ffbd
ffbc
ffbc
ffbc
ffbd
ffbd
ffbd
ffbd
ffbc
ffbc
ffbc
ffbd
ffbd
ffbd
ffbc
ffbc
ffbd
ffbd
ffbd
ffbc
ffbc
ffbd
ffbd
ffbd
ffbd
ffbc
ffbc
ffbc
ffbd
ffbd
ffbd
ffbd
ffbc
ffbc
ffbd
ffbe
ffbe
ffbe
ffbd
ffbd
ffbd
ffbc
ffbc
ffbd
ffbd
ffbd
ffbd
ffbc
ffbc
ffbd
ffbe
ffbe
ffbe
ffbe
ffbd
ffbd
ffbd
ffbc
ffbc
ffbd
ffbe
ffbf
ffbf
ffbf
ffbf
ffbf
ffbe
ffbe
ffbe
ffbe
ffbe
ffbd
ffbd
ffbd
ffbc
ffbc
ffbd
ffbe
ffbf
ffc0
ffc1
ffc2
ffc2
ffc2
ffc2
ffc2
ffc2
ffc2
ffc1
ffc1
ffc1
ffc1
ffc1
ffc1
ffc1
ffc1
ffc0
ffc0
ffc0
ffc0
ffc0
ffc0
ffc0
ffc0
ffc0
ffc0
ffc0
ffc0
ffc0
ffc0
ffc0
ffbf
ffbf
ffbf
ffbf
ffbf
ffc0
ffc1
ffc2
ffc3
ffc4
ffc5
ffc5
ffc5
ffc5
ffc6
ffc7
ffc8
ffc9
ffca
ffcb
ffcc
ffcd
ffce
ffcf
ffd0
ffd1
ffd2
ffd4
ffd6
ffd8
ffda
ffdc
ffde
ffe0
ffe2
ffe4
ffe7
ffea
ffed
fff0
fff3
fff7
fffb
ffff
0003
0007
000b
000f
0012
0016
0019
001c
001f
0021
0023
0025
0027
002a
002c
002d
002e
002f
0031
0032
0033
0035
0036
0036
0036
0036
0037
0037
0038
0038
0038
0038
0039
0039
0039
003a
003a
003a
003a
003b
003c
003c
003c
003c
003c
003d
003e
003e
003e
003e
003f
003f
0040
0040
0040
0041
0041
0042
0042
0042
0043
0043
0043
0044
0045
0045
0044
0044
0043
0042
0042
0043
0043
0043
0044
0044
0044
0043
0043
0043
0043
0044
0045
0045
0044
0044
0043
0043
0044
0044
0043
0043
0044
0044
0043
0043
0043
0044
0044
0044
0044
0043
0042
0042
0043
0043
0043
0044
0044
0044
0044
0043
0043
0043
0044
0044
0044
0044
0043
0042
0042
0043
0043
0044
0044
0044
0044
0043
0042
0042
0043
0043
0044
0044
0044
0044
0043
0043
0043
0043
0044
0045
0046
0046
0046
0045
0045
0044
0044
0043
0043
0044
0044
0044
0043
0043
0043
0044
0045
0045
0045
0044
0044
0044
0043
0043
0043
0044
0044
0044
0044
0043
0043
0043
0044
0044
0044
0043
0043
0044
0044
0044
0043
0043
0043
0044
0045
0045
0045
0044
0044
0043
0043
0043
0044
0045
0045
0044
0044
0044
0043
0043
0044
0044
0043
0043
0044
0044
0043
0043
0044
0044
0044
0043
0043
0043
0044
0044
0043
0043
0044
0044
0044
0043
0043
0044
0044
0043
0042
0042
0043
0043
0044
0044
0043
0043
0044
0044
0043
0043
0043
0044
0044
0044
0043
0042
0042
0042
0043
0043
0044
0044
0044
0043
0042
0042
0042
0042
0043
0043
0044
0044
0044
0043
0042
0041
0041
0041
0042
0042
0043
0043
0043
0043
0044
0044
0043
0043
0043
0043
0044
0044
0044
0043
0042
0041
0041
0041
0041
0041
0041
0042
0043
0043
0043
0043
0043
0043
0044
0044
0043
0043
0043
0043
0043
0043
0043
0044
0044
0043
0042
0042
0042
0042
0042
0042
0043
0043
0043
0043
0043
0043
0043
0043
0044
0044
0043
0042
0041
0040
003f
003f
003f
003f
003f
003f
003f
003f
003f
003f
003f
003f
003f
003f
003f
003f
003f
003f
0040
0040
0040
0040
0040
003f
003e
003d
003c
003b
003a
003a
003a
003a
003a
0039
0038
0037
0036
0035
0034
0033
0032
0030
002e
002c
002a
0028
0026
0024
0022
0020
001e
001c
001a
0018
0015
0012
000f
000c
0008
0004
0000
fffc
fff8
fff4
fff0
ffec
ffe9
ffe6
ffe3
ffe0
ffde
ffdc
ffda
ffd8
ffd5
ffd3
ffd2
ffd1
ffcf
ffce
ffcd
ffcc
ffca
ffc9
ffc9
ffc8
ffc8
ffc8
ffc8
ffc8
ffc7
ffc7
ffc7
ffc6
ffc6
ffc5
ffc5
ffc5
ffc5
ffc4
ffc4
ffc4
ffc3
ffc3
ffc2
ffc2
ffc2
ffc2
ffc1
ffc1
ffc0
ffc0
ffc0
ffbf
ffbf
ffbf
ffbe
ffbe
ffbd
ffbd
ffbc
ffbc
ffbd
ffbd
ffbd
ffbc
ffbc
ffbd
ffbd
ffbd
ffbc
ffbc
ffbc
ffbd
ffbd
ffbd
ffbd
ffbc
ffbc
ffbc
ffbd
ffbd
ffbd
ffbc
ffbc
ffbc
ffbd
ffbe
ffbe
ffbd
ffbd
ffbc
ffbc
ffbd
ffbd
ffbc
ffbc
ffbd
ffbd
ffbc
ffbc
ffbc
ffbd
ffbd
ffbd
ffbd
ffbc
ffbb
ffbb
ffbb
ffbb
ffbc
ffbd
ffbd
ffbd
ffbc
ffbb
ffbb
ffbb
ffbc
ffbc
ffbd
ffbd
ffbd
ffbc
ffbb
ffbb
ffbb
ffbc
ffbc
ffbd
ffbd
ffbd
ffbc
ffbb
ffbb
ffbc
ffbc
ffbc
ffbd
ffbd
ffbc
ffbc
ffbc
ffbd
ffbd
ffbc
ffbc
ffbd
ffbd
ffbc
ffbc
ffbc
ffbd
ffbd
ffbd
ffbc
ffbb
ffbb
ffbb
ffbb
ffbc
ffbd
ffbd
ffbc
ffbc
ffbc
ffbc
ffbd
ffbd
ffbd
ffbc
ffbc
ffbc
ffbd
ffbd
ffbd
ffbc
ffbb
ffba
ffba
ffbb
ffbb
ffbb
ffbc
ffbd
ffbd
ffbc
ffbc
ffbc
ffbc
ffbd
ffbd
ffbd
ffbd
ffbc
ffbb
ffbb
ffbb
ffbc
ffbc
ffbc
ffbd
ffbd
ffbd
ffbc
ffbc
ffbd
ffbd
ffbc
ffbc
ffbc
ffbd
ffbd
ffbc
ffbc
ffbd
ffbd
ffbd
ffbc
ffbc
ffbc
ffbc
ffbd
ffbe
ffbe
ffbd
ffbd
ffbd
ffbc
ffbc
ffbc
ffbd
ffbd
ffbd
ffbc
ffbc
ffbc
ffbd
ffbe
ffbe
ffbd
ffbd
ffbd
ffbc
ffbc
ffbc
ffbd
ffbe
ffbe
ffbd
ffbd
ffbd
ffbd
ffbc
ffbb
ffbb
ffbc
ffbc
ffbd
ffbe
ffbe
ffbe
ffbd
ffbd
ffbd
ffbc
ffbc
ffbd
ffbd
ffbd
ffbc
ffbc
ffbd
ffbd
ffbd
ffbd
ffbd
ffbc
ffbc
ffbc
ffbd
ffbe
ffbe
ffbe
ffbe
ffbe
ffbd
ffbd
ffbd
ffbd
ffbc
ffbc
ffbc
ffbd
ffbe
ffbf
ffc0
ffc1
ffc1
ffc1
ffc0
ffc0
ffc0
ffc0
ffc0
ffc0
ffc0
ffbf
ffbf
ffbf
ffbe
ffbe
ffbe
ffbe
ffbe
ffbe
ffbe
ffbd
ffbd
ffbd
ffbd
ffbd
ffbc
ffbc
ffbd
ffbe
ffbf
ffc0
ffc1
ffc2
ffc3
ffc4
ffc4
ffc4
ffc4
ffc4
ffc4
ffc4
ffc4
ffc4
ffc4
ffc4
ffc4
ffc4
ffc4
ffc4
ffc3
ffc3
ffc3
ffc3
ffc3
ffc4
ffc5
ffc6
ffc7
ffc8
ffc9
ffc9
ffc9
ffc9
ffca
ffcb
ffcc
ffcd
ffce
ffcf
ffd0
ffd1
ffd2
ffd3
ffd4
ffd5
ffd6
ffd7
ffd9
ffdb
ffdd
ffdf
ffe1
ffe3
ffe5
ffe8
ffeb
ffee
fff1
fff4
fff7
fffa
fffd
0001
0005
0009
000d
0011
0015
0018
001b
001d
001f
0022
0024
0026
0028
002b
002d
002e
002f
0030
0032
0033
0034
0035
0037
0038
0038
0039
0039
0039
0039
003a
003a
003a
003b
003b
003b
003c
003c
003c
003c
003d
003d
003e
003e
003e
003e
003f
003f
0040
0040
0041
0041
0041
0041
0042
0042
0043
0043
0043
0044
0044
0044
0043
0043
0043
0043
0044
0044
0044
0043
0042
0042
0042
0043
0043
0044
0044
0044
0043
0042
0042
0042
0043
0044
0044
0043
0043
0043
0044
0044
0044
0043
0043
0043
0044
0044
0044
0043
0043
0043
0044
0044
0044
0043
0043
0043
0044
0045
0045
0044
0044
0044
0043
0043
0043
0044
0044
0044
0043
0043
0043
0044
0045
0045
0044
0044
0044
0043
0043
0043
0044
0045
0045
0045
0044
0044
0043
0043
0043
0044
0045
0045
0045
0044
0044
0043
0043
0044
0044
0044
0043
0043
0043
0044
0045
0045
0045
0044
0044
0044
0043
0043
0043
0044
0044
0044
0043
0043
0044
0044
0044
0043
0043
0044
0044
0044
0043
0043
0043
0044
0045
0045
0044
0044
0044
0043
0043
0044
0044
0043
0043
0044
0044
0044
0043
0043
0044
0044
0043
0043
0044
0044
0044
0043
0043
0043
0044
0044
0044
0043
0043
0044
0044
0043
0043
0044
0044
0043
0043
0044
0044
0044
0043
0043
0043
0043
0044
0045
0045
0044
0044
0044
0043
0042
0042
0043
0043
0043
0044
0044
0044
0043
0043
0043
0043
0044
0044
0044
0044
0043
0042
0041
0041
0041
0042
0042
0043
0043
0043
0044
0044
0044
0043
0042
0042
0042
0043
0043
0043
0044
0044
0043
0043
0043
0043
0044
0044
0043
0043
0043
0043
0044
0044
0043
0043
0043
0043
0043
0044
0044
0043
0043
0043
0043
0044
0044
0043
0042
0041
0041
0041
0041
0041
0042
0042
0042
0042
0043
0043
0043
0043
0043
0043
0044
0044
0043
0042
0042
0042
0042
0042
0042
0042
0042
0042
0043
0043
0043
0043
0043
0043
0043
0043
0044
0044
0043
0042
0041
0040
003f
003e
003d
003c
003b
003a
0039
0038
0037
0036
0036
0036
0036
0036
0036
0035
0034
0033
0032
0031
0031
0031
0031
0030
002f
002e
002d
002c
002b
002a
0029
0028
0027
0026
0025
0024
0022
0020
001e
001c
001a
0018
0016
0014
0011
000e
000b
0008
0005
0002
ffff
fffb
fff7
fff3
ffef
ffec
ffe9
ffe5
ffe2
ffe0
ffde
ffdc
ffd9
ffd7
ffd6
ffd5
ffd3
ffd2
ffd1
ffd0
ffce
ffcd
ffcc
ffcb
ffc9
ffc8
ffc8
ffc8
ffc7
ffc7
ffc7
ffc7
ffc6
ffc6
ffc5
ffc5
ffc5
ffc5
ffc5
ffc4
ffc3
ffc3
ffc3
ffc3
ffc2
ffc2
ffc2
ffc1
ffc1
ffc1
ffc0
ffc0
ffc0
ffbf
ffbf
ffbe
ffbe
ffbd
ffbd
ffbd
ffbd
ffbc
ffbc
ffbc
ffbd
ffbd
ffbd
ffbc
ffbc
ffbd
ffbd
ffbd
ffbc
ffbc
ffbd
ffbd
ffbd
ffbc
ffbc
ffbc
ffbc
ffbd
ffbe
ffbf
ffbf
ffbe
ffbe
ffbe
ffbd
ffbc
ffbc
ffbd
ffbd
ffbd
ffbc
ffbb
ffbb
ffbc
ffbc
ffbc
ffbd
ffbe
ffbe
ffbe
ffbd
ffbc
ffbc
ffbc
ffbd
ffbe
ffbe
ffbd
ffbd
ffbc
ffbc
ffbc
ffbd
ffbd
ffbc
ffbc
ffbd
ffbd
ffbc
ffbc
ffbc
ffbd
ffbd
ffbd
ffbc
ffbb
ffbb
ffbc
ffbc
ffbc
ffbd
ffbd
ffbc
ffbc
ffbd
ffbd
ffbc
ffbc
ffbc
ffbd
ffbd
ffbc
ffbc
ffbc
ffbd
ffbd
ffbd
ffbc
ffbb
ffbb
ffbb
ffbc
ffbc
ffbd
ffbd
ffbd
ffbc
ffbb
ffbb
ffbb
ffbc
ffbc
ffbc
ffbd
ffbd
ffbd
ffbc
ffbb
ffbb
ffbb
ffbc
ffbd
ffbd
ffbc
ffbb
ffbb
ffbb
ffbc
ffbd
ffbd
ffbc
ffbb
ffbb
ffbc
ffbc
ffbc
ffbd
ffbd
ffbd
ffbc
ffbc
ffbc
ffbc
ffbd
ffbd
ffbd
ffbc
ffbc
ffbc
ffbd
ffbd
ffbd
ffbc
ffbb
ffbb
ffbc
ffbc
ffbc
ffbd
ffbd
ffbd
ffbc
ffbc
ffbc
ffbd
ffbd
ffbd
ffbc
ffbc
ffbc
ffbd
ffbd
ffbd
ffbc
ffbc
ffbc
ffbd
ffbd
ffbd
ffbc
ffbc
ffbc
ffbd
ffbd
ffbd
ffbd
ffbc
ffbc
ffbc
ffbd
ffbd
ffbd
ffbc
ffbc
ffbc
ffbd
ffbe
ffbe
ffbe
ffbd
ffbd
ffbc
ffbc
ffbd
ffbd
ffbd
ffbc
ffbc
ffbd
ffbd
ffbd
ffbc
ffbc
ffbd
ffbe
ffbe
ffbe
ffbd
ffbd
ffbc
ffbc
ffbd
ffbe
ffbe
ffbe
ffbd
ffbd
ffbd
ffbd
ffbc
ffbc
ffbd
ffbd
ffbd
ffbd
ffbc
ffbc
ffbd
ffbd
ffbd
ffbd
ffbd
ffbc
ffbc
ffbd
ffbe
ffbf
ffbf
ffbf
ffbf
ffbe
ffbe
ffbe
ffbe
ffbe
ffbd
ffbd
ffbd
ffbd
ffbd
ffbc
ffbc
ffbd
ffbe
ffbf
ffc0
ffc0
ffc0
ffc0
ffc0
ffc0
ffc0
ffbf
ffbf
ffbf
ffbf
ffbf
ffbf
ffbf
ffbf
ffbe
ffbe
ffbe
ffbe
ffbe
ffbe
ffbe
ffbe
ffbe
ffbe
ffbe
ffbe
ffbe
ffbe
ffbe
ffbe
ffbd
ffbd
ffbd
ffbd
ffbe
ffbf
ffc0
ffc1
ffc2
ffc3
ffc3
ffc3
ffc3
ffc3
ffc4
ffc5
ffc6
ffc7
ffc8
ffc9
ffca
ffcb
ffcc
ffcd
ffce
ffcf
ffd1
ffd3
ffd5
ffd7
ffd9
ffdb
ffdd
ffdf
ffe1
ffe4
ffe7
ffea
ffed
fff0
fff3
fff6
fffa
fffe
0002
0006
000a
000f
0013
0016
0019
001c
001f
0021
0023
0025
0027
002a
002c
002d
002e
0030
0031
0032
0033
0035
0036
0036
0037
0037
0037
0037
0038
0038
0038
0038
0039
0039
0039
003a
003a
003b
003b
003b
003b
003c
003c
003c
003d
003d
003e
003e
003e
003f
003f
003f
0040
0040
0041
0041
0041
0042
0042
0043
0043
0043
0044
0044
0044
0043
0042
0042
0042
0043
0043
0044
0044
0044
0043
0042
0042
0043
0043
0043
0044
0044
0044
0043
0043
0043
0044
0044
0043
0043
0044
0044
0044
0043
0043
0043
0044
0044
0043
0043
0044
0044
0044
0043
0043
0043
0044
0044
0044
0043
0043
0044
0044
0043
0043
0044
0044
0044
0043
0043
0043
0044
0045
0045
0044
0044
0044
0043
0043
0044
0044
0043
0043
0044
0044
0044
0043
0043
0044
0044
0043
0043
0044
0044
0044
0044
0043
0042
0042
0043
0043
0044
0045
0045
0044
0044
0044
0043
0043
0044
0044
0044
0043
0043
0043
0044
0045
0045
0044
0044
0044
0043
0043
0044
0044
0044
0043
0043
0043
0044
0045
0045
0045
0044
0044
0043
0043
0043
0044
0044
0044
0044
0043
0043
0043
0044
0044
0044
0044
0043
0042
0042
0043
0043
0044
0044
0044
0043
0043
0043
0044
0044
0044
0044
0043
0042
0042
0043
0043
0043
0044
0045
0045
0044
0044
0043
0043
0044
0044
0043
0043
0043
0044
0044
0044
0043
0043
0043
0044
0044
0043
0043
0044
0044
0043
0043
0043
0043
0044
0045
0045
0044
0044
0043
0042
0042
0042
0043
0043
0043
0044
0045
0045
0044
0043
0043
0043
0044
0044
0043
0042
0042
0042
0043
0043
0043
0044
0044
0043
0043
0043
0043
0043
0044
0044
0044
0043
0042
0041
0040
0040
0040
0041
0041
0041
0041
0041
0041
0042
0042
0043
0043
0043
0043
0043
0043
0044
0044
0043
0042
0041
0041
0041
0041
0041
0042
0042
0042
0042
0042
0042
0042
0042
0042
0043
0043
0043
0043
0043
0043
0044
0044
0043
0042
0041
0040
003f
003e
003d
003c
003b
003a
0039
0038
0037
0036
0035
0034
0034
0034
0034
0034
0033
0032
0031
0030
002f
002f
002f
002f
002e
002d
002c
002b
002a
0029
0028
0027
0026
0025
0024
0023
0022
0020
001e
001c
001a
0018
0016
0014
0012
0010
000d
000a
0007
0004
0001
fffe
fffa
fff6
fff2
ffef
ffec
ffe9
ffe5
ffe2
ffe0
ffde
ffdc
ffd9
ffd7
ffd6
ffd5
ffd3
ffd2
ffd1
ffd0
ffcf
ffcd
ffcc
ffcb
ffca
ffc9
ffc9
ffc8
ffc8
ffc8
ffc8
ffc8
ffc8
ffc7
ffc7
ffc6
ffc6
ffc6
ffc5
ffc5
ffc5
ffc4
ffc4
ffc4
ffc3
ffc3
ffc3
ffc3
ffc2
ffc2
ffc1
ffc1
ffc0
ffc0
ffc0
ffc0
ffbf
ffbe
ffbe
ffbe
ffbe
ffbd
ffbd
ffbc
ffbc
ffbd
ffbd
ffbc
ffbc
ffbd
ffbd
ffbd
ffbd
ffbc
ffbb
ffbb
ffbc
ffbc
ffbd
ffbe
ffbe
ffbd
ffbd
ffbd
ffbc
ffbb
ffbb
ffbc
ffbc
ffbd
ffbd
ffbd
ffbc
ffbc
ffbc
ffbd
ffbd
ffbc
ffbc
ffbd
ffbd
ffbd
ffbc
ffbc
ffbc
ffbd
ffbd
ffbc
ffbc
ffbd
ffbd
ffbc
ffbc
ffbc
ffbd
ffbe
ffbe
ffbd
ffbd
ffbc
ffbb
ffbb
ffbc
ffbc
ffbc
ffbd
ffbd
ffbd
ffbc
ffbc
ffbc
ffbc
ffbd
ffbe
ffbe
ffbd
ffbd
ffbc
ffbc
ffbc
ffbc
ffbd
ffbd
ffbd
ffbc
ffbc
ffbc
ffbd
ffbd
ffbc
ffbc
ffbc
ffbc
ffbd
ffbe
ffbe
ffbd
ffbd
ffbc
ffbc
ffbc
ffbc
ffbd
ffbd
ffbd
ffbc
ffbc
ffbc
ffbc
ffbd
ffbd
ffbd
ffbc
ffbc
ffbc
ffbc
ffbd
ffbd
ffbd
ffbc
ffbc
ffbc
ffbc
ffbd
ffbd
ffbd
ffbc
ffbc
ffbc
ffbc
ffbd
ffbe
ffbe
ffbd
ffbd
ffbc
ffbb
ffbb
ffbc
ffbc
ffbc
ffbd
ffbd
ffbd
ffbc
ffbc
ffbc
ffbd
ffbd
ffbc
ffbc
ffbd
ffbd
ffbd
ffbc
ffbb
ffbb
ffbb
ffbc
ffbd
ffbd
ffbc
ffbc
ffbc
ffbd
ffbd
ffbd
ffbc
ffbc
ffbc
ffbd
ffbd
ffbd
ffbd
ffbc
ffbb
ffbb
ffbc
ffbc
ffbd
ffbd
ffbd
ffbc
ffbc
ffbc
ffbd
ffbd
ffbd
ffbd
ffbc
ffbc
ffbc
ffbd
ffbd
ffbd
ffbc
ffbc
ffbd
ffbd
ffbd
ffbd
ffbc
ffbc
ffbc
ffbd
ffbe
ffbe
ffbe
ffbd
ffbd
ffbd
ffbd
ffbc
ffbb
ffbb
ffbc
ffbd
ffbd
ffbd
ffbd
ffbc
ffbc
ffbd
ffbd
ffbd
ffbd
ffbc
ffbc
ffbd
ffbd
ffbd
ffbd
ffbd
ffbc
ffbc
ffbd
ffbd
ffbd
ffbd
ffbd
ffbd
ffbc
ffbc
ffbd
ffbd
ffbd
ffbd
ffbd
ffbd
ffbd
ffbc
ffbc
ffbd
ffbe
ffbe
ffbe
ffbe
ffbe
ffbe
ffbe
ffbd
ffbd
ffbd
ffbd
ffbd
ffbd
ffbc
ffbc
ffbd
ffbe
ffbf
ffc0
ffc1
ffc2
ffc3
ffc4
ffc4
ffc4
ffc4
ffc4
ffc4
ffc4
ffc4
ffc4
ffc4
ffc4
ffc4
ffc4
ffc3
ffc3
ffc3
ffc3
ffc4
ffc5
ffc6
ffc7
ffc8
ffc8
ffc8
ffc8
ffc8
ffc9
ffca
ffcb
ffcc
ffcd
ffce
ffcf
ffd0
ffd1
ffd2
ffd3
ffd4
ffd5
ffd6
ffd7
ffd8
ffd9
ffdb
ffdd
ffdf
ffe1
ffe3
ffe5
ffe8
ffeb
ffee
fff1
fff4
fff7
fffa
fffd
0000
0004
0008
000c
0010
0014
0017
001a
001d
001f
0021
0024
0026
0028
002a
002c
002d
002e
002f
0031
0032
0033
0034
0036
0037
0037
0037
0038
0038
0038
0039
0039
0039
0039
003a
003a
003a
003b
003b
003b
003c
003c
003c
003d
003d
003e
003e
003e
003e
003f
003f
003f
0040
0040
0041
0041
0042
0042
0042
0043
0043
0043
0044
0044
0044
0043
0043
0043
0043
0044
0044
0044
0043
0043
0043
0043
0044
0044
0044
0043
0043
0043
0044
0044
0044
0043
0042
0042
0043
0043
0044
0044
0043
0043
0044
0044
0043
0043
0044
0044
0043
0043
0044
0044
0043
0043
0044
0044
0044
0043
0043
0043
0044
0044
0044
0043
0043
0044
0044
0044
0043
0043
0043
0044
0044
0044
0043
0043
0043
0044
0045
0045
0045
0045
0044
0043
0043
0044
0044
0044
0043
0043
0044
0044
0043
0043
0044
0044
0044
0044
0043
0042
0042
0043
0043
0044
0045
0045
0044
0044
0044
0044
0043
0042
0042
0043
0043
0044
0044
0044
0044
0043
0043
0043
0044
0044
0044
0043
0043
0044
0044
0044
0043
0043
0044
0044
0043
0043
0044
0044
0044
0043
0043
0044
0044
0044
0043
0042
0042
0043
0044
0044
0043
0043
0043
0044
0045
0045
0045
0044
0044
0043
0043
0043
0044
0044
0044
0043
0043
0043
0044
0044
0044
0043
0043
0044
0044
0043
0043
0043
0044
0044
0044
0043
0043
0043
0043
0044
0045
0045
0045
0044
0043
0043
0043
0044
0044
0044
0043
0043
0043
0043
0044
0044
0043
0043
0044
0044
0043
0042
0042
0043
0043
0043
0043
0044
0044
0044
0043
0042
0042
0042
0043
0043
0043
0044
0044
0043
0042
0042
0042
0043
0043
0043
0043
0044
0044
0043
0043
0043
0043
0043
0044
0044
0044
0043
0042
0041
0040
003f
003f
003f
003f
0040
0040
0040
0040
0040
0041
0041
0041
0041
0041
0042
0042
0042
0042
0042
0043
0043
0043
0043
0043
0043
0043
0044
0044
0043
0042
0041
0040
003f
003e
003d
003d
003d
003d
003d
003d
003d
003d
003d
003d
003d
003d
003d
003d
003d
003e
003e
003e
003e
003e
003d
003c
003b
003a
0039
0038
0038
0038
0038
0038
0037
0036
0035
0034
0033
0032
0031
0030
002f
002e
002d
002c
002a
0028
0026
0024
0022
0020
001e
001c
0019
0016
0013
0010
000d
000a
0007
0004
0000
fffc
fff8
fff4
fff0
ffed
ffe9
ffe6
ffe3
ffe0
ffde
ffdc
ffda
ffd8
ffd6
ffd4
ffd3
ffd2
ffd1
ffcf
ffce
ffcd
ffcc
ffca
ffc9
ffc9
ffc8
ffc8
ffc8
ffc8
ffc7
ffc7
ffc7
ffc7
ffc6
ffc6
ffc5
ffc5
ffc5
ffc5
ffc4
ffc4
ffc3
ffc3
ffc3
ffc3
ffc2
ffc2
ffc1
ffc1
ffc1
ffc0
ffc0
ffbf
ffbf
ffbf
ffbe
ffbe
ffbe
ffbd
ffbd
ffbc
ffbc
ffbd
ffbd
ffbd
ffbc
ffbc
ffbd
ffbd
ffbc
ffbc
ffbd
ffbd
ffbd
ffbc
ffbc
ffbd
ffbd
ffbd
ffbc
ffbb
ffbb
ffbc
ffbc
ffbd
ffbd
ffbd
ffbc
ffbc
ffbc
ffbd
ffbe
ffbe
ffbd
ffbd
ffbc
ffbc
ffbc
ffbd
ffbd
ffbd
ffbc
ffbc
ffbc
ffbd
ffbd
ffbd
ffbc
ffbc
ffbc
ffbc
ffbd
ffbe
ffbe
ffbd
ffbd
ffbc
ffbc
ffbc
ffbd
ffbd
ffbc
ffbc
ffbd
ffbd
ffbc
ffbc
ffbc
ffbd
ffbd
ffbc
ffbc
ffbd
ffbd
ffbc
ffbc
ffbc
ffbd
ffbd
ffbc
ffbc
ffbc
ffbd
ffbd
ffbd
ffbc
ffbb
ffbb
ffbb
ffbc
ffbc
ffbd
ffbd
ffbc
ffbc
ffbd
ffbd
ffbc
ffbb
ffbb
ffbb
ffbc
ffbd
ffbd
ffbc
ffbb
ffbb
ffbc
ffbc
ffbc
ffbd
ffbd
ffbc
ffbc
ffbc
ffbd
ffbd
ffbd
ffbc
ffbc
ffbc
ffbd
ffbd
ffbc
ffbc
ffbc
ffbd
ffbd
ffbc
ffbc
ffbc
ffbd
ffbd
ffbd
ffbc
ffbc
ffbc
ffbd
ffbd
ffbc
ffbc
ffbd
ffbd
ffbc
ffbc
ffbc
ffbd
ffbd
ffbd
ffbc
ffbb
ffbb
ffbc
ffbc
ffbc
ffbd
ffbe
ffbe
ffbd
ffbd
ffbd
ffbc
ffbb
ffbb
ffbb
ffbc
ffbd
ffbd
ffbd
ffbc
ffbb
ffbb
ffbc
ffbc
ffbd
ffbd
ffbd
ffbc
ffbc
ffbc
ffbd
ffbd
ffbd
ffbd
ffbc
ffbc
ffbc
ffbd
ffbd
ffbd
ffbc
ffbc
ffbd
ffbd
ffbd
ffbc
ffbc
ffbd
ffbd
ffbd
ffbd
ffbc
ffbc
ffbc
ffbd
ffbd
ffbd
ffbd
ffbc
ffbc
ffbd
ffbe
ffbe
ffbe
ffbd
ffbd
ffbd
ffbc
ffbc
ffbd
ffbd
ffbd
ffbd
ffbc
ffbc
ffbd
ffbe
ffbe
ffbe
ffbe
ffbd
ffbd
ffbd
ffbc
ffbc
ffbd
ffbe
ffbf
ffbf
ffbf
ffbf
ffbf
ffbe
ffbe
ffbe
ffbe
ffbe
ffbd
ffbd
ffbd
ffbc
ffbc
ffbd
ffbe
ffbf
ffc0
ffc1
ffc2
ffc2
ffc2
ffc2
ffc2
ffc2
ffc2
ffc1
ffc1
ffc1
ffc1
ffc1
ffc1
ffc1
ffc1
ffc0
ffc0
ffc0
ffc0
ffc0
ffc0
ffc0
ffc0
ffc0
ffc0
ffc0
ffc0
ffc0
ffc0
ffc0
ffbf
ffbf
ffbf
ffbf
ffbf
ffc0
ffc1
ffc2
ffc3
ffc4
ffc5
ffc5
ffc5
ffc5
ffc6
ffc7
ffc8
ffc9
ffca
ffcb
ffcc
ffcd
ffce
ffcf
ffd0
ffd1
ffd2
ffd4
ffd6
ffd8
ffda
ffdc
ffde
ffe0
ffe2
ffe4
ffe7
ffea
ffed
fff0
fff3
fff7
fffb
ffff
0003
0007
000b
000f
0012
0016
0019
001c
001f
0021
0023
0025
0027
002a
002c
002d
002e
002f
0031
0032
0033
0035
0036
0036
0036
0036
0037
0037
0038
0038
0038
0038
0039
0039
0039
003a
003a
003a
003a
003b
003c
003c
003c
003c
003c
003d
003e
003e
003e
003e
003f
003f
0040
0040
0040
0041
0041
0042
0042
0042
0043
0043
0043
0044
0045
0045
0044
0044
0043
0042
0042
0043
0043
0043
0044
0044
0044
0043
0043
0043
0043
0044
0045
0045
0044
0044
0043
0043
0044
0044
0043
0043
0044
0044
0043
0043
0043
0044
0044
0044
0044
0043
0042
0042
0043
0043
0043
0044
0044
0044
0044
0043
0043
0043
0044
0044
0044
0044
0043
0042
0042
0043
0043
0044
0044
0044
0044
0043
0042
0042
0043
0043
0044
0044
0044
0044
0043
0043
0043
0043
0044
0045
0046
0046
0046
0045
0045
0044
0044
0043
0043
0044
0044
0044
0043
0043
0043
0044
0045
0045
0045
0044
0044
0044
0043
0043
0043
0044
0044
0044
0044
0043
0043
0043
0044
0044
0044
0043
0043
0044
0044
0044
0043
0043
0043
0044
0045
0045
0045
0044
0044
0043
0043
0043
0044
0045
0045
0044
0044
0044
0043
0043
0044
0044
0043
0043
0044
0044
0043
0043
0044
0044
0044
0043
0043
0043
0044
0044
0043
0043
0044
0044
0044
0043
0043
0044
0044
0043
0042
0042
0043
0043
0044
0044
0043
0043
0044
0044
0043
0043
0043
0044
0044
0044
0043
0042
0042
0042
0043
0043
0044
0044
0044
0043
0042
0042
0042
0042
0043
0043
0044
0044
0044
0043
0042
0041
0041
0041
0042
0042
0043
0043
0043
0043
0044
0044
0043
0043
0043
0043
0044
0044
0044
0043
0042
0041
0041
0041
0041
0041
0041
0042
0043
0043
0043
0043
0043
0043
0044
0044
0043
0043
0043
0043
0043
0043
0043
0044
0044
0043
0042
0042
0042
0042
0042
0042
0043
0043
0043
0043
0043
0043
0043
0043
0044
0044
0043
0042
0041
0040
003f
003f
003f
003f
003f
003f
003f
003f
003f
003f
003f
003f
003f
003f
003f
003f
003f
003f
0040
0040
0040
0040
0040
003f
003e
003d
003c
003b
003a
003a
003a
003a
003a
0039
0038
0037
0036
0035
0034
0033
0032
0030
002e
002c
002a
0028
0026
0024
0022
0020
001e
001c
001a
0018
0015
0012
000f
000c
0008
0004
0000
fffc
fff8
fff4
fff0
ffec
ffe9
ffe6
ffe3
ffe0
ffde
ffdc
ffda
ffd8
ffd5
ffd3
ffd2
ffd1
ffcf
ffce
ffcd
ffcc
ffca
ffc9
ffc9
ffc8
ffc8
ffc8
ffc8
ffc8
ffc7
ffc7
ffc7
ffc6
ffc6
ffc5
ffc5
ffc5
ffc5
ffc4
ffc4
ffc4
ffc3
ffc3
ffc2
ffc2
ffc2
ffc2
ffc1
ffc1
ffc0
ffc0
ffc0
ffbf
ffbf
ffbf
ffbe
ffbe
ffbd
ffbd
ffbc
ffbc
ffbd
ffbd
ffbd
ffbc
ffbc
ffbd
ffbd
ffbd
ffbc
ffbc
ffbc
ffbd
ffbd
ffbd
ffbd
ffbc
ffbc
ffbc
ffbd
ffbd
ffbd
ffbc
ffbc
ffbc
ffbd
ffbe
ffbe
ffbd
ffbd
ffbc
ffbc
ffbd
ffbd
ffbc
ffbc
ffbd
ffbd
ffbc
ffbc
ffbc
ffbd
ffbd
ffbd
ffbd
ffbc
ffbb
ffbb
ffbb
ffbb
ffbc
ffbd
ffbd
ffbd
ffbc
ffbb
ffbb
ffbb
ffbc
ffbc
ffbd
ffbd
ffbd
ffbc
ffbb
ffbb
ffbb
ffbc
ffbc
ffbd
ffbd
ffbd
ffbc
ffbb
ffbb
ffbc
ffbc
ffbc
ffbd
ffbd
ffbc
ffbc
ffbc
ffbd
ffbd
ffbc
ffbc
ffbd
ffbd
ffbc
ffbc
ffbc
ffbd
ffbd
ffbd
ffbc
ffbb
ffbb
ffbb
ffbb
ffbc
ffbd
ffbd
ffbc
ffbc
ffbc
ffbc
ffbd
ffbd
ffbd
ffbc
ffbc
ffbc
ffbd
ffbd
ffbd
ffbc
ffbb
ffba
ffba
ffbb
ffbb
ffbb
ffbc
ffbd
ffbd
ffbc
ffbc
ffbc
ffbc
ffbd
ffbd
ffbd
ffbd
ffbc
ffbb
ffbb
ffbb
ffbc
ffbc
ffbc
ffbd
ffbd
ffbd
ffbc
ffbc
ffbd
ffbd
ffbc
ffbc
ffbc
ffbd
ffbd
ffbc
ffbc
ffbd
ffbd
ffbd
ffbc
ffbc
ffbc
ffbc
ffbd
ffbe
ffbe
ffbd
ffbd
ffbd
ffbc
ffbc
ffbc
ffbd
ffbd
ffbd
ffbc
ffbc
ffbc
ffbd
ffbe
ffbe
ffbd
ffbd
ffbd
ffbc
ffbc
ffbc
ffbd
ffbe
ffbe
ffbd
ffbd
ffbd
ffbd
ffbc
ffbb
ffbb
ffbc
ffbc
ffbd
ffbe
ffbe
ffbe
ffbd
ffbd
ffbd
ffbc
ffbc
ffbd
ffbd
ffbd
ffbc
ffbc
ffbd
ffbd
ffbd
ffbd
ffbd
ffbc
ffbc
ffbc
ffbd
ffbe
ffbe
ffbe
ffbe
ffbe
ffbd
ffbd
ffbd
ffbd
ffbc
ffbc
ffbc
ffbd
ffbe
ffbf
ffc0
ffc1
ffc1
ffc1
ffc0
ffc0
ffc0
ffc0
ffc0
ffc0
ffc0
ffbf
ffbf
ffbf
ffbe
ffbe
ffbe
ffbe
ffbe
ffbe
ffbe
ffbd
ffbd
ffbd
ffbd
ffbd
ffbc
ffbc
ffbd
ffbe
ffbf
ffc0
ffc1
ffc2
ffc3
ffc4
ffc4
ffc4
ffc4
ffc4
ffc4
ffc4
ffc4
ffc4
ffc4
ffc4
ffc4
ffc4
ffc4
ffc4
ffc3
ffc3
ffc3
ffc3
ffc3
ffc4
ffc5
ffc6
ffc7
ffc8
ffc9
ffc9
ffc9
ffc9
ffca
ffcb
ffcc
ffcd
ffce
ffcf
ffd0
ffd1
ffd2
ffd3
ffd4
ffd5
ffd6
ffd7
ffd9
ffdb
ffdd
ffdf
ffe1
ffe3
ffe5
ffe8
ffeb
ffee
fff1
fff4
fff7
fffa
fffd
0001
0005
0009
000d
0011
0015
0018
001b
001d
001f
0022
0024
0026
0028
002b
002d
002e
002f
0030
0032
0033
0034
0035
0037
0038
0038
0039
0039
0039
0039
003a
003a
003a
003b
003b
003b
003c
003c
003c
003c
003d
003d
003e
003e
003e
003e
003f
003f
0040
0040
0041
0041
0041
0041
0042
0042
0043
0043
0043
0044
0044
0044
0043
0043
0043
0043
0044
0044
0044
0043
0042
0042
0042
0043
0043
0044
0044
0044
0043
0042
0042
0042
0043
0044
0044
0043
0043
0043
0044
0044
0044
0043
0043
0043
0044
0044
0044
0043
0043
0043
0044
0044
0044
0043
0043
0043
0044
0045
0045
0044
0044
0044
0043
0043
0043
0044
0044
0044
0043
0043
0043
0044
0045
0045
0044
0044
0044
0043
0043
0043
0044
0045
0045
0045
0044
0044
0043
0043
0043
0044
0045
0045
0045
0044
0044
0043
0043
0044
0044
0044
0043
0043
0043
0044
0045
0045
0045
0044
0044
0044
0043
0043
0043
0044
0044
0044
0043
0043
0044
0044
0044
0043
0043
0044
0044
0044
0043
0043
0043
0044
0045
0045
0044
0044
0044
0043
0043
0044
0044
0043
0043
0044
0044
0044
0043
0043
0044
0044
0043
0043
0044
0044
0044
0043
0043
0043
0044
0044
0044
0043
0043
0044
0044
0043
0043
0044
0044
0043
0043
0044
0044
0044
0043
0043
0043
0043
0044
0045
0045
0044
0044
0044
0043
0042
0042
0043
0043
0043
0044
0044
0044
0043
0043
0043
0043
0044
0044
0044
0044
0043
0042
0041
0041
0041
0042
0042
0043
0043
0043
0044
0044
0044
0043
0042
0042
0042
0043
0043
0043
0044
0044
0043
0043
0043
0043
0044
0044
0043
0043
0043
0043
0044
0044
0043
0043
0043
0043
0043
0044
0044
0043
0043
0043
0043
0044
0044
0043
0042
0041
0041
0041
0041
0041
0042
0042
0042
0042
0043
0043
0043
0043
0043
0043
0044
0044
0043
0042
0042
0042
0042
0042
0042
0042
0042
0042
0043
0043
0043
0043
0043
0043
0043
0043
0044
0044
0043
0042
0041
0040
003f
003e
003d
003c
003b
003a
0039
0038
0037
0036
0036
0036
0036
0036
0036
0035
0034
0033
0032
0031
0031
0031
0031
0030
002f
002e
002d
002c
002b
002a
0029
0028
0027
0026
0025
0024
0022
0020
001e
001c
001a
0018
0016
0014
0011
000e
000b
0008
0005
0002
ffff
fffb
fff7
fff3
ffef
ffec
ffe9
ffe5
ffe2
ffe0
ffde
ffdc
ffd9
ffd7
ffd6
ffd5
ffd3
ffd2
ffd1
ffd0
ffce
ffcd
ffcc
ffcb
ffc9
ffc8
ffc8
ffc8
ffc7
ffc7
ffc7
ffc7
ffc6
ffc6
ffc5
ffc5
ffc5
ffc5
ffc5
ffc4
ffc3
ffc3
ffc3
ffc3
ffc2
ffc2
ffc2
ffc1
ffc1
ffc1
ffc0
ffc0
ffc0
ffbf
ffbf
ffbe
ffbe
ffbd
ffbd
ffbd
ffbd
ffbc
ffbc
ffbc
ffbd
ffbd
ffbd
ffbc
ffbc
ffbd
ffbd
ffbd
ffbc
ffbc
ffbd
ffbd
ffbd
ffbc
ffbc
ffbc
ffbc
ffbd
ffbe
ffbf
ffbf
ffbe
ffbe
ffbe
ffbd
ffbc
ffbc
ffbd
ffbd
ffbd
ffbc
ffbb
ffbb
ffbc
ffbc
ffbc
ffbd
ffbe
ffbe
ffbe
ffbd
ffbc
ffbc
ffbc
ffbd
ffbe
ffbe
ffbd
ffbd
ffbc
ffbc
ffbc
ffbd
ffbd
ffbc
ffbc
ffbd
ffbd
ffbc
ffbc
ffbc
ffbd
ffbd
ffbd
ffbc
ffbb
ffbb
ffbc
ffbc
ffbc
ffbd
ffbd
ffbc
ffbc
ffbd
ffbd
ffbc
ffbc
ffbc
ffbd
ffbd
ffbc
ffbc
ffbc
ffbd
ffbd
ffbd
ffbc
ffbb
ffbb
ffbb
ffbc
ffbc
ffbd
ffbd
ffbd
ffbc
ffbb
ffbb
ffbb
ffbc
ffbc
ffbc
ffbd
ffbd
ffbd
ffbc
ffbb
ffbb
ffbb
ffbc
ffbd
ffbd
ffbc
ffbb
ffbb
ffbb
ffbc
ffbd
ffbd
ffbc
ffbb
ffbb
ffbc
ffbc
ffbc
ffbd
ffbd
ffbd
ffbc
ffbc
ffbc
ffbc
ffbd
ffbd
ffbd
ffbc
ffbc
ffbc
ffbd
ffbd
ffbd
ffbc
ffbb
ffbb
ffbc
ffbc
ffbc
ffbd
ffbd
ffbd
ffbc
ffbc
ffbc
ffbd
ffbd
ffbd
ffbc
ffbc
ffbc
ffbd
ffbd
ffbd
ffbc
ffbc
ffbc
ffbd
ffbd
ffbd
ffbc
ffbc
ffbc
ffbd
ffbd
ffbd
ffbd
ffbc
ffbc
ffbc
ffbd
ffbd
ffbd
ffbc
ffbc
ffbc
ffbd
ffbe
ffbe
ffbe
ffbd
ffbd
ffbc
ffbc
ffbd
ffbd
ffbd
ffbc
ffbc
ffbd
ffbd
ffbd
ffbc
ffbc
ffbd
ffbe
ffbe
ffbe
ffbd
ffbd
ffbc
ffbc
ffbd
ffbe
ffbe
ffbe
ffbd
ffbd
ffbd
ffbd
ffbc
ffbc
ffbd
ffbd
ffbd
ffbd
ffbc
ffbc
ffbd
ffbd
ffbd
ffbd
ffbd
ffbc
ffbc
ffbd
ffbe
ffbf
ffbf
ffbf
ffbf
ffbe
ffbe
ffbe
ffbe
ffbe
ffbd
ffbd
ffbd
ffbd
ffbd
ffbc
ffbc
ffbd
ffbe
ffbf
ffc0
ffc0
ffc0
ffc0
ffc0
ffc0
ffc0
ffbf
ffbf
ffbf
ffbf
ffbf
ffbf
ffbf
ffbf
ffbe
ffbe
ffbe
ffbe
ffbe
ffbe
ffbe
ffbe
ffbe
ffbe
ffbe
ffbe
ffbe
ffbe
ffbe
ffbe
ffbd
ffbd
ffbd
ffbd
ffbe
ffbf
ffc0
ffc1
ffc2
ffc3
ffc3
ffc3
ffc3
ffc3
ffc4
ffc5
ffc6
ffc7
ffc8
ffc9
ffca
ffcb
ffcc
ffcd
ffce
ffcf
ffd1
ffd3
ffd5
ffd7
ffd9
ffdb
ffdd
ffdf
ffe1
ffe4
ffe7
ffea
ffed
fff0
fff3
fff6
fffa
fffe
0002
0006
000a
000f
0013
0016
0019
001c
001f
0021
0023
0025
0027
002a
002c
002d
002e
0030
0031
0032
0033
0035
0036
0036
0037
0037
0037
0037
0038
0038
0038
0038
0039
0039
0039
003a
003a
003b
003b
003b
003b
003c
003c
003c
003d
003d
003e
003e
003e
003f
003f
003f
0040
0040
0041
0041
0041
0042
0042
0043
0043
0043
0044
0044
0044
0043
0042
0042
0042
0043
0043
0044
0044
0044
0043
0042
0042
0043
0043
0043
0044
0044
0044
0043
0043
0043
0044
0044
0043
0043
0044
0044
0044
0043
0043
0043
0044
0044
0043
0043
0044
0044
0044
0043
0043
0043
0044
0044
0044
0043
0043
0044
0044
0043
0043
0044
0044
0044
0043
0043
0043
0044
0045
0045
0044
0044
0044
0043
0043
0044
0044
0043
0043
0044
0044
0044
0043
0043
0044
0044
0043
0043
0044
0044
0044
0044
0043
0042
0042
0043
0043
0044
0045
0045
0044
0044
0044
0043
0043
0044
0044
0044
0043
0043
0043
0044
0045
0045
0044
0044
0044
0043
0043
0044
0044
0044
0043
0043
0043
0044
0045
0045
0045
0044
0044
0043
0043
0043
0044
0044
0044
0044
0043
0043
0043
0044
0044
0044
0044
0043
0042
0042
0043
0043
0044
0044
0044
0043
0043
0043
0044
0044
0044
0044
0043
0042
0042
0043
0043
0043
0044
0045
0045
0044
0044
0043
0043
0044
0044
0043
0043
0043
0044
0044
0044
0043
0043
0043
0044
0044
0043
0043
0044
0044
0043
0043
0043
0043
0044
0045
0045
0044
0044
0043
0042
0042
0042
0043
0043
0043
0044
0045
0045
0044
0043
0043
0043
0044
0044
0043
0042
0042
0042
0043
0043
0043
0044
0044
0043
0043
0043
0043
0043
0044
0044
0044
0043
0042
0041
0040
0040
0040
0041
0041
0041
0041
0041
0041
0042
0042
0043
0043
0043
0043
0043
0043
0044
0044
0043
0042
0041
0041
0041
0041
0041
0042
0042
0042
0042
0042
0042
0042
0042
0042
0043
0043
0043
0043
0043
0043
0044
0044
0043
0042
0041
0040
003f
003e
003d
003c
003b
003a
0039
0038
0037
0036
0035
0034
0034
0034
0034
0034
0033
0032
0031
0030
002f
002f
002f
002f
002e
002d
002c
002b
002a
0029
0028
0027
0026
0025
0024
0023
0022
0020
001e
001c
001a
0018
0016
0014
0012
0010
000d
000a
0007
0004
0001
fffe
fffa
fff6
fff2
ffef
ffec
ffe9
ffe5
ffe2
ffe0
ffde
ffdc
ffd9
ffd7
ffd6
ffd5
ffd3
ffd2
ffd1
ffd0
ffcf
ffcd
ffcc
ffcb
ffca
ffc9
ffc9
ffc8
ffc8
ffc8
ffc8
ffc8
ffc8
ffc7
ffc7
ffc6
ffc6
ffc6
ffc5
ffc5
ffc5
ffc4
ffc4
ffc4
ffc3
ffc3
ffc3
ffc3
ffc2
ffc2
ffc1
ffc1
ffc0
ffc0
ffc0
ffc0
ffbf
ffbe
ffbe
ffbe
ffbe
ffbd
ffbd
ffbc
ffbc
ffbd
ffbd
ffbc
ffbc
ffbd
ffbd
ffbd
ffbd
ffbc
ffbb
ffbb
ffbc
ffbc
ffbd
ffbe
ffbe
ffbd
ffbd
ffbd
ffbc
ffbb
ffbb
ffbc
ffbc
ffbd
ffbd
ffbd
ffbc
ffbc
ffbc
ffbd
ffbd
ffbc
ffbc
ffbd
ffbd
ffbd
ffbc
ffbc
ffbc
ffbd
ffbd
ffbc
ffbc
ffbd
ffbd
ffbc
ffbc
ffbc
ffbd
ffbe
ffbe
ffbd
ffbd
ffbc
ffbb
ffbb
ffbc
ffbc
ffbc
ffbd
ffbd
ffbd
ffbc
ffbc
ffbc
ffbc
ffbd
ffbe
ffbe
ffbd
ffbd
ffbc
ffbc
ffbc
ffbc
ffbd
ffbd
ffbd
ffbc
ffbc
ffbc
ffbd
ffbd
ffbc
ffbc
ffbc
ffbc
ffbd
ffbe
ffbe
ffbd
ffbd
ffbc
ffbc
ffbc
ffbc
ffbd
ffbd
ffbd
ffbc
ffbc
ffbc
ffbc
ffbd
ffbd
ffbd
ffbc
ffbc
ffbc
ffbc
ffbd
ffbd
ffbd
ffbc
ffbc
ffbc
ffbc
ffbd
ffbd
ffbd
ffbc
ffbc
ffbc
ffbc
ffbd
ffbe
ffbe
ffbd
ffbd
ffbc
ffbb
ffbb
ffbc
ffbc
ffbc
ffbd
ffbd
ffbd
ffbc
ffbc
ffbc
ffbd
ffbd
ffbc
ffbc
ffbd
ffbd
ffbd
ffbc
ffbb
ffbb
ffbb
ffbc
ffbd
ffbd
ffbc
ffbc
ffbc
ffbd
ffbd
ffbd
ffbc
ffbc
ffbc
ffbd
ffbd
ffbd
ffbd
ffbc
ffbb
ffbb
ffbc
ffbc
ffbd
ffbd
ffbd
ffbc
ffbc
ffbc
ffbd
ffbd
ffbd
ffbd
ffbc
ffbc
ffbc
ffbd
ffbd
ffbd
ffbc
ffbc
ffbd
ffbd
ffbd
ffbd
ffbc
ffbc
ffbc
ffbd
ffbe
ffbe
ffbe
ffbd
ffbd
ffbd
ffbd
ffbc
ffbb
ffbb
ffbc
ffbd
ffbd
ffbd
ffbd
ffbc
ffbc
ffbd
ffbd
ffbd
ffbd
ffbc
ffbc
ffbd
ffbd
ffbd
ffbd
ffbd
ffbc
ffbc
ffbd
ffbd
ffbd
ffbd
ffbd
ffbd
ffbc
ffbc
ffbd
ffbd
ffbd
ffbd
ffbd
ffbd
ffbd
ffbc
ffbc
ffbd
ffbe
ffbe
ffbe
ffbe
ffbe
ffbe
ffbe
ffbd
ffbd
ffbd
ffbd
ffbd
ffbd
ffbc
ffbc
ffbd
ffbe
ffbf
ffc0
ffc1
ffc2
ffc3
ffc4
ffc4
ffc4
ffc4
ffc4
ffc4
ffc4
ffc4
ffc4
ffc4
ffc4
ffc4
ffc4
ffc3
ffc3
ffc3
ffc3
ffc4
ffc5
ffc6
ffc7
ffc8
ffc8
ffc8
ffc8
ffc8
ffc9
ffca
ffcb
ffcc
ffcd
ffce
ffcf
ffd0
ffd1
ffd2
ffd3
ffd4
ffd5
ffd6
ffd7
ffd8
ffd9
ffdb
ffdd
ffdf
ffe1
ffe3
ffe5
ffe8
ffeb
ffee
fff1
fff4
fff7
fffa
fffd
0000
0004
0008
000c
0010
0014
0017
001a
001d
001f
0021
0024
0026
0028
002a
002c
002d
002e
002f
0031
0032
0033
0034
0036
0037
0037
0037
0038
0038
0038
0039
0039
0039
0039
003a
003a
003a
003b
003b
003b
003c
003c
003c
003d
003d
003e
003e
003e
003e
003f
003f
003f
0040
0040
0041
0041
0042
0042
0042
0043
0043
0043
0044
0044
0044
0043
0043
0043
0043
0044
0044
0044
0043
0043
0043
0043
0044
0044
0044
0043
0043
0043
0044
0044
0044
0043
0042
0042
0043
0043
0044
0044
0043
0043
0044
0044
0043
0043
0044
0044
0043
0043
0044
0044
0043
0043
0044
0044
0044
0043
0043
0043
0044
0044
0044
0043
0043
0044
0044
0044
0043
0043
0043
0044
0044
0044
0043
0043
0043
0044
0045
0045
0045
0045
0044
0043
0043
0044
0044
0044
0043
0043
0044
0044
0043
0043
0044
0044
0044
0044
0043
0042
0042
0043
0043
0044
0045
0045
0044
0044
0044
0044
0043
0042
0042
0043
0043
0044
0044
0044
0044
0043
0043
0043
0044
0044
0044
0043
0043
0044
0044
0044
0043
0043
0044
0044
0043
0043
0044
0044
0044
0043
0043
0044
0044
0044
0043
0042
0042
0043
0044
0044
0043
0043
0043
0044
0045
0045
0045
0044
0044
0043
0043
0043
0044
0044
0044
0043
0043
0043
0044
0044
0044
0043
0043
0044
0044
0043
0043
0043
0044
0044
0044
0043
0043
0043
0043
0044
0045
0045
0045
0044
0043
0043
0043
0044
0044
0044
0043
0043
0043
0043
0044
0044
0043
0043
0044
0044
0043
0042
0042
0043
0043
0043
0043
0044
0044
0044
0043
0042
0042
0042
0043
0043
0043
0044
0044
0043
0042
0042
0042
0043
0043
0043
0043
0044
0044
0043
0043
0043
0043
0043
0044
0044
0044
0043
0042
0041
0040
003f
003f
003f
003f
0040
0040
0040
0040
0040
0041
0041
0041
0041
0041
0042
0042
0042
0042
0042
0043
0043
0043
0043
0043
0043
0043
0044
0044
0043
0042
0041
0040
003f
003e
003d
003d
003d
003d
003d
003d
003d
003d
003d
003d
003d
003d
003d
003d
003d
003e
003e
003e
003e
003e
003d
003c
003b
003a
0039
0038
0038
0038
0038
0038
0037
0036
0035
0034
0033
0032
0031
0030
002f
002e
002d
002c
002a
0028
0026
0024
0022
0020
001e
001c
0019
0016
0013
0010
000d
000a
0007
0004
0000
fffc
fff8
fff4
fff0
ffed
ffe9
ffe6
ffe3
ffe0
ffde
ffdc
ffda
ffd8
ffd6
ffd4
ffd3
ffd2
ffd1
ffcf
ffce
ffcd
ffcc
ffca
ffc9
ffc9
ffc8
ffc8
ffc8
ffc8
ffc7
ffc7
ffc7
ffc7
ffc6
ffc6
ffc5
ffc5
ffc5
ffc5
ffc4
ffc4
ffc3
ffc3
ffc3
ffc3
ffc2
ffc2
ffc1
ffc1
ffc1
ffc0
ffc0
ffbf
ffbf
ffbf
ffbe
ffbe
ffbe
ffbd
ffbd
ffbc
ffbc
ffbd
ffbd
ffbd
ffbc
ffbc
ffbd
ffbd
ffbc
ffbc
ffbd
ffbd
ffbd
ffbc
ffbc
ffbd
ffbd
ffbd
ffbc
ffbb
ffbb
ffbc
ffbc
ffbd
ffbd
ffbd
ffbc
ffbc
ffbc
ffbd
ffbe
ffbe
ffbd
ffbd
ffbc
ffbc
ffbc
ffbd
ffbd
ffbd
ffbc
ffbc
ffbc
ffbd
ffbd
ffbd
ffbc
ffbc
ffbc
ffbc
ffbd
ffbe
ffbe
ffbd
ffbd
ffbc
ffbc
ffbc
ffbd
ffbd
ffbc
ffbc
ffbd
ffbd
ffbc
ffbc
ffbc
ffbd
ffbd
ffbc
ffbc
ffbd
ffbd
ffbc
ffbc
ffbc
ffbd
ffbd
ffbc
ffbc
ffbc
ffbd
ffbd
ffbd
ffbc
ffbb
ffbb
ffbb
ffbc
ffbc
ffbd
ffbd
ffbc
ffbc
ffbd
ffbd
ffbc
ffbb
ffbb
ffbb
ffbc
ffbd
ffbd
ffbc
ffbb
ffbb
ffbc
ffbc
ffbc
ffbd
ffbd
ffbc
ffbc
ffbc
ffbd
ffbd
ffbd
ffbc
ffbc
ffbc
ffbd
ffbd
ffbc
ffbc
ffbc
ffbd
ffbd
ffbc
ffbc
ffbc
ffbd
ffbd
ffbd
ffbc
ffbc
ffbc
ffbd
ffbd
ffbc
ffbc
ffbd
ffbd
ffbc
ffbc
ffbc
ffbd
ffbd
ffbd
ffbc
ffbb
ffbb
ffbc
ffbc
ffbc
ffbd
ffbe
ffbe
ffbd
ffbd
ffbd
ffbc
ffbb
ffbb
ffbb
ffbc
ffbd
ffbd
ffbd
ffbc
ffbb
ffbb
ffbc
ffbc
ffbd
ffbd
ffbd
ffbc
ffbc
ffbc
ffbd
ffbd
ffbd
ffbd
ffbc
ffbc
ffbc
ffbd
ffbd
ffbd
ffbc
ffbc
ffbd
ffbd
ffbd
ffbc
ffbc
ffbd
ffbd
ffbd
ffbd
ffbc
ffbc
ffbc
ffbd
ffbd
ffbd
ffbd
ffbc
ffbc
ffbd
ffbe
ffbe
ffbe
ffbd
ffbd
ffbd
ffbc
ffbc
ffbd
ffbd
ffbd
ffbd
ffbc
ffbc
ffbd
ffbe
ffbe
ffbe
ffbe
ffbd
ffbd
ffbd
ffbc
ffbc
ffbd
ffbe
ffbf
ffbf
ffbf
ffbf
ffbf
ffbe
ffbe
ffbe
ffbe
ffbe
ffbd
ffbd
ffbd
ffbc
ffbc
ffbd
ffbe
ffbf
ffc0
ffc1
ffc2
ffc2
ffc2
ffc2
ffc2
ffc2
ffc2
ffc1
ffc1
ffc1
ffc1
ffc1
ffc1
ffc1
ffc1
ffc0
ffc0
ffc0
ffc0
ffc0
ffc0
ffc0
ffc0
ffc0
ffc0
ffc0
ffc0
ffc0
ffc0
ffc0
ffbf
ffbf
ffbf
ffbf
ffbf
ffc0
ffc1
ffc2
ffc3
ffc4
ffc5
ffc5
ffc5
ffc5
ffc6
ffc7
ffc8
ffc9
ffca
ffcb
ffcc
ffcd
ffce
ffcf
ffd0
ffd1
ffd2
ffd4
ffd6
ffd8
ffda
ffdc
ffde
ffe0
ffe2
ffe4
ffe7
ffea
ffed
fff0
fff3
fff7
fffb
ffff
0003
0007
000b
000f
0012
0016
0019
001c
001f
0021
0023
0025
0027
002a
002c
002d
002e
002f
0031
0032
0033
0035
0036
0036
0036
0036
0037
0037
0038
0038
0038
0038
0039
0039
0039
003a
003a
003a
003a
003b
003c
003c
003c
003c
003c
003d
003e
003e
003e
003e
003f
003f
0040
0040
0040
0041
0041
0042
0042
0042
0043
0043
0043
0044
0045
0045
0044
0044
0043
0042
0042
0043
0043
0043
0044
0044
0044
0043
0043
0043
0043
0044
0045
0045
0044
0044
0043
0043
0044
0044
0043
0043
0044
0044
0043
0043
0043
0044
0044
0044
0044
0043
0042
0042
0043
0043
0043
0044
0044
0044
0044
0043
0043
0043
0044
0044
0044
0044
0043
0042
0042
0043
0043
0044
0044
0044
0044
0043
0042
0042
0043
0043
0044
0044
0044
0044
0043
0043
0043
0043
0044
0045
0046
0046
0046
0045
0045
0044
0044
0043
0043
0044
0044
0044
0043
0043
0043
0044
0045
0045
0045
0044
0044
0044
0043
0043
0043
0044
0044
0044
0044
0043
0043
0043
0044
0044
0044
0043
0043
0044
0044
0044
0043
0043
0043
0044
0045
0045
0045
0044
0044
0043
0043
0043
0044
0045
0045
0044
0044
0044
0043
0043
0044
0044
0043
0043
0044
0044
0043
0043
0044
0044
0044
0043
0043
0043
0044
0044
0043
0043
0044
0044
0044
0043
0043
0044
0044
0043
0042
0042
0043
0043
0044
0044
0043
0043
0044
0044
0043
0043
0043
0044
0044
0044
0043
0042
0042
0042
0043
0043
0044
0044
0044
0043
0042
0042
0042
0042
0043
0043
0044
0044
0044
0043
0042
0041
0041
0041
0042
0042
0043
0043
0043
0043
0044
0044
0043
0043
0043
0043
0044
0044
0044
0043
0042
0041
0041
0041
0041
0041
0041
0042
0043
0043
0043
0043
0043
0043
0044
0044
0043
0043
0043
0043
0043
0043
0043
0044
0044
0043
0042
0042
0042
0042
0042
0042
0043
0043
0043
0043
0043
0043
0043
0043
0044
0044
0043
0042
0041
0040
003f
003f
003f
003f
003f
003f
003f
003f
003f
003f
003f
003f
003f
003f
003f
003f
003f
003f
0040
0040
0040
0040
0040
003f
003e
003d
003c
003b
003a
003a
003a
003a
003a
0039
0038
0037
0036
0035
0034
0033
0032
0030
002e
002c
002a
0028
0026
0024
0022
0020
001e
001c
001a
0018
0015
0012
000f
000c
0008
0004
0000
fffc
fff8
fff4
fff0
ffec
ffe9
ffe6
ffe3
ffe0
ffde
ffdc
ffda
ffd8
ffd5
ffd3
ffd2
ffd1
ffcf
ffce
ffcd
ffcc
ffca
ffc9
ffc9
ffc8
ffc8
ffc8
ffc8
ffc8
ffc7
ffc7
ffc7
ffc6
ffc6
ffc5
ffc5
ffc5
ffc5
ffc4
ffc4
ffc4
ffc3
ffc3
ffc2
ffc2
ffc2
ffc2
ffc1
ffc1
ffc0
ffc0
ffc0
ffbf
ffbf
ffbf
ffbe
ffbe
ffbd
ffbd
ffbc
ffbc
ffbd
ffbd
ffbd
ffbc
ffbc
ffbd
ffbd
ffbd
ffbc
ffbc
ffbc
ffbd
ffbd
ffbd
ffbd
ffbc
ffbc
ffbc
ffbd
ffbd
ffbd
ffbc
ffbc
ffbc
ffbd
ffbe
ffbe
ffbd
ffbd
ffbc
ffbc
ffbd
ffbd
ffbc
ffbc
ffbd
ffbd
ffbc
ffbc
ffbc
ffbd
ffbd
ffbd
ffbd
ffbc
ffbb
ffbb
ffbb
ffbb
ffbc
ffbd
ffbd
ffbd
ffbc
ffbb
ffbb
ffbb
ffbc
ffbc
ffbd
ffbd
ffbd
ffbc
ffbb
ffbb
ffbb
ffbc
ffbc
ffbd
ffbd
ffbd
ffbc
ffbb
ffbb
ffbc
ffbc
ffbc
ffbd
ffbd
ffbc
ffbc
ffbc
ffbd
ffbd
ffbc
ffbc
ffbd
ffbd
ffbc
ffbc
ffbc
ffbd
ffbd
ffbd
ffbc
ffbb
ffbb
ffbb
ffbb
ffbc
ffbd
ffbd
ffbc
ffbc
ffbc
ffbc
ffbd
ffbd
ffbd
ffbc
ffbc
ffbc
ffbd
ffbd
ffbd
ffbc
ffbb
ffba
ffba
ffbb
ffbb
ffbb
ffbc
ffbd
ffbd
ffbc
ffbc
ffbc
ffbc
ffbd
ffbd
ffbd
ffbd
ffbc
ffbb
ffbb
ffbb
ffbc
ffbc
ffbc
ffbd
ffbd
ffbd
ffbc
ffbc
ffbd
ffbd
ffbc
ffbc
ffbc
ffbd
ffbd
ffbc
ffbc
ffbd
ffbd
ffbd
ffbc
ffbc
ffbc
ffbc
ffbd
ffbe
ffbe
ffbd
ffbd
ffbd
ffbc
ffbc
ffbc
ffbd
ffbd
ffbd
ffbc
ffbc
ffbc
ffbd
ffbe
ffbe
ffbd
ffbd
ffbd
ffbc
ffbc
ffbc
ffbd
ffbe
ffbe
ffbd
ffbd
ffbd
ffbd
ffbc
ffbb
ffbb
ffbc
ffbc
ffbd
ffbe
ffbe
ffbe
ffbd
ffbd
ffbd
ffbc
ffbc
ffbd
ffbd
ffbd
ffbc
ffbc
ffbd
ffbd
ffbd
ffbd
ffbd
ffbc
ffbc
ffbc
ffbd
ffbe
ffbe
ffbe
ffbe
ffbe
ffbd
ffbd
ffbd
ffbd
ffbc
ffbc
ffbc
ffbd
ffbe
ffbf
ffc0
ffc1
ffc1
ffc1
ffc0
ffc0
ffc0
ffc0
ffc0
ffc0
ffc0
ffbf
ffbf
ffbf
ffbe
ffbe
ffbe
ffbe
ffbe
ffbe
ffbe
ffbd
ffbd
ffbd
ffbd
ffbd
ffbc
ffbc
ffbd
ffbe
ffbf
ffc0
ffc1
ffc2
ffc3
ffc4
ffc4
ffc4
ffc4
ffc4
ffc4
ffc4
ffc4
ffc4
ffc4
ffc4
ffc4
ffc4
ffc4
ffc4
ffc3
ffc3
ffc3
ffc3
ffc3
ffc4
ffc5
ffc6
ffc7
ffc8
ffc9
ffc9
ffc9
ffc9
ffca
ffcb
ffcc
ffcd
ffce
ffcf
ffd0
ffd1
ffd2
ffd3
ffd4
ffd5
ffd6
ffd7
ffd9
ffdb
ffdd
ffdf
ffe1
ffe3
ffe5
ffe8
ffeb
ffee
fff1
fff4
fff7
fffa
fffd
0001
0005
0009
000d
0011
0015
0018
001b
001d
001f
0022
0024
0026
0028
002b
002d
002e
002f
0030
0032
0033
0034
0035
0037
0038
0038
0039
0039
0039
0039
003a
003a
003a
003b
003b
003b
003c
003c
003c
003c
003d
003d
003e
003e
003e
003e
003f
003f
0040
0040
0041
0041
0041
0041
0042
0042
0043
0043
0043
0044
0044
0044
0043
0043
0043
0043
0044
0044
0044
0043
0042
0042
0042
0043
0043
0044
0044
0044
0043
0042
0042
0042
0043
0044
0044
0043
0043
0043
0044
0044
0044
0043
0043
0043
0044
0044
0044
0043
0043
0043
0044
0044
0044
0043
0043
0043
0044
0045
0045
0044
0044
0044
0043
0043
0043
0044
0044
0044
0043
0043
0043
0044
0045
0045
0044
0044
0044
0043
0043
0043
0044
0045
0045
0045
0044
0044
0043
0043
0043
0044
0045
0045
0045
0044
0044
0043
0043
0044
0044
0044
0043
0043
0043
0044
0045
0045
0045
0044
0044
0044
0043
0043
0043
0044
0044
0044
0043
0043
0044
0044
0044
0043
0043
0044
0044
0044
0043
0043
0043
0044
0045
0045
0044
0044
0044
0043
0043
0044
0044
0043
0043
0044
0044
0044
0043
0043
0044
0044
0043
0043
0044
0044
0044
0043
0043
0043
0044
0044
0044
0043
0043
0044
0044
0043
0043
0044
0044
0043
0043
0044
0044
0044
0043
0043
0043
0043
0044
0045
0045
0044
0044
0044
0043
0042
0042
0043
0043
0043
0044
0044
0044
0043
0043
0043
0043
0044
0044
0044
0044
0043
0042
0041
0041
0041
0042
0042
0043
0043
0043
0044
0044
0044
0043
0042
0042
0042
0043
0043
0043
0044
0044
0043
0043
0043
0043
0044
0044
0043
0043
0043
0043
0044
0044
0043
0043
0043
0043
0043
0044
0044
0043
0043
0043
0043
0044
0044
0043
0042
0041
0041
0041
0041
0041
0042
0042
0042
0042
0043
0043
0043
0043
0043
0043
0044
0044
0043
0042
0042
0042
0042
0042
0042
0042
0042
0042
0043
0043
0043
0043
0043
0043
0043
0043
0044
0044
0043
0042
0041
0040
003f
003e
003d
003c
003b
003a
0039
0038
0037
0036
0036
0036
0036
0036
0036
0035
0034
0033
0032
0031
0031
0031
0031
0030
002f
002e
002d
002c
002b
002a
0029
0028
0027
0026
0025
0024
0022
0020
001e
001c
001a
0018
0016
0014
0011
000e
000b
0008
0005
0002
ffff
fffb
fff7
fff3
ffef
ffec
ffe9
ffe5
ffe2
ffe0
ffde
ffdc
ffd9
ffd7
ffd6
ffd5
ffd3
ffd2
ffd1
ffd0
ffce
ffcd
ffcc
ffcb
ffc9
ffc8
ffc8
ffc8
ffc7
ffc7
ffc7
ffc7
ffc6
ffc6
ffc5
ffc5
ffc5
ffc5
ffc5
ffc4
ffc3
ffc3
ffc3
ffc3
ffc2
ffc2
ffc2
ffc1
ffc1
ffc1
ffc0
ffc0
ffc0
ffbf
ffbf
ffbe
ffbe
ffbd
ffbd
ffbd
ffbd
ffbc
ffbc
ffbc
ffbd
ffbd
ffbd
ffbc
ffbc
ffbd
ffbd
ffbd
ffbc
ffbc
ffbd
ffbd
ffbd
ffbc
ffbc
ffbc
ffbc
ffbd
ffbe
ffbf
ffbf
ffbe
ffbe
ffbe
ffbd
ffbc
ffbc
ffbd
ffbd
ffbd
ffbc
ffbb
ffbb
ffbc
ffbc
ffbc
ffbd
ffbe
ffbe
ffbe
ffbd
ffbc
ffbc
ffbc
ffbd
ffbe
ffbe
ffbd
ffbd
ffbc
ffbc
ffbc
ffbd
ffbd
ffbc
ffbc
ffbd
ffbd
ffbc
ffbc
ffbc
ffbd
ffbd
ffbd
ffbc
ffbb
ffbb
ffbc
ffbc
ffbc
ffbd
ffbd
ffbc
ffbc
ffbd
ffbd
ffbc
ffbc
ffbc
ffbd
ffbd
ffbc
ffbc
ffbc
ffbd
ffbd
ffbd
ffbc
ffbb
ffbb
ffbb
ffbc
ffbc
ffbd
ffbd
ffbd
ffbc
ffbb
ffbb
ffbb
ffbc
ffbc
ffbc
ffbd
ffbd
ffbd
ffbc
ffbb
ffbb
ffbb
ffbc
ffbd
ffbd
ffbc
ffbb
ffbb
ffbb
ffbc
ffbd
ffbd
ffbc
ffbb
ffbb
ffbc
ffbc
ffbc
ffbd
ffbd
ffbd
ffbc
ffbc
ffbc
ffbc
ffbd
ffbd
ffbd
ffbc
ffbc
ffbc
ffbd
ffbd
ffbd
ffbc
ffbb
ffbb
ffbc
ffbc
ffbc
ffbd
ffbd
ffbd
ffbc
ffbc
ffbc
ffbd
ffbd
ffbd
ffbc
ffbc
ffbc
ffbd
ffbd
ffbd
ffbc
ffbc
ffbc
ffbd
ffbd
ffbd
ffbc
ffbc
ffbc
ffbd
ffbd
ffbd
ffbd
ffbc
ffbc
ffbc
ffbd
ffbd
ffbd
ffbc
ffbc
ffbc
ffbd
ffbe
ffbe
ffbe
ffbd
ffbd
ffbc
ffbc
ffbd
ffbd
ffbd
ffbc
ffbc
ffbd
ffbd
ffbd
ffbc
ffbc
ffbd
ffbe
ffbe
ffbe
ffbd
ffbd
ffbc
ffbc
ffbd
ffbe
ffbe
ffbe
ffbd
ffbd
ffbd
ffbd
ffbc
ffbc
ffbd
ffbd
ffbd
ffbd
ffbc
ffbc
ffbd
ffbd
ffbd
ffbd
ffbd
ffbc
ffbc
ffbd
ffbe
ffbf
ffbf
ffbf
ffbf
ffbe
ffbe
ffbe
ffbe
ffbe
ffbd
ffbd
ffbd
ffbd
ffbd
ffbc
ffbc
ffbd
ffbe
ffbf
ffc0
ffc0
ffc0
ffc0
ffc0
ffc0
ffc0
ffbf
ffbf
ffbf
ffbf
ffbf
ffbf
ffbf
ffbf
ffbe
ffbe
ffbe
ffbe
ffbe
ffbe
ffbe
ffbe
ffbe
ffbe
ffbe
ffbe
ffbe
ffbe
ffbe
ffbe
ffbd
ffbd
ffbd
ffbd
ffbe
ffbf
ffc0
ffc1
ffc2
ffc3
ffc3
ffc3
ffc3
ffc3
ffc4
ffc5
ffc6
ffc7
ffc8
ffc9
ffca
ffcb
ffcc
ffcd
ffce
ffcf
ffd1
ffd3
ffd5
ffd7
ffd9
ffdb
ffdd
ffdf
ffe1
ffe4
ffe7
ffea
ffed
fff0
fff3
fff6
fffa
fffe
0002
0006
000a
000f
0013
0016
0019
001c
001f
0021
0023
0025
0027
002a
002c
002d
002e
0030
0031
0032
0033
0035
0036
0036
0037
0037
0037
0037
0038
0038
0038
0038
0039
0039
0039
003a
003a
003b
003b
003b
003b
003c
003c
003c
003d
003d
003e
003e
003e
003f
003f
003f
0040
0040
0041
0041
0041
0042
0042
0043
0043
0043
0044
0044
0044
0043
0042
0042
0042
0043
0043
0044
0044
0044
0043
0042
0042
0043
0043
0043
0044
0044
0044
0043
0043
0043
0044
0044
0043
0043
0044
0044
0044
0043
0043
0043
0044
0044
0043
0043
0044
0044
0044
0043
0043
0043
0044
0044
0044
0043
0043
0044
0044
0043
0043
0044
0044
0044
0043
0043
0043
0044
0045
0045
0044
0044
0044
0043
0043
0044
0044
0043
0043
0044
0044
0044
0043
0043
0044
0044
0043
0043
0044
0044
0044
0044
0043
0042
0042
0043
0043
0044
0045
0045
0044
0044
0044
0043
0043
0044
0044
0044
0043
0043
0043
0044
0045
0045
0044
0044
0044
0043
0043
0044
0044
0044
0043
0043
0043
0044
0045
0045
0045
0044
0044
0043
0043
0043
0044
0044
0044
0044
0043
0043
0043
0044
0044
0044
0044
0043
0042
0042
0043
0043
0044
0044
0044
0043
0043
0043
0044
0044
0044
0044
0043
0042
0042
0043
0043
0043
0044
0045
0045
0044
0044
0043
0043
0044
0044
0043
0043
0043
0044
0044
0044
0043
0043
0043
0044
0044
0043
0043
0044
0044
0043
0043
0043
0043
0044
0045
0045
0044
0044
0043
0042
0042
0042
0043
0043
0043
0044
0045
0045
0044
0043
0043
0043
0044
0044
0043
0042
0042
0042
0043
0043
0043
0044
0044
0043
0043
0043
0043
0043
0044
0044
0044
0043
0042
0041
0040
0040
0040
0041
0041
0041
0041
0041
0041
0042
0042
0043
0043
0043
0043
0043
0043
0044
0044
0043
0042
0041
0041
0041
0041
0041
0042
0042
0042
0042
0042
0042
0042
0042
0042
0043
0043
0043
0043
0043
0043
0044
0044
0043
0042
0041
0040
003f
003e
003d
003c
003b
003a
0039
0038
0037
0036
0035
0034
0034
0034
0034
0034
0033
0032
0031
0030
002f
002f
002f
002f
002e
002d
002c
002b
002a
0029
0028
0027
0026
0025
0024
0023
0022
0020
001e
001c
001a
0018
0016
0014
0012
0010
000d
000a
0007
0004
0001
fffe
fffa
fff6
fff2
ffef
ffec
ffe9
ffe5
ffe2
ffe0
ffde
ffdc
ffd9
ffd7
ffd6
ffd5
ffd3
ffd2
ffd1
ffd0
ffcf
ffcd
ffcc
ffcb
ffca
ffc9
ffc9
ffc8
ffc8
ffc8
ffc8
ffc8
ffc8
ffc7
ffc7
ffc6
ffc6
ffc6
ffc5
ffc5
ffc5
ffc4
ffc4
ffc4
ffc3
ffc3
ffc3
ffc3
ffc2
ffc2
ffc1
ffc1
ffc0
ffc0
ffc0
ffc0
ffbf
ffbe
ffbe
ffbe
ffbe
ffbd
ffbd
ffbc
ffbc
ffbd
ffbd
ffbc
ffbc
ffbd
ffbd
ffbd
ffbd
ffbc
ffbb
ffbb
ffbc
ffbc
ffbd
ffbe
ffbe
ffbd
ffbd
ffbd
ffbc
ffbb
ffbb
ffbc
ffbc
ffbd
ffbd
ffbd
ffbc
ffbc
ffbc
ffbd
ffbd
ffbc
ffbc
ffbd
ffbd
ffbd
ffbc
ffbc
ffbc
ffbd
ffbd
ffbc
ffbc
ffbd
ffbd
ffbc
ffbc
ffbc
ffbd
ffbe
ffbe
ffbd
ffbd
ffbc
ffbb
ffbb
ffbc
ffbc
ffbc
ffbd
ffbd
ffbd
ffbc
ffbc
ffbc
ffbc
ffbd
ffbe
ffbe
ffbd
ffbd
ffbc
ffbc
ffbc
ffbc
ffbd
ffbd
ffbd
ffbc
ffbc
ffbc
ffbd
ffbd
ffbc
ffbc
ffbc
ffbc
ffbd
ffbe
ffbe
ffbd
ffbd
ffbc
ffbc
ffbc
ffbc
ffbd
ffbd
ffbd
ffbc
ffbc
ffbc
ffbc
ffbd
ffbd
ffbd
ffbc
ffbc
ffbc
ffbc
ffbd
ffbd
ffbd
ffbc
ffbc
ffbc
ffbc
ffbd
ffbd
ffbd
ffbc
ffbc
ffbc
ffbc
ffbd
ffbe
ffbe
ffbd
ffbd
ffbc
ffbb
ffbb
ffbc
ffbc
ffbc
ffbd
ffbd
ffbd
ffbc
ffbc
ffbc
ffbd
ffbd
ffbc
ffbc
ffbd
ffbd
ffbd
ffbc
ffbb
ffbb
ffbb
ffbc
ffbd
ffbd
ffbc
ffbc
ffbc
ffbd
ffbd
ffbd
ffbc
ffbc
ffbc
ffbd
ffbd
ffbd
ffbd
ffbc
ffbb
ffbb
ffbc
ffbc
ffbd
ffbd
ffbd
ffbc
ffbc
ffbc
ffbd
ffbd
ffbd
ffbd
ffbc
ffbc
ffbc
ffbd
ffbd
ffbd
ffbc
ffbc
ffbd
ffbd
ffbd
ffbd
ffbc
ffbc
ffbc
ffbd
ffbe
ffbe
ffbe
ffbd
ffbd
ffbd
ffbd
ffbc
ffbb
ffbb
ffbc
ffbd
ffbd
ffbd
ffbd
ffbc
ffbc
ffbd
ffbd
ffbd
ffbd
ffbc
ffbc
ffbd
ffbd
ffbd
ffbd
ffbd
ffbc
ffbc
ffbd
ffbd
ffbd
ffbd
ffbd
ffbd
ffbc
ffbc
ffbd
ffbd
ffbd
ffbd
ffbd
ffbd
ffbd
ffbc
ffbc
ffbd
ffbe
ffbe
ffbe
ffbe
ffbe
ffbe
ffbe
ffbd
ffbd
ffbd
ffbd
ffbd
ffbd
ffbc
ffbc
ffbd
ffbe
ffbf
ffc0
ffc1
ffc2
ffc3
ffc4
ffc4
ffc4
ffc4
ffc4
ffc4
ffc4
ffc4
ffc4
ffc4
ffc4
ffc4
ffc4
ffc3
ffc3
ffc3
ffc3
ffc4
ffc5
ffc6
ffc7
ffc8
ffc8
ffc8
ffc8
ffc8
ffc9
ffca
ffcb
ffcc
ffcd
ffce
ffcf
ffd0
ffd1
ffd2
ffd3
ffd4
ffd5
ffd6
ffd7
ffd8
ffd9
ffdb
ffdd
ffdf
ffe1
ffe3
ffe5
ffe8
ffeb
ffee
fff1
fff4
fff7
fffa
fffd
0000
0004
0008
000c
0010
0014
0017
001a
001d
001f
0021
0024
0026
0028
002a
002c
002d
002e
002f
0031
0032
0033
0034
0036
0037
0037
0037
0038
0038
0038
0039
0039
0039
0039
003a
003a
003a
003b
003b
003b
003c
003c
003c
003d
003d
003e
003e
003e
003e
003f
003f
003f
0040
0040
0041
0041
0042
0042
0042
0043
0043
0043
0044
0044
0044
0043
0043
0043
0043
0044
0044
0044
0043
0043
0043
0043
0044
0044
0044
0043
0043
0043
0044
0044
0044
0043
0042
0042
0043
0043
0044
0044
0043
0043
0044
0044
0043
0043
0044
0044
0043
0043
0044
0044
0043
0043
0044
0044
0044
0043
0043
0043
0044
0044
0044
0043
0043
0044
0044
0044
0043
0043
0043
0044
0044
0044
0043
0043
0043
0044
0045
0045
0045
0045
0044
0043
0043
0044
0044
0044
0043
0043
0044
0044
0043
0043
0044
0044
0044
0044
0043
0042
0042
0043
0043
0044
0045
0045
0044
0044
0044
0044
0043
0042
0042
0043
0043
0044
0044
0044
0044
0043
0043
0043
0044
0044
0044
0043
0043
0044
0044
0044
0043
0043
0044
0044
0043
0043
0044
0044
0044
0043
0043
0044
0044
0044
0043
0042
0042
0043
0044
0044
0043
0043
0043
0044
0045
0045
0045
0044
0044
0043
0043
0043
0044
0044
0044
0043
0043
0043
0044
0044
0044
0043
0043
0044
0044
0043
0043
0043
0044
0044
0044
0043
0043
0043
0043
0044
0045
0045
0045
0044
0043
0043
0043
0044
0044
0044
0043
0043
0043
0043
0044
0044
0043
0043
0044
0044
0043
0042
0042
0043
0043
0043
0043
0044
0044
0044
0043
0042
0042
0042
0043
0043
0043
0044
0044
0043
0042
0042
0042
0043
0043
0043
0043
0044
0044
0043
0043
0043
0043
0043
0044
0044
0044
0043
0042
0041
0040
003f
003f
003f
003f
0040
0040
0040
0040
0040
0041
0041
0041
0041
0041
0042
0042
0042
0042
0042
0043
0043
0043
0043
0043
0043
0043
0044
0044
0043
0042
0041
0040
003f
003e
003d
003d
003d
003d
003d
003d
003d
003d
003d
003d
003d
003d
003d
003d
003d
003e
003e
003e
003e
003e
003d
003c
003b
003a
0039
0038
0038
0038
0038
0038
0037
0036
0035
0034
0033
0032
0031
0030
002f
002e
002d
002c
002a
0028
0026
0024
0022
0020
001e
001c
0019
0016
0013
0010
000d
000a
0007
0004
0000
fffc
fff8
fff4
fff0
ffed
ffe9
ffe6
ffe3
ffe0
ffde
ffdc
ffda
ffd8
ffd6
ffd4
ffd3
ffd2
ffd1
ffcf
ffce
ffcd
ffcc
ffca
ffc9
ffc9
ffc8
ffc8
ffc8
ffc8
ffc7
ffc7
ffc7
ffc7
ffc6
ffc6
ffc5
ffc5
ffc5
ffc5
ffc4
ffc4
ffc3
ffc3
ffc3
ffc3
ffc2
ffc2
ffc1
ffc1
ffc1
ffc0
ffc0
ffbf
ffbf
ffbf
ffbe
ffbe
ffbe
ffbd
ffbd
ffbc
ffbc
ffbd
ffbd
ffbd
ffbc
ffbc
ffbd
ffbd
ffbc
ffbc
ffbd
ffbd
ffbd
ffbc
ffbc
ffbd
ffbd
ffbd
ffbc
ffbb
ffbb
ffbc
ffbc
ffbd
ffbd
ffbd
ffbc
ffbc
ffbc
ffbd
ffbe
ffbe
ffbd
ffbd
ffbc
ffbc
ffbc
ffbd
ffbd
ffbd
ffbc
ffbc
ffbc
ffbd
ffbd
ffbd
ffbc
ffbc
ffbc
ffbc
ffbd
ffbe
ffbe
ffbd
ffbd
ffbc
ffbc
ffbc
ffbd
ffbd
ffbc
ffbc
ffbd
ffbd
ffbc
ffbc
ffbc
ffbd
ffbd
ffbc
ffbc
ffbd
ffbd
ffbc
ffbc
ffbc
ffbd
ffbd
ffbc
ffbc
ffbc
ffbd
ffbd
ffbd
ffbc
ffbb
ffbb
ffbb
ffbc
ffbc
ffbd
ffbd
ffbc
ffbc
ffbd
ffbd
ffbc
ffbb
ffbb
ffbb
ffbc
ffbd
ffbd
ffbc
ffbb
ffbb
ffbc
ffbc
ffbc
ffbd
ffbd
ffbc
ffbc
ffbc
ffbd
ffbd
ffbd
ffbc
ffbc
ffbc
ffbd
ffbd
ffbc
ffbc
ffbc
ffbd
ffbd
ffbc
ffbc
ffbc
ffbd
ffbd
ffbd
ffbc
ffbc
ffbc
ffbd
ffbd
ffbc
ffbc
ffbd
ffbd
ffbc
ffbc
ffbc
ffbd
ffbd
ffbd
ffbc
ffbb
ffbb
ffbc
ffbc
ffbc
ffbd
ffbe
ffbe
ffbd
ffbd
ffbd
ffbc
ffbb
ffbb
ffbb
ffbc
ffbd
ffbd
ffbd
ffbc
ffbb
ffbb
ffbc
ffbc
ffbd
ffbd
ffbd
ffbc
ffbc
ffbc
ffbd
ffbd
ffbd
ffbd
ffbc
ffbc
ffbc
ffbd
ffbd
ffbd
ffbc
ffbc
ffbd
ffbd
ffbd
ffbc
ffbc
ffbd
ffbd
ffbd
ffbd
ffbc
ffbc
ffbc
ffbd
ffbd
ffbd
ffbd
ffbc
ffbc
ffbd
ffbe
ffbe
ffbe
ffbd
ffbd
ffbd
ffbc
ffbc
ffbd
ffbd
ffbd
ffbd
ffbc
ffbc
ffbd
ffbe
ffbe
ffbe
ffbe
ffbd
ffbd
ffbd
ffbc
ffbc
ffbd
ffbe
ffbf
ffbf
ffbf
ffbf
ffbf
ffbe
ffbe
ffbe
ffbe
ffbe
ffbd
ffbd
ffbd
ffbc
ffbc
ffbd
ffbe
ffbf
ffc0
ffc1
ffc2
ffc2
ffc2
ffc2
ffc2
ffc2
ffc2
ffc1
ffc1
ffc1
ffc1
ffc1
ffc1
ffc1
ffc1
ffc0
ffc0
ffc0
ffc0
ffc0
ffc0
ffc0
ffc0
ffc0
ffc0
ffc0
ffc0
ffc0
ffc0
ffc0
ffbf
ffbf
ffbf
ffbf
ffbf
ffc0
ffc1
ffc2
ffc3
ffc4
ffc5
ffc5
ffc5
ffc5
ffc6
ffc7
ffc8
ffc9
ffca
ffcb
ffcc
ffcd
ffce
ffcf
ffd0
ffd1
ffd2
ffd4
ffd6
ffd8
ffda
ffdc
ffde
ffe0
ffe2
ffe4
ffe7
ffea
ffed
fff0
fff3
fff7
fffb
ffff
0003
0007
000b
000f
0012
0016
0019
001c
001f
0021
0023
0025
0027
002a
002c
002d
002e
002f
0031
0032
0033
0035
0036
0036
0036
0036
0037
0037
0038
0038
0038
0038
0039
0039
0039
003a
003a
003a
003a
003b
003c
003c
003c
003c
003c
003d
003e
003e
003e
003e
003f
003f
0040
0040
0040
0041
0041
0042
0042
0042
0043
0043
0043
0044
0045
0045
0044
0044
0043
0042
0042
0043
0043
0043
0044
0044
0044
0043
0043
0043
0043
0044
0045
0045
0044
0044
0043
0043
0044
0044
0043
0043
0044
0044
0043
0043
0043
0044
0044
0044
0044
0043
0042
0042
0043
0043
0043
0044
0044
0044
0044
0043
0043
0043
0044
0044
0044
0044
0043
0042
0042
0043
0043
0044
0044
0044
0044
0043
0042
0042
0043
0043
0044
0044
0044
0044
0043
0043
0043
0043
0044
0045
0046
0046
0046
0045
0045
0044
0044
0043
0043
0044
0044
0044
0043
0043
0043
0044
0045
0045
0045
0044
0044
0044
0043
0043
0043
0044
0044
0044
0044
0043
0043
0043
0044
0044
0044
0043
0043
0044
0044
0044
0043
0043
0043
0044
0045
0045
0045
0044
0044
0043
0043
0043
0044
0045
0045
0044
0044
0044
0043
0043
0044
0044
0043
0043
0044
0044
0043
0043
0044
0044
0044
0043
0043
0043
0044
0044
0043
0043
0044
0044
0044
0043
0043
0044
0044
0043
0042
0042
0043
0043
0044
0044
0043
0043
0044
0044
0043
0043
0043
0044
0044
0044
0043
0042
0042
0042
0043
0043
0044
0044
0044
0043
0042
0042
0042
0042
0043
0043
0044
0044
0044
0043
0042
0041
0041
0041
0042
0042
0043
0043
0043
0043
0044
0044
0043
0043
0043
0043
0044
0044
0044
0043
0042
0041
0041
0041
0041
0041
0041
0042
0043
0043
0043
0043
0043
0043
0044
0044
0043
0043
0043
0043
0043
0043
0043
0044
0044
0043
0042
0042
0042
0042
0042
0042
0043
0043
0043
0043
0043
0043
0043
0043
0044
0044
0043
0042
0041
0040
003f
003f
003f
003f
003f
003f
003f
003f
003f
003f
003f
003f
003f
003f
003f
003f
003f
003f
0040
0040
0040
0040
0040
003f
003e
003d
003c
003b
003a
003a
003a
003a
003a
0039
0038
0037
0036
0035
0034
0033
0032
0030
002e
002c
002a
0028
0026
0024
0022
0020
001e
001c
001a
0018
0015
0012
000f
000c
0008
0004
0000
fffc
fff8
fff4
fff0
ffec
ffe9
ffe6
ffe3
ffe0
ffde
ffdc
ffda
ffd8
ffd5
ffd3
ffd2
ffd1
ffcf
ffce
ffcd
ffcc
ffca
ffc9
ffc9
ffc8
ffc8
ffc8
ffc8
ffc8
ffc7
ffc7
ffc7
ffc6
ffc6
ffc5
ffc5
ffc5
ffc5
ffc4
ffc4
ffc4
ffc3
ffc3
ffc2
ffc2
ffc2
ffc2
ffc1
ffc1
ffc0
ffc0
ffc0
ffbf
ffbf
ffbf
ffbe
ffbe
ffbd
ffbd
ffbc
ffbc
ffbd
ffbd
ffbd
ffbc
ffbc
ffbd
ffbd
ffbd
ffbc
ffbc
ffbc
ffbd
ffbd
ffbd
ffbd
ffbc
ffbc
ffbc
ffbd
ffbd
ffbd
ffbc
ffbc
ffbc
ffbd
ffbe
ffbe
ffbd
ffbd
ffbc
ffbc
ffbd
ffbd
ffbc
ffbc
ffbd
ffbd
ffbc
ffbc
ffbc
ffbd
ffbd
ffbd
ffbd
ffbc
ffbb
ffbb
ffbb
ffbb
ffbc
ffbd
ffbd
ffbd
ffbc
ffbb
ffbb
ffbb
ffbc
ffbc
ffbd
ffbd
ffbd
ffbc
ffbb
ffbb
ffbb
ffbc
ffbc
ffbd
ffbd
ffbd
ffbc
ffbb
ffbb
ffbc
ffbc
ffbc
ffbd
ffbd
ffbc
ffbc
ffbc
ffbd
ffbd
ffbc
ffbc
ffbd
ffbd
ffbc
ffbc
ffbc
ffbd
ffbd
ffbd
ffbc
ffbb
ffbb
ffbb
ffbb
ffbc
ffbd
ffbd
ffbc
ffbc
ffbc
ffbc
ffbd
ffbd
ffbd
ffbc
ffbc
ffbc
ffbd
ffbd
ffbd
ffbc
ffbb
ffba
ffba
ffbb
ffbb
ffbb
ffbc
ffbd
ffbd
ffbc
ffbc
ffbc
ffbc
ffbd
ffbd
ffbd
ffbd
ffbc
ffbb
ffbb
ffbb
ffbc
ffbc
ffbc
ffbd
ffbd
ffbd
ffbc
ffbc
ffbd
ffbd
ffbc
ffbc
ffbc
ffbd
ffbd
ffbc
ffbc
ffbd
ffbd
ffbd
ffbc
ffbc
ffbc
ffbc
ffbd
ffbe
ffbe
ffbd
ffbd
ffbd
ffbc
ffbc
ffbc
ffbd
ffbd
ffbd
ffbc
ffbc
ffbc
ffbd
ffbe
ffbe
ffbd
ffbd
ffbd
ffbc
ffbc
ffbc
ffbd
ffbe
ffbe
ffbd
ffbd
ffbd
ffbd
ffbc
ffbb
ffbb
ffbc
ffbc
ffbd
ffbe
ffbe
ffbe
ffbd
ffbd
ffbd
ffbc
ffbc
ffbd
ffbd
ffbd
ffbc
ffbc
ffbd
ffbd
ffbd
ffbd
ffbd
ffbc
ffbc
ffbc
ffbd
ffbe
ffbe
ffbe
ffbe
ffbe
ffbd
ffbd
ffbd
ffbd
ffbc
ffbc
ffbc
ffbd
ffbe
ffbf
ffc0
ffc1
ffc1
ffc1
ffc0
ffc0
ffc0
ffc0
ffc0
ffc0
ffc0
ffbf
ffbf
ffbf
ffbe
ffbe
ffbe
ffbe
ffbe
ffbe
ffbe
ffbd
ffbd
ffbd
ffbd
ffbd
ffbc
ffbc
ffbd
ffbe
ffbf
ffc0
ffc1
ffc2
ffc3
ffc4
ffc4
ffc4
ffc4
ffc4
ffc4
ffc4
ffc4
ffc4
ffc4
ffc4
ffc4
ffc4
ffc4
ffc4
ffc3
ffc3
ffc3
ffc3
ffc3
ffc4
ffc5
ffc6
ffc7
ffc8
ffc9
ffc9
ffc9
ffc9
ffca
ffcb
ffcc
ffcd
ffce
ffcf
ffd0
ffd1
ffd2
ffd3
ffd4
ffd5
ffd6
ffd7
ffd9
ffdb
ffdd
ffdf
ffe1
ffe3
ffe5
ffe8
ffeb
ffee
fff1
fff4
fff7
fffa
fffd
0001
0005
0009
000d
0011
0015
0018
001b
001d
001f
0022
0024
0026
0028
002b
002d
002e
002f
0030
0032
0033
0034
0035
0037
0038
0038
0039
0039
0039
0039
003a
003a
003a
003b
003b
003b
003c
003c
003c
003c
003d
003d
003e
003e
003e
003e
003f
003f
0040
0040
0041
0041
0041
0041
0042
0042
0043
0043
0043
0044
0044
0044
0043
0043
0043
0043
0044
0044
0044
0043
0042
0042
0042
0043
0043
0044
0044
0044
0043
0042
0042
0042
0043
0044
0044
0043
0043
0043
0044
0044
0044
0043
0043
0043
0044
0044
0044
0043
0043
0043
0044
0044
0044
0043
0043
0043
0044
0045
0045
0044
0044
0044
0043
0043
0043
0044
0044
0044
0043
0043
0043
0044
0045
0045
0044
0044
0044
0043
0043
0043
0044
0045
0045
0045
0044
0044
0043
0043
0043
0044
0045
0045
0045
0044
0044
0043
0043
0044
0044
0044
0043
0043
0043
0044
0045
0045
0045
0044
0044
0044
0043
0043
0043
0044
0044
0044
0043
0043
0044
0044
0044
0043
0043
0044
0044
0044
0043
0043
0043
0044
0045
0045
0044
0044
0044
0043
0043
0044
0044
0043
0043
0044
0044
0044
0043
0043
0044
0044
0043
0043
0044
0044
0044
0043
0043
0043
0044
0044
0044
0043
0043
0044
0044
0043
0043
0044
0044
0043
0043
0044
0044
0044
0043
0043
0043
0043
0044
0045
0045
0044
0044
0044
0043
0042
0042
0043
0043
0043
0044
0044
0044
0043
0043
0043
0043
0044
0044
0044
0044
0043
0042
0041
0041
0041
0042
0042
0043
0043
0043
0044
0044
0044
0043
0042
0042
0042
0043
0043
0043
0044
0044
0043
0043
0043
0043
0044
0044
0043
0043
0043
0043
0044
0044
0043
0043
0043
0043
0043
0044
0044
0043
0043
0043
0043
0044
0044
0043
0042
0041
0041
0041
0041
0041
0042
0042
0042
0042
0043
0043
0043
0043
0043
0043
0044
0044
0043
0042
0042
0042
0042
0042
0042
0042
0042
0042
0043
0043
0043
0043
0043
0043
0043
0043
0044
0044
0043
0042
0041
0040
003f
003e
003d
003c
003b
003a
0039
0038
0037
0036
0036
0036
0036
0036
0036
0035
0034
0033
0032
0031
0031
0031
0031
0030
002f
002e
002d
002c
002b
002a
0029
0028
0027
0026
0025
0024
0022
0020
001e
001c
001a
0018
0016
0014
0011
000e
000b
0008
0005
0002
ffff
fffb
fff7
fff3
ffef
ffec
ffe9
ffe5
ffe2
ffe0
ffde
ffdc
ffd9
ffd7
ffd6
ffd5
ffd3
ffd2
ffd1
ffd0
ffce
ffcd
ffcc
ffcb
ffc9
ffc8
ffc8
ffc8
ffc7
ffc7
ffc7
ffc7
ffc6
ffc6
ffc5
ffc5
ffc5
ffc5
ffc5
ffc4
ffc3
ffc3
ffc3
ffc3
ffc2
ffc2
ffc2
ffc1
ffc1
ffc1
ffc0
ffc0
ffc0
ffbf
ffbf
ffbe
ffbe
ffbd
ffbd
ffbd
ffbd
ffbc
ffbc
ffbc
ffbd
ffbd
ffbd
ffbc
ffbc
ffbd
ffbd
ffbd
ffbc
ffbc
ffbd
ffbd
ffbd
ffbc
ffbc
ffbc
ffbc
ffbd
ffbe
ffbf
ffbf
ffbe
ffbe
ffbe
ffbd
ffbc
ffbc
ffbd
ffbd
ffbd
ffbc
ffbb
ffbb
ffbc
ffbc
ffbc
ffbd
ffbe
ffbe
ffbe
ffbd
ffbc
ffbc
ffbc
ffbd
ffbe
ffbe
ffbd
ffbd
ffbc
ffbc
ffbc
ffbd
ffbd
ffbc
ffbc
ffbd
ffbd
ffbc
ffbc
ffbc
ffbd
ffbd
ffbd
ffbc
ffbb
ffbb
ffbc
ffbc
ffbc
ffbd
ffbd
ffbc
ffbc
ffbd
ffbd
ffbc
ffbc
ffbc
ffbd
ffbd
ffbc
ffbc
ffbc
ffbd
ffbd
ffbd
ffbc
ffbb
ffbb
ffbb
ffbc
ffbc
ffbd
ffbd
ffbd
ffbc
ffbb
ffbb
ffbb
ffbc
ffbc
ffbc
ffbd
ffbd
ffbd
ffbc
ffbb
ffbb
ffbb
ffbc
ffbd
ffbd
ffbc
ffbb
ffbb
ffbb
ffbc
ffbd
ffbd
ffbc
ffbb
ffbb
ffbc
ffbc
ffbc
ffbd
ffbd
ffbd
ffbc
ffbc
ffbc
ffbc
ffbd
ffbd
ffbd
ffbc
ffbc
ffbc
ffbd
ffbd
ffbd
ffbc
ffbb
ffbb
ffbc
ffbc
ffbc
ffbd
ffbd
ffbd
ffbc
ffbc
ffbc
ffbd
ffbd
ffbd
ffbc
ffbc
ffbc
ffbd
ffbd
ffbd
ffbc
ffbc
ffbc
ffbd
ffbd
ffbd
ffbc
ffbc
ffbc
ffbd
ffbd
ffbd
ffbd
ffbc
ffbc
ffbc
ffbd
ffbd
ffbd
ffbc
ffbc
ffbc
ffbd
ffbe
ffbe
ffbe
ffbd
ffbd
ffbc
ffbc
ffbd
ffbd
ffbd
ffbc
ffbc
ffbd
ffbd
ffbd
ffbc
ffbc
ffbd
ffbe
ffbe
ffbe
ffbd
ffbd
ffbc
ffbc
ffbd
ffbe
ffbe
ffbe
ffbd
ffbd
ffbd
ffbd
ffbc
ffbc
ffbd
ffbd
ffbd
ffbd
ffbc
ffbc
ffbd
ffbd
ffbd
ffbd
ffbd
ffbc
ffbc
ffbd
ffbe
ffbf
ffbf
ffbf
ffbf
ffbe
ffbe
ffbe
ffbe
ffbe
ffbd
ffbd
ffbd
ffbd
ffbd
ffbc
ffbc
ffbd
ffbe
ffbf
ffc0
ffc0
ffc0
ffc0
ffc0
ffc0
ffc0
ffbf
ffbf
ffbf
ffbf
ffbf
ffbf
ffbf
ffbf
ffbe
ffbe
ffbe
ffbe
ffbe
ffbe
ffbe
ffbe
ffbe
ffbe
ffbe
ffbe
ffbe
ffbe
ffbe
ffbe
ffbd
ffbd
ffbd
ffbd
ffbe
ffbf
ffc0
ffc1
ffc2
ffc3
ffc3
ffc3
ffc3
ffc3
ffc4
ffc5
ffc6
ffc7
ffc8
ffc9
ffca
ffcb
ffcc
ffcd
ffce
ffcf
ffd1
ffd3
ffd5
ffd7
ffd9
ffdb
ffdd
ffdf
ffe1
ffe4
ffe7
ffea
ffed
fff0
fff3
fff6
fffa
fffe
0002
0006
000a
000f
0013
0016
0019
001c
001f
0021
0023
0025
0027
002a
002c
002d
002e
0030
0031
0032
0033
0035
0036
0036
0037
0037
0037
0037
0038
0038
0038
0038
0039
0039
0039
003a
003a
003b
003b
003b
003b
003c
003c
003c
003d
003d
003e
003e
003e
003f
003f
003f
0040
0040
0041
0041
0041
0042
0042
0043
0043
0043
0044
0044
0044
0043
0042
0042
0042
0043
0043
0044
0044
0044
0043
0042
0042
0043
0043
0043
0044
0044
0044
0043
0043
0043
0044
0044
0043
0043
0044
0044
0044
0043
0043
0043
0044
0044
0043
0043
0044
0044
0044
0043
0043
0043
0044
0044
0044
0043
0043
0044
0044
0043
0043
0044
0044
0044
0043
0043
0043
0044
0045
0045
0044
0044
0044
0043
0043
0044
0044
0043
0043
0044
0044
0044
0043
0043
0044
0044
0043
0043
0044
0044
0044
0044
0043
0042
0042
0043
0043
0044
0045
0045
0044
0044
0044
0043
0043
0044
0044
0044
0043
0043
0043
0044
0045
0045
0044
0044
0044
0043
0043
0044
0044
0044
0043
0043
0043
0044
0045
0045
0045
0044
0044
0043
0043
0043
0044
0044
0044
0044
0043
0043
0043
0044
0044
0044
0044
0043
0042
0042
0043
0043
0044
0044
0044
0043
0043
0043
0044
0044
0044
0044
0043
0042
0042
0043
0043
0043
0044
0045
0045
0044
0044
0043
0043
0044
0044
0043
0043
0043
0044
0044
0044
0043
0043
0043
0044
0044
0043
0043
0044
0044
0043
0043
0043
0043
0044
0045
0045
0044
0044
0043
0042
0042
0042
0043
0043
0043
0044
0045
0045
0044
0043
0043
0043
0044
0044
0043
0042
0042
0042
0043
0043
0043
0044
0044
0043
0043
0043
0043
0043
0044
0044
0044
0043
0042
0041
0040
0040
0040
0041
0041
0041
0041
0041
0041
0042
0042
0043
0043
0043
0043
0043
0043
0044
0044
0043
0042
0041
0041
0041
0041
0041
0042
0042
0042
0042
0042
0042
0042
0042
0042
0043
0043
0043
0043
0043
0043
0044
0044
0043
0042
0041
0040
003f
003e
003d
003c
003b
003a
0039
0038
0037
0036
0035
0034
0034
0034
0034
0034
0033
0032
0031
0030
002f
002f
002f
002f
002e
002d
002c
002b
002a
0029
0028
0027
0026
0025
0024
0023
0022
0020
001e
001c
001a
0018
0016
0014
0012
0010
000d
000a
0007
0004
0001
fffe
fffa
fff6
fff2
ffef
ffec
ffe9
ffe5
ffe2
ffe0
ffde
ffdc
ffd9
ffd7
ffd6
ffd5
ffd3
ffd2
ffd1
ffd0
ffcf
ffcd
ffcc
ffcb
ffca
ffc9
ffc9
ffc8
ffc8
ffc8
ffc8
ffc8
ffc8
ffc7
ffc7
ffc6
ffc6
ffc6
ffc5
ffc5
ffc5
ffc4
ffc4
ffc4
ffc3
ffc3
ffc3
ffc3
ffc2
ffc2
ffc1
ffc1
ffc0
ffc0
ffc0
ffc0
ffbf
ffbe
ffbe
ffbe
ffbe
ffbd
ffbd
ffbc
ffbc
ffbd
ffbd
ffbc
ffbc
ffbd
ffbd
ffbd
ffbd
ffbc
ffbb
ffbb
ffbc
ffbc
ffbd
ffbe
ffbe
ffbd
ffbd
ffbd
ffbc
ffbb
ffbb
ffbc
ffbc
ffbd
ffbd
ffbd
ffbc
ffbc
ffbc
ffbd
ffbd
ffbc
ffbc
ffbd
ffbd
ffbd
ffbc
ffbc
ffbc
ffbd
ffbd
ffbc
ffbc
ffbd
ffbd
ffbc
ffbc
ffbc
ffbd
ffbe
ffbe
ffbd
ffbd
ffbc
ffbb
ffbb
ffbc
ffbc
ffbc
ffbd
ffbd
ffbd
ffbc
ffbc
ffbc
ffbc
ffbd
ffbe
ffbe
ffbd
ffbd
ffbc
ffbc
ffbc
ffbc
ffbd
ffbd
ffbd
ffbc
ffbc
ffbc
ffbd
ffbd
ffbc
ffbc
ffbc
ffbc
ffbd
ffbe
ffbe
ffbd
ffbd
ffbc
ffbc
ffbc
ffbc
ffbd
ffbd
ffbd
ffbc
ffbc
ffbc
ffbc
ffbd
ffbd
ffbd
ffbc
ffbc
ffbc
ffbc
ffbd
ffbd
ffbd
ffbc
ffbc
ffbc
ffbc
ffbd
ffbd
ffbd
ffbc
ffbc
ffbc
ffbc
ffbd
ffbe
ffbe
ffbd
ffbd
ffbc
ffbb
ffbb
ffbc
ffbc
ffbc
ffbd
ffbd
ffbd
ffbc
ffbc
ffbc
ffbd
ffbd
ffbc
ffbc
ffbd
ffbd
ffbd
ffbc
ffbb
ffbb
ffbb
ffbc
ffbd
ffbd
ffbc
ffbc
ffbc
ffbd
ffbd
ffbd
ffbc
ffbc
ffbc
ffbd
ffbd
ffbd
ffbd
ffbc
ffbb
ffbb
ffbc
ffbc
ffbd
ffbd
ffbd
ffbc
ffbc
ffbc
ffbd
ffbd
ffbd
ffbd
ffbc
ffbc
ffbc
ffbd
ffbd
ffbd
ffbc
ffbc
ffbd
ffbd
ffbd
ffbd
ffbc
ffbc
ffbc
ffbd
ffbe
ffbe
ffbe
ffbd
ffbd
ffbd
ffbd
ffbc
ffbb
ffbb
ffbc
ffbd
ffbd
ffbd
ffbd
ffbc
ffbc
ffbd
ffbd
ffbd
ffbd
ffbc
ffbc
ffbd
ffbd
ffbd
ffbd
ffbd
ffbc
ffbc
ffbd
ffbd
ffbd
ffbd
ffbd
ffbd
ffbc
ffbc
ffbd
ffbd
ffbd
ffbd
ffbd
ffbd
ffbd
ffbc
ffbc
ffbd
ffbe
ffbe
ffbe
ffbe
ffbe
ffbe
ffbe
ffbd
ffbd
ffbd
ffbd
ffbd
ffbd
ffbc
ffbc
ffbd
ffbe
ffbf
ffc0
ffc1
ffc2
ffc3
ffc4
ffc4
ffc4
ffc4
ffc4
ffc4
ffc4
ffc4
ffc4
ffc4
ffc4
ffc4
ffc4
ffc3
ffc3
ffc3
ffc3
ffc4
ffc5
ffc6
ffc7
ffc8
ffc8
ffc8
ffc8
ffc8
ffc9
ffca
ffcb
ffcc
ffcd
ffce
ffcf
ffd0
ffd1
ffd2
ffd3
ffd4
ffd5
ffd6
ffd7
ffd8
ffd9
ffdb
ffdd
ffdf
ffe1
ffe3
ffe5
ffe8
ffeb
ffee
fff1
fff4
fff7
fffa
fffd
0000
0004
0008
000c
0010
0014
0017
001a
001d
001f
0021
0024
0026
0028
002a
002c
002d
002e
002f
0031
0032
0033
0034
0036
0037
0037
0037
0038
0038
0038
0039
0039
0039
0039
003a
003a
003a
003b
003b
003b
003c
003c
003c
003d
003d
003e
003e
003e
003e
003f
003f
003f
0040
0040
0041
0041
0042
0042
0042
0043
0043
0043
0044
0044
0044
0043
0043
0043
0043
0044
0044
0044
0043
0043
0043
0043
0044
0044
0044
0043
0043
0043
0044
0044
0044
0043
0042
0042
0043
0043
0044
0044
0043
0043
0044
0044
0043
0043
0044
0044
0043
0043
0044
0044
0043
0043
0044
0044
0044
0043
0043
0043
0044
0044
0044
0043
0043
0044
0044
0044
0043
0043
0043
0044
0044
0044
0043
0043
0043
0044
0045
0045
0045
0045
0044
0043
0043
0044
0044
0044
0043
0043
0044
0044
0043
0043
0044
0044
0044
0044
0043
0042
0042
0043
0043
0044
0045
0045
0044
0044
0044
0044
0043
0042
0042
0043
0043
0044
0044
0044
0044
0043
0043
0043
0044
0044
0044
0043
0043
0044
0044
0044
0043
0043
0044
0044
0043
0043
0044
0044
0044
0043
0043
0044
0044
0044
0043
0042
0042
0043
0044
0044
0043
0043
0043
0044
0045
0045
0045
0044
0044
0043
0043
0043
0044
0044
0044
0043
0043
0043
0044
0044
0044
0043
0043
0044
0044
0043
0043
0043
0044
0044
0044
0043
0043
0043
0043
0044
0045
0045
0045
0044
0043
0043
0043
0044
0044
0044
0043
0043
0043
0043
0044
0044
0043
0043
0044
0044
0043
0042
0042
0043
0043
0043
0043
0044
0044
0044
0043
0042
0042
0042
0043
0043
0043
0044
0044
0043
0042
0042
0042
0043
0043
0043
0043
0044
0044
0043
0043
0043
0043
0043
0044
0044
0044
0043
0042
0041
0040
003f
003f
003f
003f
0040
0040
0040
0040
0040
0041
0041
0041
0041
0041
0042
0042
0042
0042
0042
0043
0043
0043
0043
0043
0043
0043
0044
0044
0043
0042
0041
0040
003f
003e
003d
003d
003d
003d
003d
003d
003d
003d
003d
003d
003d
003d
003d
003d
003d
003e
003e
003e
003e
003e
003d
003c
003b
003a
0039
0038
0038
0038
0038
0038
0037
0036
0035
0034
0033
0032
0031
0030
002f
002e
002d
002c
002a
0028
0026
0024
0022
0020
001e
001c
0019
0016
0013
0010
000d
000a
0007
0004
0000
fffc
fff8
fff4
fff0
ffed
ffe9
ffe6
ffe3
ffe0
ffde
ffdc
ffda
ffd8
ffd6
ffd4
ffd3
ffd2
ffd1
ffcf
ffce
ffcd
ffcc
ffca
ffc9
ffc9
ffc8
ffc8
ffc8
ffc8
ffc7
ffc7
ffc7
ffc7
ffc6
ffc6
ffc5
ffc5
ffc5
ffc5
ffc4
ffc4
ffc3
ffc3
ffc3
ffc3
ffc2
ffc2
ffc1
ffc1
ffc1
ffc0
ffc0
ffbf
ffbf
ffbf
ffbe
ffbe
ffbe
ffbd
ffbd
ffbc
ffbc
ffbd
ffbd
ffbd
ffbc
ffbc
ffbd
ffbd
ffbc
ffbc
ffbd
ffbd
ffbd
ffbc
ffbc
ffbd
ffbd
ffbd
ffbc
ffbb
ffbb
ffbc
ffbc
ffbd
ffbd
ffbd
ffbc
ffbc
ffbc
ffbd
ffbe
ffbe
ffbd
ffbd
ffbc
ffbc
ffbc
ffbd
ffbd
ffbd
ffbc
ffbc
ffbc
ffbd
ffbd
ffbd
ffbc
ffbc
ffbc
ffbc
ffbd
ffbe
ffbe
ffbd
ffbd
ffbc
ffbc
ffbc
ffbd
ffbd
ffbc
ffbc
ffbd
ffbd
ffbc
ffbc
ffbc
ffbd
ffbd
ffbc
ffbc
ffbd
ffbd
ffbc
ffbc
ffbc
ffbd
ffbd
ffbc
ffbc
ffbc
ffbd
ffbd
ffbd
ffbc
ffbb
ffbb
ffbb
ffbc
ffbc
ffbd
ffbd
ffbc
ffbc
ffbd
ffbd
ffbc
ffbb
ffbb
ffbb
ffbc
ffbd
ffbd
ffbc
ffbb
ffbb
ffbc
ffbc
ffbc
ffbd
ffbd
ffbc
ffbc
ffbc
ffbd
ffbd
ffbd
ffbc
ffbc
ffbc
ffbd
ffbd
ffbc
ffbc
ffbc
ffbd
ffbd
ffbc
ffbc
ffbc
ffbd
ffbd
ffbd
ffbc
ffbc
ffbc
ffbd
ffbd
ffbc
ffbc
ffbd
ffbd
ffbc
ffbc
ffbc
ffbd
ffbd
ffbd
ffbc
ffbb
ffbb
ffbc
ffbc
ffbc
ffbd
ffbe
ffbe
ffbd
ffbd
ffbd
ffbc
ffbb
ffbb
ffbb
ffbc
ffbd
ffbd
ffbd
ffbc
ffbb
ffbb
ffbc
ffbc
ffbd
ffbd
ffbd
ffbc
ffbc
ffbc
ffbd
ffbd
ffbd
ffbd
ffbc
ffbc
ffbc
ffbd
ffbd
ffbd
ffbc
ffbc
ffbd
ffbd
ffbd
ffbc
ffbc
ffbd
ffbd
ffbd
ffbd
ffbc
ffbc
ffbc
ffbd
ffbd
ffbd
ffbd
ffbc
ffbc
ffbd
ffbe
ffbe
ffbe
ffbd
ffbd
ffbd
ffbc
ffbc
ffbd
ffbd
ffbd
ffbd
ffbc
ffbc
ffbd
ffbe
ffbe
ffbe
ffbe
ffbd
ffbd
ffbd
ffbc
ffbc
ffbd
ffbe
ffbf
ffbf
ffbf
ffbf
ffbf
ffbe
ffbe
ffbe
ffbe
ffbe
ffbd
ffbd
ffbd
ffbc
ffbc
ffbd
ffbe
ffbf
ffc0
ffc1
ffc2
ffc2
ffc2
ffc2
ffc2
ffc2
ffc2
ffc1
ffc1
ffc1
ffc1
ffc1
ffc1
ffc1
ffc1
ffc0
ffc0
ffc0
ffc0
ffc0
ffc0
ffc0
ffc0
ffc0
ffc0
ffc0
ffc0
ffc0
ffc0
ffc0
ffbf
ffbf
ffbf
ffbf
ffbf
ffc0
ffc1
ffc2
ffc3
ffc4
ffc5
ffc5
ffc5
ffc5
ffc6
ffc7
ffc8
ffc9
ffca
ffcb
ffcc
ffcd
ffce
ffcf
ffd0
ffd1
ffd2
ffd4
ffd6
ffd8
ffda
ffdc
ffde
ffe0
ffe2
ffe4
ffe7
ffea
ffed
fff0
fff3
fff7
fffb
ffff
0003
0007
000b
000f
0012
0016
0019
001c
001f
0021
0023
0025
0027
002a
002c
002d
002e
002f
0031
0032
0033
0035
0036
0036
0036
0036
0037
0037
0038
0038
0038
0038
0039
0039
0039
003a
003a
003a
003a
003b
003c
003c
003c
003c
003c
003d
003e
003e
003e
003e
003f
003f
0040
0040
0040
0041
0041
0042
0042
0042
0043
0043
0043
0044
0045
0045
0044
0044
0043
0042
0042
0043
0043
0043
0044
0044
0044
0043
0043
0043
0043
0044
0045
0045
0044
0044
0043
0043
0044
0044
0043
0043
0044
0044
0043
0043
0043
0044
0044
0044
0044
0043
0042
0042
0043
0043
0043
0044
0044
0044
0044
0043
0043
0043
0044
0044
0044
0044
0043
0042
0042
0043
0043
0044
0044
0044
0044
0043
0042
0042
0043
0043
0044
0044
0044
0044
0043
0043
0043
0043
0044
0045
0046
0046
0046
0045
0045
0044
0044
0043
0043
0044
0044
0044
0043
0043
0043
0044
0045
0045
0045
0044
0044
0044
0043
0043
0043
0044
0044
0044
0044
0043
0043
0043
0044
0044
0044
0043
0043
0044
0044
0044
0043
0043
0043
0044
0045
0045
0045
0044
0044
0043
0043
0043
0044
0045
0045
0044
0044
0044
0043
0043
0044
0044
0043
0043
0044
0044
0043
0043
0044
0044
0044
0043
0043
0043
0044
0044
0043
0043
0044
0044
0044
0043
0043
0044
0044
0043
0042
0042
0043
0043
0044
0044
0043
0043
0044
0044
0043
0043
0043
0044
0044
0044
0043
0042
0042
0042
0043
0043
0044
0044
0044
0043
0042
0042
0042
0042
0043
0043
0044
0044
0044
0043
0042
0041
0041
0041
0042
0042
0043
0043
0043
0043
0044
0044
0043
0043
0043
0043
0044
0044
0044
0043
0042
0041
0041
0041
0041
0041
0041
0042
0043
0043
0043
0043
0043
0043
0044
0044
0043
0043
0043
0043
0043
0043
0043
0044
0044
0043
0042
0042
0042
0042
0042
0042
0043
0043
0043
0043
0043
0043
0043
0043
0044
0044
0043
0042
0041
0040
003f
003f
003f
003f
003f
003f
003f
003f
003f
003f
003f
003f
003f
003f
003f
003f
003f
003f
0040
0040
0040
0040
0040
003f
003e
003d
003c
003b
003a
003a
003a
003a
003a
0039
0038
0037
0036
0035
0034
0033
0032
0030
002e
002c
002a
0028
0026
0024
0022
0020
001e
001c
001a
0018
0015
0012
000f
000c
0008
0004
0000
fffc
fff8
fff4
fff0
ffec
ffe9
ffe6
ffe3
ffe0
ffde
ffdc
ffda
ffd8
ffd5
ffd3
ffd2
ffd1
ffcf
ffce
ffcd
ffcc
ffca
ffc9
ffc9
ffc8
ffc8
ffc8
ffc8
ffc8
ffc7
ffc7
ffc7
ffc6
ffc6
ffc5
ffc5
ffc5
ffc5
ffc4
ffc4
ffc4
ffc3
ffc3
ffc2
ffc2
ffc2
ffc2
ffc1
ffc1
ffc0
ffc0
ffc0
ffbf
ffbf
ffbf
ffbe
ffbe
ffbd
ffbd
ffbc
ffbc
ffbd
ffbd
ffbd
ffbc
ffbc
ffbd
ffbd
ffbd
ffbc
ffbc
ffbc
ffbd
ffbd
ffbd
ffbd
ffbc
ffbc
ffbc
ffbd
ffbd
ffbd
ffbc
ffbc
ffbc
ffbd
ffbe
ffbe
ffbd
ffbd
ffbc
ffbc
ffbd
ffbd
ffbc
ffbc
ffbd
ffbd
ffbc
ffbc
ffbc
ffbd
ffbd
ffbd
ffbd
ffbc
ffbb
ffbb
ffbb
ffbb
ffbc
ffbd
ffbd
ffbd
ffbc
ffbb
ffbb
ffbb
ffbc
ffbc
ffbd
ffbd
ffbd
ffbc
ffbb
ffbb
ffbb
ffbc
ffbc
ffbd
ffbd
ffbd
ffbc
ffbb
ffbb
ffbc
ffbc
ffbc
ffbd
ffbd
ffbc
ffbc
ffbc
ffbd
ffbd
ffbc
ffbc
ffbd
ffbd
ffbc
ffbc
ffbc
ffbd
ffbd
ffbd
ffbc
ffbb
ffbb
ffbb
ffbb
ffbc
ffbd
ffbd
ffbc
ffbc
ffbc
ffbc
ffbd
ffbd
ffbd
ffbc
ffbc
ffbc
ffbd
ffbd
ffbd
ffbc
ffbb
ffba
ffba
ffbb
ffbb
ffbb
ffbc
ffbd
ffbd
ffbc
ffbc
ffbc
ffbc
ffbd
ffbd
ffbd
ffbd
ffbc
ffbb
ffbb
ffbb
ffbc
ffbc
ffbc
ffbd
ffbd
ffbd
ffbc
ffbc
ffbd
ffbd
ffbc
ffbc
ffbc
ffbd
ffbd
ffbc
ffbc
ffbd
ffbd
ffbd
ffbc
ffbc
ffbc
ffbc
ffbd
ffbe
ffbe
ffbd
ffbd
ffbd
ffbc
ffbc
ffbc
ffbd
ffbd
ffbd
ffbc
ffbc
ffbc
ffbd
ffbe
ffbe
ffbd
ffbd
ffbd
ffbc
ffbc
ffbc
ffbd
ffbe
ffbe
ffbd
ffbd
ffbd
ffbd
ffbc
ffbb
ffbb
ffbc
ffbc
ffbd
ffbe
ffbe
ffbe
ffbd
ffbd
ffbd
ffbc
ffbc
ffbd
ffbd
ffbd
ffbc
ffbc
ffbd
ffbd
ffbd
ffbd
ffbd
ffbc
ffbc
ffbc
ffbd
ffbe
ffbe
ffbe
ffbe
ffbe
ffbd
ffbd
ffbd
ffbd
ffbc
ffbc
ffbc
ffbd
ffbe
ffbf
ffc0
ffc1
ffc1
ffc1
ffc0
ffc0
ffc0
ffc0
ffc0
ffc0
ffc0
ffbf
ffbf
ffbf
ffbe
ffbe
ffbe
ffbe
ffbe
ffbe
ffbe
ffbd
ffbd
ffbd
ffbd
ffbd
ffbc
ffbc
ffbd
ffbe
ffbf
ffc0
ffc1
ffc2
ffc3
ffc4
ffc4
ffc4
ffc4
ffc4
ffc4
ffc4
ffc4
ffc4
ffc4
ffc4
ffc4
ffc4
ffc4
ffc4
ffc3
ffc3
ffc3
ffc3
ffc3
ffc4
ffc5
ffc6
ffc7
ffc8
ffc9
ffc9
ffc9
ffc9
ffca
ffcb
ffcc
ffcd
ffce
ffcf
ffd0
ffd1
ffd2
ffd3
ffd4
ffd5
ffd6
ffd7
ffd9
ffdb
ffdd
ffdf
ffe1
ffe3
ffe5
ffe8
ffeb
ffee
fff1
fff4
fff7
fffa
fffd
0001
0005
0009
000d
0011
0015
0018
001b
001d
001f
0022
0024
0026
0028
002b
002d
002e
002f
0030
0032
0033
0034
0035
0037
0038
0038
0039
0039
0039
0039
003a
003a
003a
003b
003b
003b
003c
003c
003c
003c
003d
003d
003e
003e
003e
003e
003f
003f
0040
0040
0041
0041
0041
0041
0042
0042
0043
0043
0043
0044
0044
0044
0043
0043
0043
0043
0044
0044
0044
0043
0042
0042
0042
0043
0043
0044
0044
0044
0043
0042
0042
0042
0043
0044
0044
0043
0043
0043
0044
0044
0044
0043
0043
0043
0044
0044
0044
0043
0043
0043
0044
0044
0044
0043
0043
0043
0044
0045
0045
0044
0044
0044
0043
0043
0043
0044
0044
0044
0043
0043
0043
0044
0045
0045
0044
0044
0044
0043
0043
0043
0044
0045
0045
0045
0044
0044
0043
0043
0043
0044
0045
0045
0045
0044
0044
0043
0043
0044
0044
0044
0043
0043
0043
0044
0045
0045
0045
0044
0044
0044
0043
0043
0043
0044
0044
0044
0043
0043
0044
0044
0044
0043
0043
0044
0044
0044
0043
0043
0043
0044
0045
0045
0044
0044
0044
0043
0043
0044
0044
0043
0043
0044
0044
0044
0043
0043
0044
0044
0043
0043
0044
0044
0044
0043
0043
0043
0044
0044
0044
0043
0043
0044
0044
0043
0043
0044
0044
0043
0043
0044
0044
0044
0043
0043
0043
0043
0044
0045
0045
0044
0044
0044
0043
0042
0042
0043
0043
0043
0044
0044
0044
0043
0043
0043
0043
0044
0044
0044
0044
0043
0042
0041
0041
0041
0042
0042
0043
0043
0043
0044
0044
0044
0043
0042
0042
0042
0043
0043
0043
0044
0044
0043
0043
0043
0043
0044
0044
0043
0043
0043
0043
0044
0044
0043
0043
0043
0043
0043
0044
0044
0043
0043
0043
0043
0044
0044
0043
0042
0041
0041
0041
0041
0041
0042
0042
0042
0042
0043
0043
0043
0043
0043
0043
0044
0044
0043
0042
0042
0042
0042
0042
0042
0042
0042
0042
0043
0043
0043
0043
0043
0043
0043
0043
0044
0044
0043
0042
0041
0040
003f
003e
003d
003c
003b
003a
0039
0038
0037
0036
0036
0036
0036
0036
0036
0035
0034
0033
0032
0031
0031
0031
0031
0030
002f
002e
002d
002c
002b
002a
0029
0028
0027
0026
0025
0024
0022
0020
001e
001c
001a
0018
0016
0014
0011
000e
000b
0008
0005
0002
ffff
fffb
fff7
fff3
ffef
ffec
ffe9
ffe5
ffe2
ffe0
ffde
ffdc
ffd9
ffd7
ffd6
ffd5
ffd3
ffd2
ffd1
ffd0
ffce
ffcd
ffcc
ffcb
ffc9
ffc8
ffc8
ffc8
ffc7
ffc7
ffc7
ffc7
ffc6
ffc6
ffc5
ffc5
ffc5
ffc5
ffc5
ffc4
ffc3
ffc3
ffc3
ffc3
ffc2
ffc2
ffc2
ffc1
ffc1
ffc1
ffc0
ffc0
ffc0
ffbf
ffbf
ffbe
ffbe
ffbd
ffbd
ffbd
ffbd
ffbc
ffbc
ffbc
ffbd
ffbd
ffbd
ffbc
ffbc
ffbd
ffbd
ffbd
ffbc
ffbc
ffbd
ffbd
ffbd
ffbc
ffbc
ffbc
ffbc
ffbd
ffbe
ffbf
ffbf
ffbe
ffbe
ffbe
ffbd
ffbc
ffbc
ffbd
ffbd
ffbd
ffbc
ffbb
ffbb
ffbc
ffbc
ffbc
ffbd
ffbe
ffbe
ffbe
ffbd
ffbc
ffbc
ffbc
ffbd
ffbe
ffbe
ffbd
ffbd
ffbc
ffbc
ffbc
ffbd
ffbd
ffbc
ffbc
ffbd
ffbd
ffbc
ffbc
ffbc
ffbd
ffbd
ffbd
ffbc
ffbb
ffbb
ffbc
ffbc
ffbc
ffbd
ffbd
ffbc
ffbc
ffbd
ffbd
ffbc
ffbc
ffbc
ffbd
ffbd
ffbc
ffbc
ffbc
ffbd
ffbd
ffbd
ffbc
ffbb
ffbb
ffbb
ffbc
ffbc
ffbd
ffbd
ffbd
ffbc
ffbb
ffbb
ffbb
ffbc
ffbc
ffbc
ffbd
ffbd
ffbd
ffbc
ffbb
ffbb
ffbb
ffbc
ffbd
ffbd
ffbc
ffbb
ffbb
ffbb
ffbc
ffbd
ffbd
ffbc
ffbb
ffbb
ffbc
ffbc
ffbc
ffbd
ffbd
ffbd
ffbc
ffbc
ffbc
ffbc
ffbd
ffbd
ffbd
ffbc
ffbc
ffbc
ffbd
ffbd
ffbd
ffbc
ffbb
ffbb
ffbc
ffbc
ffbc
ffbd
ffbd
ffbd
ffbc
ffbc
ffbc
ffbd
ffbd
ffbd
ffbc
ffbc
ffbc
ffbd
ffbd
ffbd
ffbc
ffbc
ffbc
ffbd
ffbd
ffbd
ffbc
ffbc
ffbc
ffbd
ffbd
ffbd
ffbd
ffbc
ffbc
ffbc
ffbd
ffbd
ffbd
ffbc
ffbc
ffbc
ffbd
ffbe
ffbe
ffbe
ffbd
ffbd
ffbc
ffbc
ffbd
ffbd
ffbd
ffbc
ffbc
ffbd
ffbd
ffbd
ffbc
ffbc
ffbd
ffbe
ffbe
ffbe
ffbd
ffbd
ffbc
ffbc
ffbd
ffbe
ffbe
ffbe
ffbd
ffbd
ffbd
ffbd
ffbc
ffbc
ffbd
ffbd
ffbd
ffbd
ffbc
ffbc
ffbd
ffbd
ffbd
ffbd
ffbd
ffbc
ffbc
ffbd
ffbe
ffbf
ffbf
ffbf
ffbf
ffbe
ffbe
ffbe
ffbe
ffbe
ffbd
ffbd
ffbd
ffbd
ffbd
ffbc
ffbc
ffbd
ffbe
ffbf
ffc0
ffc0
ffc0
ffc0
ffc0
ffc0
ffc0
ffbf
ffbf
ffbf
ffbf
ffbf
ffbf
ffbf
ffbf
ffbe
ffbe
ffbe
ffbe
ffbe
ffbe
ffbe
ffbe
ffbe
ffbe
ffbe
ffbe
ffbe
ffbe
ffbe
ffbe
ffbd
ffbd
ffbd
ffbd
ffbe
ffbf
ffc0
ffc1
ffc2
ffc3
ffc3
ffc3
ffc3
ffc3
ffc4
ffc5
ffc6
ffc7
ffc8
ffc9
ffca
ffcb
ffcc
ffcd
ffce
ffcf
ffd1
ffd3
ffd5
ffd7
ffd9
ffdb
ffdd
ffdf
ffe1
ffe4
ffe7
ffea
ffed
fff0
fff3
fff6
fffa
fffe
0002
0006
000a
000f
0013
0016
0019
001c
001f
0021
0023
0025
0027
002a
002c
002d
002e
0030
0031
0032
0033
0035
0036
0036
0037
0037
0037
0037
0038
0038
0038
0038
0039
0039
0039
003a
003a
003b
003b
003b
003b
003c
003c
003c
003d
003d
003e
003e
003e
003f
003f
003f
0040
0040
0041
0041
0041
0042
0042
0043
0043
0043
0044
0044
0044
0043
0042
0042
0042
0043
0043
0044
0044
0044
0043
0042
0042
0043
0043
0043
0044
0044
0044
0043
0043
0043
0044
0044
0043
0043
0044
0044
0044
0043
0043
0043
0044
0044
0043
0043
0044
0044
0044
0043
0043
0043
0044
0044
0044
0043
0043
0044
0044
0043
0043
0044
0044
0044
0043
0043
0043
0044
0045
0045
0044
0044
0044
0043
0043
0044
0044
0043
0043
0044
0044
0044
0043
0043
0044
0044
0043
0043
0044
0044
0044
0044
0043
0042
0042
0043
0043
0044
0045
0045
0044
0044
0044
0043
0043
0044
0044
0044
0043
0043
0043
0044
0045
0045
0044
0044
0044
0043
0043
0044
0044
0044
0043
0043
0043
0044
0045
0045
0045
0044
0044
0043
0043
0043
0044
0044
0044
0044
0043
0043
0043
0044
0044
0044
0044
0043
0042
0042
0043
0043
0044
0044
0044
0043
0043
0043
0044
0044
0044
0044
0043
0042
0042
0043
0043
0043
0044
0045
0045
0044
0044
0043
0043
0044
0044
0043
0043
0043
0044
0044
0044
0043
0043
0043
0044
0044
0043
0043
0044
0044
0043
0043
0043
0043
0044
0045
0045
0044
0044
0043
0042
0042
0042
0043
0043
0043
0044
0045
0045
0044
0043
0043
0043
0044
0044
0043
0042
0042
0042
0043
0043
0043
0044
0044
0043
0043
0043
0043
0043
0044
0044
0044
0043
0042
0041
0040
0040
0040
0041
0041
0041
0041
0041
0041
0042
0042
0043
0043
0043
0043
0043
0043
0044
0044
0043
0042
0041
0041
0041
0041
0041
0042
0042
0042
0042
0042
0042
0042
0042
0042
0043
0043
0043
0043
0043
0043
0044
0044
0043
0042
0041
0040
003f
003e
003d
003c
003b
003a
0039
0038
0037
0036
0035
0034
0034
0034
0034
0034
0033
0032
0031
0030
002f
002f
002f
002f
002e
002d
002c
002b
002a
0029
0028
0027
0026
0025
0024
0023
0022
0020
001e
001c
001a
0018
0016
0014
0012
0010
000d
000a
0007
0004
0001
fffe
fffa
fff6
fff2
ffef
ffec
ffe9
ffe5
ffe2
ffe0
ffde
ffdc
ffd9
ffd7
ffd6
ffd5
ffd3
ffd2
ffd1
ffd0
ffcf
ffcd
ffcc
ffcb
ffca
ffc9
ffc9
ffc8
ffc8
ffc8
ffc8
ffc8
ffc8
ffc7
ffc7
ffc6
ffc6
ffc6
ffc5
ffc5
ffc5
ffc4
ffc4
ffc4
ffc3
ffc3
ffc3
ffc3
ffc2
ffc2
ffc1
ffc1
ffc0
ffc0
ffc0
ffc0
ffbf
ffbe
ffbe
ffbe
ffbe
ffbd
ffbd
ffbc
ffbc
ffbd
ffbd
ffbc
ffbc
ffbd
ffbd
ffbd
ffbd
ffbc
ffbb
ffbb
ffbc
ffbc
ffbd
ffbe
ffbe
ffbd
ffbd
ffbd
ffbc
ffbb
ffbb
ffbc
ffbc
ffbd
ffbd
ffbd
ffbc
ffbc
ffbc
ffbd
ffbd
ffbc
ffbc
ffbd
ffbd
ffbd
ffbc
ffbc
ffbc
ffbd
ffbd
ffbc
ffbc
ffbd
ffbd
ffbc
ffbc
ffbc
ffbd
ffbe
ffbe
ffbd
ffbd
ffbc
ffbb
ffbb
ffbc
ffbc
ffbc
ffbd
ffbd
ffbd
ffbc
ffbc
ffbc
ffbc
ffbd
ffbe
ffbe
ffbd
ffbd
ffbc
ffbc
ffbc
ffbc
ffbd
ffbd
ffbd
ffbc
ffbc
ffbc
ffbd
ffbd
ffbc
ffbc
ffbc
ffbc
ffbd
ffbe
ffbe
ffbd
ffbd
ffbc
ffbc
ffbc
ffbc
ffbd
ffbd
ffbd
ffbc
ffbc
ffbc
ffbc
ffbd
ffbd
ffbd
ffbc
ffbc
ffbc
ffbc
ffbd
ffbd
ffbd
ffbc
ffbc
ffbc
ffbc
ffbd
ffbd
ffbd
ffbc
ffbc
ffbc
ffbc
ffbd
ffbe
ffbe
ffbd
ffbd
ffbc
ffbb
ffbb
ffbc
ffbc
ffbc
ffbd
ffbd
ffbd
ffbc
ffbc
ffbc
ffbd
ffbd
ffbc
ffbc
ffbd
ffbd
ffbd
ffbc
ffbb
ffbb
ffbb
ffbc
ffbd
ffbd
ffbc
ffbc
ffbc
ffbd
ffbd
ffbd
ffbc
ffbc
ffbc
ffbd
ffbd
ffbd
ffbd
ffbc
ffbb
ffbb
ffbc
ffbc
ffbd
ffbd
ffbd
ffbc
ffbc
ffbc
ffbd
ffbd
ffbd
ffbd
ffbc
ffbc
ffbc
ffbd
ffbd
ffbd
ffbc
ffbc
ffbd
ffbd
ffbd
ffbd
ffbc
ffbc
ffbc
ffbd
ffbe
ffbe
ffbe
ffbd
ffbd
ffbd
ffbd
ffbc
ffbb
ffbb
ffbc
ffbd
ffbd
ffbd
ffbd
ffbc
ffbc
ffbd
ffbd
ffbd
ffbd
ffbc
ffbc
ffbd
ffbd
ffbd
ffbd
ffbd
ffbc
ffbc
ffbd
ffbd
ffbd
ffbd
ffbd
ffbd
ffbc
ffbc
ffbd
ffbd
ffbd
ffbd
ffbd
ffbd
ffbd
ffbc
ffbc
ffbd
ffbe
ffbe
ffbe
ffbe
ffbe
ffbe
ffbe
ffbd
ffbd
ffbd
ffbd
ffbd
ffbd
ffbc
ffbc
ffbd
ffbe
ffbf
ffc0
ffc1
ffc2
ffc3
ffc4
ffc4
ffc4
ffc4
ffc4
ffc4
ffc4
ffc4
ffc4
ffc4
ffc4
ffc4
ffc4
ffc3
ffc3
ffc3
ffc3
ffc4
ffc5
ffc6
ffc7
ffc8
ffc8
ffc8
ffc8
ffc8
ffc9
ffca
ffcb
ffcc
ffcd
ffce
ffcf
ffd0
ffd1
ffd2
ffd3
ffd4
ffd5
ffd6
ffd7
ffd8
ffd9
ffdb
ffdd
ffdf
ffe1
ffe3
ffe5
ffe8
ffeb
ffee
fff1
fff4
fff7
fffa
fffd
0000
0004
0008
000c
0010
0014
0017
001a
001d
001f
0021
0024
0026
0028
002a
002c
002d
002e
002f
0031
0032
0033
0034
0036
0037
0037
0037
0038
0038
0038
0039
0039
0039
0039
003a
003a
003a
003b
003b
003b
003c
003c
003c
003d
003d
003e
003e
003e
003e
003f
003f
003f
0040
0040
0041
0041
0042
0042
0042
0043
0043
0043
0044
0044
0044
0043
0043
0043
0043
0044
0044
0044
0043
0043
0043
0043
0044
0044
0044
0043
0043
0043
0044
0044
0044
0043
0042
0042
0043
0043
0044
0044
0043
0043
0044
0044
0043
0043
0044
0044
0043
0043
0044
0044
0043
0043
0044
0044
0044
0043
0043
0043
0044
0044
0044
0043
0043
0044
0044
0044
0043
0043
0043
0044
0044
0044
0043
0043
0043
0044
0045
0045
0045
0045
0044
0043
0043
0044
0044
0044
0043
0043
0044
0044
0043
0043
0044
0044
0044
0044
0043
0042
0042
0043
0043
0044
0045
0045
0044
0044
0044
0044
0043
0042
0042
0043
0043
0044
0044
0044
0044
0043
0043
0043
0044
0044
0044
0043
0043
0044
0044
0044
0043
0043
0044
0044
0043
0043
0044
0044
0044
0043
0043
0044
0044
0044
0043
0042
0042
0043
0044
0044
0043
0043
0043
0044
0045
0045
0045
0044
0044
0043
0043
0043
0044
0044
0044
0043
0043
0043
0044
0044
0044
0043
0043
0044
0044
0043
0043
0043
0044
0044
0044
0043
0043
0043
0043
0044
0045
0045
0045
0044
0043
0043
0043
0044
0044
0044
0043
0043
0043
0043
0044
0044
0043
0043
0044
0044
0043
0042
0042
0043
0043
0043
0043
0044
0044
0044
0043
0042
0042
0042
0043
0043
0043
0044
0044
0043
0042
0042
0042
0043
0043
0043
0043
0044
0044
0043
0043
0043
0043
0043
0044
0044
0044
0043
0042
0041
0040
003f
003f
003f
003f
0040
0040
0040
0040
0040
0041
0041
0041
0041
0041
0042
0042
0042
0042
0042
0043
0043
0043
0043
0043
0043
0043
0044
0044
0043
0042
0041
0040
003f
003e
003d
003d
003d
003d
003d
003d
003d
003d
003d
003d
003d
003d
003d
003d
003d
003e
003e
003e
003e
003e
003d
003c
003b
003a
0039
0038
0038
0038
0038
0038
0037
0036
0035
0034
0033
0032
0031
0030
002f
002e
002d
002c
002a
0028
0026
0024
0022
0020
001e
001c
0019
0016
0013
0010
000d
000a
0007
0004
0000
fffc
fff8
fff4
fff0
ffed
ffe9
ffe6
ffe3
ffe0
ffde
ffdc
ffda
ffd8
ffd6
ffd4
ffd3
ffd2
ffd1
ffcf
ffce
ffcd
ffcc
ffca
ffc9
ffc9
ffc8
ffc8
ffc8
ffc8
ffc7
ffc7
ffc7
ffc7
ffc6
ffc6
ffc5
ffc5
ffc5
ffc5
ffc4
ffc4
ffc3
ffc3
ffc3
ffc3
ffc2
ffc2
ffc1
ffc1
ffc1
ffc0
ffc0
ffbf
ffbf
ffbf
ffbe
ffbe
ffbe
ffbd
ffbd
ffbc
ffbc
ffbd
ffbd
ffbd
ffbc
ffbc
ffbd
ffbd
ffbc
ffbc
ffbd
ffbd
ffbd
ffbc
ffbc
ffbd
ffbd
ffbd
ffbc
ffbb
ffbb
ffbc
ffbc
ffbd
ffbd
ffbd
ffbc
ffbc
ffbc
ffbd
ffbe
ffbe
ffbd
ffbd
ffbc
ffbc
ffbc
ffbd
ffbd
ffbd
ffbc
ffbc
ffbc
ffbd
ffbd
ffbd
ffbc
ffbc
ffbc
ffbc
ffbd
ffbe
ffbe
ffbd
ffbd
ffbc
ffbc
ffbc
ffbd
ffbd
ffbc
ffbc
ffbd
ffbd
ffbc
ffbc
ffbc
ffbd
ffbd
ffbc
ffbc
ffbd
ffbd
ffbc
ffbc
ffbc
ffbd
ffbd
ffbc
ffbc
ffbc
ffbd
ffbd
ffbd
ffbc
ffbb
ffbb
ffbb
ffbc
ffbc
ffbd
ffbd
ffbc
ffbc
ffbd
ffbd
ffbc
ffbb
ffbb
ffbb
ffbc
ffbd
ffbd
ffbc
ffbb
ffbb
ffbc
ffbc
ffbc
ffbd
ffbd
ffbc
ffbc
ffbc
ffbd
ffbd
ffbd
ffbc
ffbc
ffbc
ffbd
ffbd
ffbc
ffbc
ffbc
ffbd
ffbd
ffbc
ffbc
ffbc
ffbd
ffbd
ffbd
ffbc
ffbc
ffbc
ffbd
ffbd
ffbc
ffbc
ffbd
ffbd
ffbc
ffbc
ffbc
ffbd
ffbd
ffbd
ffbc
ffbb
ffbb
ffbc
ffbc
ffbc
ffbd
ffbe
ffbe
ffbd
ffbd
ffbd
ffbc
ffbb
ffbb
ffbb
ffbc
ffbd
ffbd
ffbd
ffbc
ffbb
ffbb
ffbc
ffbc
ffbd
ffbd
ffbd
ffbc
ffbc
ffbc
ffbd
ffbd
ffbd
ffbd
ffbc
ffbc
ffbc
ffbd
ffbd
ffbd
ffbc
ffbc
ffbd
ffbd
ffbd
ffbc
ffbc
ffbd
ffbd
ffbd
ffbd
ffbc
ffbc
ffbc
ffbd
ffbd
ffbd
ffbd
ffbc
ffbc
ffbd
ffbe
ffbe
ffbe
ffbd
ffbd
ffbd
ffbc
ffbc
ffbd
ffbd
ffbd
ffbd
ffbc
ffbc
ffbd
ffbe
ffbe
ffbe
ffbe
ffbd
ffbd
ffbd
ffbc
ffbc
ffbd
ffbe
ffbf
ffbf
ffbf
ffbf
ffbf
ffbe
ffbe
ffbe
ffbe
ffbe
ffbd
ffbd
ffbd
ffbc
ffbc
ffbd
ffbe
ffbf
ffc0
ffc1
ffc2
ffc2
ffc2
ffc2
ffc2
ffc2
ffc2
ffc1
ffc1
ffc1
ffc1
ffc1
ffc1
ffc1
ffc1
ffc0
ffc0
ffc0
ffc0
ffc0
ffc0
ffc0
ffc0
ffc0
ffc0
ffc0
ffc0
ffc0
ffc0
ffc0
ffbf
ffbf
ffbf
ffbf
ffbf
ffc0
ffc1
ffc2
ffc3
ffc4
ffc5
ffc5
ffc5
ffc5
ffc6
ffc7
ffc8
ffc9
ffca
ffcb
ffcc
ffcd
ffce
ffcf
ffd0
ffd1
ffd2
ffd4
ffd6
ffd8
ffda
ffdc
ffde
ffe0
ffe2
ffe4
ffe7
ffea
ffed
fff0
fff3
fff7
fffb
ffff
0003
0007
000b
000f
0012
0016
0019
001c
001f
0021
0023
0025
0027
002a
002c
002d
002e
002f
0031
0032
0033
0035
0036
0036
0036
0036
0037
0037
0038
0038
0038
0038
0039
0039
0039
003a
003a
003a
003a
003b
003c
003c
003c
003c
003c
003d
003e
003e
003e
003e
003f
003f
0040
0040
0040
0041
0041
0042
0042
0042
0043
0043
0043
0044
0045
0045
0044
0044
0043
0042
0042
0043
0043
0043
0044
0044
0044
0043
0043
0043
0043
0044
0045
0045
0044
0044
0043
0043
0044
0044
0043
0043
0044
0044
0043
0043
0043
0044
0044
0044
0044
0043
0042
0042
0043
0043
0043
0044
0044
0044
0044
0043
0043
0043
0044
0044
0044
0044
0043
0042
0042
0043
0043
0044
0044
0044
0044
0043
0042
0042
0043
0043
0044
0044
0044
0044
0043
0043
0043
0043
0044
0045
0046
0046
0046
0045
0045
0044
0044
0043
0043
0044
0044
0044
0043
0043
0043
0044
0045
0045
0045
0044
0044
0044
0043
0043
0043
0044
0044
0044
0044
0043
0043
0043
0044
0044
0044
0043
0043
0044
0044
0044
0043
0043
0043
0044
0045
0045
0045
0044
0044
0043
0043
0043
0044
0045
0045
0044
0044
0044
0043
0043
0044
0044
0043
0043
0044
0044
0043
0043
0044
0044
0044
0043
0043
0043
0044
0044
0043
0043
0044
0044
0044
0043
0043
0044
0044
0043
0042
0042
0043
0043
0044
0044
0043
0043
0044
0044
0043
0043
0043
0044
0044
0044
0043
0042
0042
0042
0043
0043
0044
0044
0044
0043
0042
0042
0042
0042
0043
0043
0044
0044
0044
0043
0042
0041
0041
0041
0042
0042
0043
0043
0043
0043
0044
0044
0043
0043
0043
0043
0044
0044
0044
0043
0042
0041
0041
0041
0041
0041
0041
0042
0043
0043
0043
0043
0043
0043
0044
0044
0043
0043
0043
0043
0043
0043
0043
0044
0044
0043
0042
0042
0042
0042
0042
0042
0043
0043
0043
0043
0043
0043
0043
0043
0044
0044
0043
0042
0041
0040
003f
003f
003f
003f
003f
003f
003f
003f
003f
003f
003f
003f
003f
003f
003f
003f
003f
003f
0040
0040
0040
0040
0040
003f
003e
003d
003c
003b
003a
003a
003a
003a
003a
0039
0038
0037
0036
0035
0034
0033
0032
0030
002e
002c
002a
0028
0026
0024
0022
0020
001e
001c
001a
0018
0015
0012
000f
000c
0008
0004
0000
fffc
fff8
fff4
fff0
ffec
ffe9
ffe6
ffe3
ffe0
ffde
ffdc
ffda
ffd8
ffd5
ffd3
ffd2
ffd1
ffcf
ffce
ffcd
ffcc
ffca
ffc9
ffc9
ffc8
ffc8
ffc8
ffc8
ffc8
ffc7
ffc7
ffc7
ffc6
ffc6
ffc5
ffc5
ffc5
ffc5
ffc4
ffc4
ffc4
ffc3
ffc3
ffc2
ffc2
ffc2
ffc2
ffc1
ffc1
ffc0
ffc0
ffc0
ffbf
ffbf
ffbf
ffbe
ffbe
ffbd
ffbd
ffbc
ffbc
ffbd
ffbd
ffbd
ffbc
ffbc
ffbd
ffbd
ffbd
ffbc
ffbc
ffbc
ffbd
ffbd
ffbd
ffbd
ffbc
ffbc
ffbc
ffbd
ffbd
ffbd
ffbc
ffbc
ffbc
ffbd
ffbe
ffbe
ffbd
ffbd
ffbc
ffbc
ffbd
ffbd
ffbc
ffbc
ffbd
ffbd
ffbc
ffbc
ffbc
ffbd
ffbd
ffbd
ffbd
ffbc
ffbb
ffbb
ffbb
ffbb
ffbc
ffbd
ffbd
ffbd
ffbc
ffbb
ffbb
ffbb
ffbc
ffbc
ffbd
ffbd
ffbd
ffbc
ffbb
ffbb
ffbb
ffbc
ffbc
ffbd
ffbd
ffbd
ffbc
ffbb
ffbb
ffbc
ffbc
ffbc
ffbd
ffbd
ffbc
ffbc
ffbc
ffbd
ffbd
ffbc
ffbc
ffbd
ffbd
ffbc
ffbc
ffbc
ffbd
ffbd
ffbd
ffbc
ffbb
ffbb
ffbb
ffbb
ffbc
ffbd
ffbd
ffbc
ffbc
ffbc
ffbc
ffbd
ffbd
ffbd
ffbc
ffbc
ffbc
ffbd
ffbd
ffbd
ffbc
ffbb
ffba
ffba
ffbb
ffbb
ffbb
ffbc
ffbd
ffbd
ffbc
ffbc
ffbc
ffbc
ffbd
ffbd
ffbd
ffbd
ffbc
ffbb
ffbb
ffbb
ffbc
ffbc
ffbc
ffbd
ffbd
ffbd
ffbc
ffbc
ffbd
ffbd
ffbc
ffbc
ffbc
ffbd
ffbd
ffbc
ffbc
ffbd
ffbd
ffbd
ffbc
ffbc
ffbc
ffbc
ffbd
ffbe
ffbe
ffbd
ffbd
ffbd
ffbc
ffbc
ffbc
ffbd
ffbd
ffbd
ffbc
ffbc
ffbc
ffbd
ffbe
ffbe
ffbd
ffbd
ffbd
ffbc
ffbc
ffbc
ffbd
ffbe
ffbe
ffbd
ffbd
ffbd
ffbd
ffbc
ffbb
ffbb
ffbc
ffbc
ffbd
ffbe
ffbe
ffbe
ffbd
ffbd
ffbd
ffbc
ffbc
ffbd
ffbd
ffbd
ffbc
ffbc
ffbd
ffbd
ffbd
ffbd
ffbd
ffbc
ffbc
ffbc
ffbd
ffbe
ffbe
ffbe
ffbe
ffbe
ffbd
ffbd
ffbd
ffbd
ffbc
ffbc
ffbc
ffbd
ffbe
ffbf
ffc0
ffc1
ffc1
ffc1
ffc0
ffc0
ffc0
ffc0
ffc0
ffc0
ffc0
ffbf
ffbf
ffbf
ffbe
ffbe
ffbe
ffbe
ffbe
ffbe
ffbe
ffbd
ffbd
ffbd
ffbd
ffbd
ffbc
ffbc
ffbd
ffbe
ffbf
ffc0
ffc1
ffc2
ffc3
ffc4
ffc4
ffc4
ffc4
ffc4
ffc4
ffc4
ffc4
ffc4
ffc4
ffc4
ffc4
ffc4
ffc4
ffc4
ffc3
ffc3
ffc3
ffc3
ffc3
ffc4
ffc5
ffc6
ffc7
ffc8
ffc9
ffc9
ffc9
ffc9
ffca
ffcb
ffcc
ffcd
ffce
ffcf
ffd0
ffd1
ffd2
ffd3
ffd4
ffd5
ffd6
ffd7
ffd9
ffdb
ffdd
ffdf
ffe1
ffe3
ffe5
ffe8
ffeb
ffee
fff1
fff4
fff7
fffa
fffd
0001
0005
0009
000d
0011
0015
0018
001b
001d
001f
0022
0024
0026
0028
002b
002d
002e
002f
0030
0032
0033
0034
0035
0037
0038
0038
0039
0039
0039
0039
003a
003a
003a
003b
003b
003b
003c
003c
003c
003c
003d
003d
003e
003e
003e
003e
003f
003f
0040
0040
0041
0041
0041
0041
0042
0042
0043
0043
0043
0044
0044
0044
0043
0043
0043
0043
0044
0044
0044
0043
0042
0042
0042
0043
0043
0044
0044
0044
0043
0042
0042
0042
0043
0044
0044
0043
0043
0043
0044
0044
0044
0043
0043
0043
0044
0044
0044
0043
0043
0043
0044
0044
0044
0043
0043
0043
0044
0045
0045
0044
0044
0044
0043
0043
0043
0044
0044
0044
0043
0043
0043
0044
0045
0045
0044
0044
0044
0043
0043
0043
0044
0045
0045
0045
0044
0044
0043
0043
0043
0044
0045
0045
0045
0044
0044
0043
0043
0044
0044
0044
0043
0043
0043
0044
0045
0045
0045
0044
0044
0044
0043
0043
0043
0044
0044
0044
0043
0043
0044
0044
0044
0043
0043
0044
0044
0044
0043
0043
0043
0044
0045
0045
0044
0044
0044
0043
0043
0044
0044
0043
0043
0044
0044
0044
0043
0043
0044
0044
0043
0043
0044
0044
0044
0043
0043
0043
0044
0044
0044
0043
0043
0044
0044
0043
0043
0044
0044
0043
0043
0044
0044
0044
0043
0043
0043
0043
0044
0045
0045
0044
0044
0044
0043
0042
0042
0043
0043
0043
0044
0044
0044
0043
0043
0043
0043
0044
0044
0044
0044
0043
0042
0041
0041
0041
0042
0042
0043
0043
0043
0044
0044
0044
0043
0042
0042
0042
0043
0043
0043
0044
0044
0043
0043
0043
0043
0044
0044
0043
0043
0043
0043
0044
0044
0043
0043
0043
0043
0043
0044
0044
0043
0043
0043
0043
0044
0044
0043
0042
0041
0041
0041
0041
0041
0042
0042
0042
0042
0043
0043
0043
0043
0043
0043
0044
0044
0043
0042
0042
0042
0042
0042
0042
0042
0042
0042
0043
0043
0043
0043
0043
0043
0043
0043
0044
0044
0043
0042
0041
0040
003f
003e
003d
003c
003b
003a
0039
0038
0037
0036
0036
0036
0036
0036
0036
0035
0034
0033
0032
0031
0031
0031
0031
0030
002f
002e
002d
002c
002b
002a
0029
0028
0027
0026
0025
0024
0022
0020
001e
001c
001a
0018
0016
0014
0011
000e
000b
0008
0005
0002
ffff
fffb
fff7
fff3
ffef
ffec
ffe9
ffe5
ffe2
ffe0
ffde
ffdc
ffd9
ffd7
ffd6
ffd5
ffd3
ffd2
ffd1
ffd0
ffce
ffcd
ffcc
ffcb
ffc9
ffc8
ffc8
ffc8
ffc7
ffc7
ffc7
ffc7
ffc6
ffc6
ffc5
ffc5
ffc5
ffc5
ffc5
ffc4
ffc3
ffc3
ffc3
ffc3
ffc2
ffc2
ffc2
ffc1
ffc1
ffc1
ffc0
ffc0
ffc0
ffbf
ffbf
ffbe
ffbe
ffbd
ffbd
ffbd
ffbd
ffbc
ffbc
ffbc
ffbd
ffbd
ffbd
ffbc
ffbc
ffbd
ffbd
ffbd
ffbc
ffbc
ffbd
ffbd
ffbd
ffbc
ffbc
ffbc
ffbc
ffbd
ffbe
ffbf
ffbf
ffbe
ffbe
ffbe
ffbd
ffbc
ffbc
ffbd
ffbd
ffbd
ffbc
ffbb
ffbb
ffbc
ffbc
ffbc
ffbd
ffbe
ffbe
ffbe
ffbd
ffbc
ffbc
ffbc
ffbd
ffbe
ffbe
ffbd
ffbd
ffbc
ffbc
ffbc
ffbd
ffbd
ffbc
ffbc
ffbd
ffbd
ffbc
ffbc
ffbc
ffbd
ffbd
ffbd
ffbc
ffbb
ffbb
ffbc
ffbc
ffbc
ffbd
ffbd
ffbc
ffbc
ffbd
ffbd
ffbc
ffbc
ffbc
ffbd
ffbd
ffbc
ffbc
ffbc
ffbd
ffbd
ffbd
ffbc
ffbb
ffbb
ffbb
ffbc
ffbc
ffbd
ffbd
ffbd
ffbc
ffbb
ffbb
ffbb
ffbc
ffbc
ffbc
ffbd
ffbd
ffbd
ffbc
ffbb
ffbb
ffbb
ffbc
ffbd
ffbd
ffbc
ffbb
ffbb
ffbb
ffbc
ffbd
ffbd
ffbc
ffbb
ffbb
ffbc
ffbc
ffbc
ffbd
ffbd
ffbd
ffbc
ffbc
ffbc
ffbc
ffbd
ffbd
ffbd
ffbc
ffbc
ffbc
ffbd
ffbd
ffbd
ffbc
ffbb
ffbb
ffbc
ffbc
ffbc
ffbd
ffbd
ffbd
ffbc
ffbc
ffbc
ffbd
ffbd
ffbd
ffbc
ffbc
ffbc
ffbd
ffbd
ffbd
ffbc
ffbc
ffbc
ffbd
ffbd
ffbd
ffbc
ffbc
ffbc
ffbd
ffbd
ffbd
ffbd
ffbc
ffbc
ffbc
ffbd
ffbd
ffbd
ffbc
ffbc
ffbc
ffbd
ffbe
ffbe
ffbe
ffbd
ffbd
ffbc
ffbc
ffbd
ffbd
ffbd
ffbc
ffbc
ffbd
ffbd
ffbd
ffbc
ffbc
ffbd
ffbe
ffbe
ffbe
ffbd
ffbd
ffbc
ffbc
ffbd
ffbe
ffbe
ffbe
ffbd
ffbd
ffbd
ffbd
ffbc
ffbc
ffbd
ffbd
ffbd
ffbd
ffbc
ffbc
ffbd
ffbd
ffbd
ffbd
ffbd
ffbc
ffbc
ffbd
ffbe
ffbf
ffbf
ffbf
ffbf
ffbe
ffbe
ffbe
ffbe
ffbe
ffbd
ffbd
ffbd
ffbd
ffbd
ffbc
ffbc
ffbd
ffbe
ffbf
ffc0
ffc0
ffc0
ffc0
ffc0
ffc0
ffc0
ffbf
ffbf
ffbf
ffbf
ffbf
ffbf
ffbf
ffbf
ffbe
ffbe
ffbe
ffbe
ffbe
ffbe
ffbe
ffbe
ffbe
ffbe
ffbe
ffbe
ffbe
ffbe
ffbe
ffbe
ffbd
ffbd
ffbd
ffbd
ffbe
ffbf
ffc0
ffc1
ffc2
ffc3
ffc3
ffc3
ffc3
ffc3
ffc4
ffc5
ffc6
ffc7
ffc8
ffc9
ffca
ffcb
ffcc
ffcd
ffce
ffcf
ffd1
ffd3
ffd5
ffd7
ffd9
ffdb
ffdd
ffdf
ffe1
ffe4
ffe7
ffea
ffed
fff0
fff3
fff6
fffa
fffe
0002
0006
000a
000f
0013
0016
0019
001c
001f
0021
0023
0025
0027
002a
002c
002d
002e
0030
0031
0032
0033
0035
0036
0036
0037
0037
0037
0037
0038
0038
0038
0038
0039
0039
0039
003a
003a
003b
003b
003b
003b
003c
003c
003c
003d
003d
003e
003e
003e
003f
003f
003f
0040
0040
0041
0041
0041
0042
0042
0043
0043
0043
0044
0044
0044
0043
0042
0042
0042
0043
0043
0044
0044
0044
0043
0042
0042
0043
0043
0043
0044
0044
0044
0043
0043
0043
0044
0044
0043
0043
0044
0044
0044
0043
0043
0043
0044
0044
0043
0043
0044
0044
0044
0043
0043
0043
0044
0044
0044
0043
0043
0044
0044
0043
0043
0044
0044
0044
0043
0043
0043
0044
0045
0045
0044
0044
0044
0043
0043
0044
0044
0043
0043
0044
0044
0044
0043
0043
0044
0044
0043
0043
0044
0044
0044
0044
0043
0042
0042
0043
0043
0044
0045
0045
0044
0044
0044
0043
0043
0044
0044
0044
0043
0043
0043
0044
0045
0045
0044
0044
0044
0043
0043
0044
0044
0044
0043
0043
0043
0044
0045
0045
0045
0044
0044
0043
0043
0043
0044
0044
0044
0044
0043
0043
0043
0044
0044
0044
0044
0043
0042
0042
0043
0043
0044
0044
0044
0043
0043
0043
0044
0044
0044
0044
0043
0042
0042
0043
0043
0043
0044
0045
0045
0044
0044
0043
0043
0044
0044
0043
0043
0043
0044
0044
0044
0043
0043
0043
0044
0044
0043
0043
0044
0044
0043
0043
0043
0043
0044
0045
0045
0044
0044
0043
0042
0042
0042
0043
0043
0043
0044
0045
0045
0044
0043
0043
0043
0044
0044
0043
0042
0042
0042
0043
0043
0043
0044
0044
0043
0043
0043
0043
0043
0044
0044
0044
0043
0042
0041
0040
0040
0040
0041
0041
0041
0041
0041
0041
0042
0042
0043
0043
0043
0043
0043
0043
0044
0044
0043
0042
0041
0041
0041
0041
0041
0042
0042
0042
0042
0042
0042
0042
0042
0042
0043
0043
0043
0043
0043
0043
0044
0044
0043
0042
0041
0040
003f
003e
003d
003c
003b
003a
0039
0038
0037
0036
0035
0034
0034
0034
0034
0034
0033
0032
0031
0030
002f
002f
002f
002f
002e
002d
002c
002b
002a
0029
0028
0027
0026
0025
0024
0023
0022
0020
001e
001c
001a
0018
0016
0014
0012
0010
000d
000a
0007
0004
0001
fffe
fffa
fff6
fff2
ffef
ffec
ffe9
ffe5
ffe2
ffe0
ffde
ffdc
ffd9
ffd7
ffd6
ffd5
ffd3
ffd2
ffd1
ffd0
ffcf
ffcd
ffcc
ffcb
ffca
ffc9
ffc9
ffc8
ffc8
ffc8
ffc8
ffc8
ffc8
ffc7
ffc7
ffc6
ffc6
ffc6
ffc5
ffc5
ffc5
ffc4
ffc4
ffc4
ffc3
ffc3
ffc3
ffc3
ffc2
ffc2
ffc1
ffc1
ffc0
ffc0
ffc0
ffc0
ffbf
ffbe
ffbe
ffbe
ffbe
ffbd
ffbd
ffbc
ffbc
ffbd
ffbd
ffbc
ffbc
ffbd
ffbd
ffbd
ffbd
ffbc
ffbb
ffbb
ffbc
ffbc
ffbd
ffbe
ffbe
ffbd
ffbd
ffbd
ffbc
ffbb
ffbb
ffbc
ffbc
ffbd
ffbd
ffbd
ffbc
ffbc
ffbc
ffbd
ffbd
ffbc
ffbc
ffbd
ffbd
ffbd
ffbc
ffbc
ffbc
ffbd
ffbd
ffbc
ffbc
ffbd
ffbd
ffbc
ffbc
ffbc
ffbd
ffbe
ffbe
ffbd
ffbd
ffbc
ffbb
ffbb
ffbc
ffbc
ffbc
ffbd
ffbd
ffbd
ffbc
ffbc
ffbc
ffbc
ffbd
ffbe
ffbe
ffbd
ffbd
ffbc
ffbc
ffbc
ffbc
ffbd
ffbd
ffbd
ffbc
ffbc
ffbc
ffbd
ffbd
ffbc
ffbc
ffbc
ffbc
ffbd
ffbe
ffbe
ffbd
ffbd
ffbc
ffbc
ffbc
ffbc
ffbd
ffbd
ffbd
ffbc
ffbc
ffbc
ffbc
ffbd
ffbd
ffbd
ffbc
ffbc
ffbc
ffbc
ffbd
ffbd
ffbd
ffbc
ffbc
ffbc
ffbc
ffbd
ffbd
ffbd
ffbc
ffbc
ffbc
ffbc
ffbd
ffbe
ffbe
ffbd
ffbd
ffbc
ffbb
ffbb
ffbc
ffbc
ffbc
ffbd
ffbd
ffbd
ffbc
ffbc
ffbc
ffbd
ffbd
ffbc
ffbc
ffbd
ffbd
ffbd
ffbc
ffbb
ffbb
ffbb
ffbc
ffbd
ffbd
ffbc
ffbc
ffbc
ffbd
ffbd
ffbd
ffbc
ffbc
ffbc
ffbd
ffbd
ffbd
ffbd
ffbc
ffbb
ffbb
ffbc
ffbc
ffbd
ffbd
ffbd
ffbc
ffbc
ffbc
ffbd
ffbd
ffbd
ffbd
ffbc
ffbc
ffbc
ffbd
ffbd
ffbd
ffbc
ffbc
ffbd
ffbd
ffbd
ffbd
ffbc
ffbc
ffbc
ffbd
ffbe
ffbe
ffbe
ffbd
ffbd
ffbd
ffbd
ffbc
ffbb
ffbb
ffbc
ffbd
ffbd
ffbd
ffbd
ffbc
ffbc
ffbd
ffbd
ffbd
ffbd
ffbc
ffbc
ffbd
ffbd
ffbd
ffbd
ffbd
ffbc
ffbc
ffbd
ffbd
ffbd
ffbd
ffbd
ffbd
ffbc
ffbc
ffbd
ffbd
ffbd
ffbd
ffbd
ffbd
ffbd
ffbc
ffbc
ffbd
ffbe
ffbe
ffbe
ffbe
ffbe
ffbe
ffbe
ffbd
ffbd
ffbd
ffbd
ffbd
ffbd
ffbc
ffbc
ffbd
ffbe
ffbf
ffc0
ffc1
ffc2
ffc3
ffc4
ffc4
ffc4
ffc4
ffc4
ffc4
ffc4
ffc4
ffc4
ffc4
ffc4
ffc4
ffc4
ffc3
ffc3
ffc3
ffc3
ffc4
ffc5
ffc6
ffc7
ffc8
ffc8
ffc8
ffc8
ffc8
ffc9
ffca
ffcb
ffcc
ffcd
ffce
ffcf
ffd0
ffd1
ffd2
ffd3
ffd4
ffd5
ffd6
ffd7
ffd8
ffd9
ffdb
ffdd
ffdf
ffe1
ffe3
ffe5
ffe8
ffeb
ffee
fff1
fff4
fff7
fffa
fffd
0000
0004
0008
000c
0010
0014
0017
001a
001d
001f
0021
0024
0026
0028
002a
002c
002d
002e
002f
0031
0032
0033
0034
0036
0037
0037
0037
0038
0038
0038
0039
0039
0039
0039
003a
003a
003a
003b
003b
003b
003c
003c
003c
003d
003d
003e
003e
003e
003e
003f
003f
003f
0040
0040
0041
0041
0042
0042
0042
0043
0043
0043
0044
0044
0044
0043
0043
0043
0043
0044
0044
0044
0043
0043
0043
0043
0044
0044
0044
0043
0043
0043
0044
0044
0044
0043
0042
0042
0043
0043
0044
0044
0043
0043
0044
0044
0043
0043
0044
0044
0043
0043
0044
0044
0043
0043
0044
0044
0044
0043
0043
0043
0044
0044
0044
0043
0043
0044
0044
0044
0043
0043
0043
0044
0044
0044
0043
0043
0043
0044
0045
0045
0045
0045
0044
0043
0043
0044
0044
0044
0043
0043
0044
0044
0043
0043
0044
0044
0044
0044
0043
0042
0042
0043
0043
0044
0045
0045
0044
0044
0044
0044
0043
0042
0042
0043
0043
0044
0044
0044
0044
0043
0043
0043
0044
0044
0044
0043
0043
0044
0044
0044
0043
0043
0044
0044
0043
0043
0044
0044
0044
0043
0043
0044
0044
0044
0043
0042
0042
0043
0044
0044
0043
0043
0043
0044
0045
0045
0045
0044
0044
0043
0043
0043
0044
0044
0044
0043
0043
0043
0044
0044
0044
0043
0043
0044
0044
0043
0043
0043
0044
0044
0044
0043
0043
0043
0043
0044
0045
0045
0045
0044
0043
0043
0043
0044
0044
0044
0043
0043
0043
0043
0044
0044
0043
0043
0044
0044
0043
0042
0042
0043
0043
0043
0043
0044
0044
0044
0043
0042
0042
0042
0043
0043
0043
0044
0044
0043
0042
0042
0042
0043
0043
0043
0043
0044
0044
0043
0043
0043
0043
0043
0044
0044
0044
0043
0042
0041
0040
003f
003f
003f
003f
0040
0040
0040
0040
0040
0041
0041
0041
0041
0041
0042
0042
0042
0042
0042
0043
0043
0043
0043
0043
0043
0043
0044
0044
0043
0042
0041
0040
003f
003e
003d
003d
003d
003d
003d
003d
003d
003d
003d
003d
003d
003d
003d
003d
003d
003e
003e
003e
003e
003e
003d
003c
003b
003a
0039
0038
0038
0038
0038
0038
0037
0036
0035
0034
0033
0032
0031
0030
002f
002e
002d
002c
002a
0028
0026
0024
0022
0020
001e
001c
0019
0016
0013
0010
000d
000a
0007
0004
0000
fffc
fff8
fff4
fff0
ffed
ffe9
ffe6
ffe3
ffe0
ffde
ffdc
ffda
ffd8
ffd6
ffd4
ffd3
ffd2
ffd1
ffcf
ffce
ffcd
ffcc
ffca
ffc9
ffc9
ffc8
ffc8
ffc8
ffc8
ffc7
ffc7
ffc7
ffc7
ffc6
ffc6
ffc5
ffc5
ffc5
ffc5
ffc4
ffc4
ffc3
ffc3
ffc3
ffc3
ffc2
ffc2
ffc1
ffc1
ffc1
ffc0
ffc0
ffbf
ffbf
ffbf
ffbe
ffbe
ffbe
ffbd
ffbd
ffbc
ffbc
ffbd
ffbd
ffbd
ffbc
ffbc
ffbd
ffbd
ffbc
ffbc
ffbd
ffbd
ffbd
ffbc
ffbc
ffbd
ffbd
ffbd
ffbc
ffbb
ffbb
ffbc
ffbc
ffbd
ffbd
ffbd
ffbc
ffbc
ffbc
ffbd
ffbe
ffbe
ffbd
ffbd
ffbc
ffbc
ffbc
ffbd
ffbd
ffbd
ffbc
ffbc
ffbc
ffbd
ffbd
ffbd
ffbc
ffbc
ffbc
ffbc
ffbd
ffbe
ffbe
ffbd
ffbd
ffbc
ffbc
ffbc
ffbd
ffbd
ffbc
ffbc
ffbd
ffbd
ffbc
ffbc
ffbc
ffbd
ffbd
ffbc
ffbc
ffbd
ffbd
ffbc
ffbc
ffbc
ffbd
ffbd
ffbc
ffbc
ffbc
ffbd
ffbd
ffbd
ffbc
ffbb
ffbb
ffbb
ffbc
ffbc
ffbd
ffbd
ffbc
ffbc
ffbd
ffbd
ffbc
ffbb
ffbb
ffbb
ffbc
ffbd
ffbd
ffbc
ffbb
ffbb
ffbc
ffbc
ffbc
ffbd
ffbd
ffbc
ffbc
ffbc
ffbd
ffbd
ffbd
ffbc
ffbc
ffbc
ffbd
ffbd
ffbc
ffbc
ffbc
ffbd
ffbd
ffbc
ffbc
ffbc
ffbd
ffbd
ffbd
ffbc
ffbc
ffbc
ffbd
ffbd
ffbc
ffbc
ffbd
ffbd
ffbc
ffbc
ffbc
ffbd
ffbd
ffbd
ffbc
ffbb
ffbb
ffbc
ffbc
ffbc
ffbd
ffbe
ffbe
ffbd
ffbd
ffbd
ffbc
ffbb
ffbb
ffbb
ffbc
ffbd
ffbd
ffbd
ffbc
ffbb
ffbb
ffbc
ffbc
ffbd
ffbd
ffbd
ffbc
ffbc
ffbc
ffbd
ffbd
ffbd
ffbd
ffbc
ffbc
ffbc
ffbd
ffbd
ffbd
ffbc
ffbc
ffbd
ffbd
ffbd
ffbc
ffbc
ffbd
ffbd
ffbd
ffbd
ffbc
ffbc
ffbc
ffbd
ffbd
ffbd
ffbd
ffbc
ffbc
ffbd
ffbe
ffbe
ffbe
ffbd
ffbd
ffbd
ffbc
ffbc
ffbd
ffbd
ffbd
ffbd
ffbc
ffbc
ffbd
ffbe
ffbe
ffbe
ffbe
ffbd
ffbd
ffbd
ffbc
ffbc
ffbd
ffbe
ffbf
ffbf
ffbf
ffbf
ffbf
ffbe
ffbe
ffbe
ffbe
ffbe
ffbd
ffbd
ffbd
ffbc
ffbc
ffbd
ffbe
ffbf
ffc0
ffc1
ffc2
ffc2
ffc2
ffc2
ffc2
ffc2
ffc2
ffc1
ffc1
ffc1
ffc1
ffc1
ffc1
ffc1
ffc1
ffc0
ffc0
ffc0
ffc0
ffc0
ffc0
ffc0
ffc0
ffc0
ffc0
ffc0
ffc0
ffc0
ffc0
ffc0
ffbf
ffbf
ffbf
ffbf
ffbf
ffc0
ffc1
ffc2
ffc3
ffc4
ffc5
ffc5
ffc5
ffc5
ffc6
ffc7
ffc8
ffc9
ffca
ffcb
ffcc
ffcd
ffce
ffcf
ffd0
ffd1
ffd2
ffd4
ffd6
ffd8
ffda
ffdc
ffde
ffe0
ffe2
ffe4
ffe7
ffea
ffed
fff0
fff3
fff7
fffb
ffff
0003
0007
000b
000f
0012
0016
0019
001c
001f
0021
0023
0025
0027
002a
002c
002d
002e
002f
0031
0032
0033
0035
0036
0036
0036
0036
0037
0037
0038
0038
0038
0038
0039
0039
0039
003a
003a
003a
003a
003b
003c
003c
003c
003c
003c
003d
003e
003e
003e
003e
003f
003f
0040
0040
0040
0041
0041
0042
0042
0042
0043
0043
0043
0044
0045
0045
0044
0044
0043
0042
0042
0043
0043
0043
0044
0044
0044
0043
0043
0043
0043
0044
0045
0045
0044
0044
0043
0043
0044
0044
0043
0043
0044
0044
0043
0043
0043
0044
0044
0044
0044
0043
0042
0042
0043
0043
0043
0044
0044
0044
0044
0043
0043
0043
0044
0044
0044
0044
0043
0042
0042
0043
0043
0044
0044
0044
0044
0043
0042
0042
0043
0043
0044
0044
0044
0044
0043
0043
0043
0043
0044
0045
0046
0046
0046
0045
0045
0044
0044
0043
0043
0044
0044
0044
0043
0043
0043
0044
0045
0045
0045
0044
0044
0044
0043
0043
0043
0044
0044
0044
0044
0043
0043
0043
0044
0044
0044
0043
0043
0044
0044
0044
0043
0043
0043
0044
0045
0045
0045
0044
0044
0043
0043
0043
0044
0045
0045
0044
0044
0044
0043
0043
0044
0044
0043
0043
0044
0044
0043
0043
0044
0044
0044
0043
0043
0043
0044
0044
0043
0043
0044
0044
0044
0043
0043
0044
0044
0043
0042
0042
0043
0043
0044
0044
0043
0043
0044
0044
0043
0043
0043
0044
0044
0044
0043
0042
0042
0042
0043
0043
0044
0044
0044
0043
0042
0042
0042
0042
0043
0043
0044
0044
0044
0043
0042
0041
0041
0041
0042
0042
0043
0043
0043
0043
0044
0044
0043
0043
0043
0043
0044
0044
0044
0043
0042
0041
0041
0041
0041
0041
0041
0042
0043
0043
0043
0043
0043
0043
0044
0044
0043
0043
0043
0043
0043
0043
0043
0044
0044
0043
0042
0042
0042
0042
0042
0042
0043
0043
0043
0043
0043
0043
0043
0043
0044
0044
0043
0042
0041
0040
003f
003f
003f
003f
003f
003f
003f
003f
003f
003f
003f
003f
003f
003f
003f
003f
003f
003f
0040
0040
0040
0040
0040
003f
003e
003d
003c
003b
003a
003a
003a
003a
003a
0039
0038
0037
0036
0035
0034
0033
0032
0030
002e
002c
002a
0028
0026
0024
0022
0020
001e
001c
001a
0018
0015
0012
000f
000c
0008
0004
0000
fffc
fff8
fff4
fff0
ffec
ffe9
ffe6
ffe3
ffe0
ffde
ffdc
ffda
ffd8
ffd5
ffd3
ffd2
ffd1
ffcf
ffce
ffcd
ffcc
ffca
ffc9
ffc9
ffc8
ffc8
ffc8
ffc8
ffc8
ffc7
ffc7
ffc7
ffc6
ffc6
ffc5
ffc5
ffc5
ffc5
ffc4
ffc4
ffc4
ffc3
ffc3
ffc2
ffc2
ffc2
ffc2
ffc1
ffc1
ffc0
ffc0
ffc0
ffbf
ffbf
ffbf
ffbe
ffbe
ffbd
ffbd
ffbc
ffbc
ffbd
ffbd
ffbd
ffbc
ffbc
ffbd
ffbd
ffbd
ffbc
ffbc
ffbc
ffbd
ffbd
ffbd
ffbd
ffbc
ffbc
ffbc
ffbd
ffbd
ffbd
ffbc
ffbc
ffbc
ffbd
ffbe
ffbe
ffbd
ffbd
ffbc
ffbc
ffbd
ffbd
ffbc
ffbc
ffbd
ffbd
ffbc
ffbc
ffbc
ffbd
ffbd
ffbd
ffbd
ffbc
ffbb
ffbb
ffbb
ffbb
ffbc
ffbd
ffbd
ffbd
ffbc
ffbb
ffbb
ffbb
ffbc
ffbc
ffbd
ffbd
ffbd
ffbc
ffbb
ffbb
ffbb
ffbc
ffbc
ffbd
ffbd
ffbd
ffbc
ffbb
ffbb
ffbc
ffbc
ffbc
ffbd
ffbd
ffbc
ffbc
ffbc
ffbd
ffbd
ffbc
ffbc
ffbd
ffbd
ffbc
ffbc
ffbc
ffbd
ffbd
ffbd
ffbc
ffbb
ffbb
ffbb
ffbb
ffbc
ffbd
ffbd
ffbc
ffbc
ffbc
ffbc
ffbd
ffbd
ffbd
ffbc
ffbc
ffbc
ffbd
ffbd
ffbd
ffbc
ffbb
ffba
ffba
ffbb
ffbb
ffbb
ffbc
ffbd
ffbd
ffbc
ffbc
ffbc
ffbc
ffbd
ffbd
ffbd
ffbd
ffbc
ffbb
ffbb
ffbb
ffbc
ffbc
ffbc
ffbd
ffbd
ffbd
ffbc
ffbc
ffbd
ffbd
ffbc
ffbc
ffbc
ffbd
ffbd
ffbc
ffbc
ffbd
ffbd
ffbd
ffbc
ffbc
ffbc
ffbc
ffbd
ffbe
ffbe
ffbd
ffbd
ffbd
ffbc
ffbc
ffbc
ffbd
ffbd
ffbd
ffbc
ffbc
ffbc
ffbd
ffbe
ffbe
ffbd
ffbd
ffbd
ffbc
ffbc
ffbc
ffbd
ffbe
ffbe
ffbd
ffbd
ffbd
ffbd
ffbc
ffbb
ffbb
ffbc
ffbc
ffbd
ffbe
ffbe
ffbe
ffbd
ffbd
ffbd
ffbc
ffbc
ffbd
ffbd
ffbd
ffbc
ffbc
ffbd
ffbd
ffbd
ffbd
ffbd
ffbc
ffbc
ffbc
ffbd
ffbe
ffbe
ffbe
ffbe
ffbe
ffbd
ffbd
ffbd
ffbd
ffbc
ffbc
ffbc
ffbd
ffbe
ffbf
ffc0
ffc1
ffc1
ffc1
ffc0
ffc0
ffc0
ffc0
ffc0
ffc0
ffc0
ffbf
ffbf
ffbf
ffbe
ffbe
ffbe
ffbe
ffbe
ffbe
ffbe
ffbd
ffbd
ffbd
ffbd
ffbd
ffbc
ffbc
ffbd
ffbe
ffbf
ffc0
ffc1
ffc2
ffc3
ffc4
ffc4
ffc4
ffc4
ffc4
ffc4
ffc4
ffc4
ffc4
ffc4
ffc4
ffc4
ffc4
ffc4
ffc4
ffc3
ffc3
ffc3
ffc3
ffc3
ffc4
ffc5
ffc6
ffc7
ffc8
ffc9
ffc9
ffc9
ffc9
ffca
ffcb
ffcc
ffcd
ffce
ffcf
ffd0
ffd1
ffd2
ffd3
ffd4
ffd5
ffd6
ffd7
ffd9
ffdb
ffdd
ffdf
ffe1
ffe3
ffe5
ffe8
ffeb
ffee
fff1
fff4
fff7
fffa
fffd
0001
0005
0009
000d
0011
0015
0018
001b
001d
001f
0022
0024
0026
0028
002b
002d
002e
002f
0030
0032
0033
0034
0035
0037
0038
0038
0039
0039
0039
0039
003a
003a
003a
003b
003b
003b
003c
003c
003c
003c
003d
003d
003e
003e
003e
003e
003f
003f
0040
0040
0041
0041
0041
0041
0042
0042
0043
0043
0043
0044
0044
0044
0043
0043
0043
0043
0044
0044
0044
0043
0042
0042
0042
0043
0043
0044
0044
0044
0043
0042
0042
0042
0043
0044
0044
0043
0043
0043
0044
0044
0044
0043
0043
0043
0044
0044
0044
0043
0043
0043
0044
0044
0044
0043
0043
0043
0044
0045
0045
0044
0044
0044
0043
0043
0043
0044
0044
0044
0043
0043
0043
0044
0045
0045
0044
0044
0044
0043
0043
0043
0044
0045
0045
0045
0044
0044
0043
0043
0043
0044
0045
0045
0045
0044
0044
0043
0043
0044
0044
0044
0043
0043
0043
0044
0045
0045
0045
0044
0044
0044
0043
0043
0043
0044
0044
0044
0043
0043
0044
0044
0044
0043
0043
0044
0044
0044
0043
0043
0043
0044
0045
0045
0044
0044
0044
0043
0043
0044
0044
0043
0043
0044
0044
0044
0043
0043
0044
0044
0043
0043
0044
0044
0044
0043
0043
0043
0044
0044
0044
0043
0043
0044
0044
0043
0043
0044
0044
0043
0043
0044
0044
0044
0043
0043
0043
0043
0044
0045
0045
0044
0044
0044
0043
0042
0042
0043
0043
0043
0044
0044
0044
0043
0043
0043
0043
0044
0044
0044
0044
0043
0042
0041
0041
0041
0042
0042
0043
0043
0043
0044
0044
0044
0043
0042
0042
0042
0043
0043
0043
0044
0044
0043
0043
0043
0043
0044
0044
0043
0043
0043
0043
0044
0044
0043
0043
0043
0043
0043
0044
0044
0043
0043
0043
0043
0044
0044
0043
0042
0041
0041
0041
0041
0041
0042
0042
0042
0042
0043
0043
0043
0043
0043
0043
0044
0044
0043
0042
0042
0042
0042
0042
0042
0042
0042
0042
0043
0043
0043
0043
0043
0043
0043
0043
0044
0044
0043
0042
0041
0040
003f
003e
003d
003c
003b
003a
0039
0038
0037
0036
0036
0036
0036
0036
0036
0035
0034
0033
0032
0031
0031
0031
0031
0030
002f
002e
002d
002c
002b
002a
0029
0028
0027
0026
0025
0024
0022
0020
001e
001c
001a
0018
0016
0014
0011
000e
000b
0008
0005
0002
ffff
fffb
fff7
fff3
ffef
ffec
ffe9
ffe5
ffe2
ffe0
ffde
ffdc
ffd9
ffd7
ffd6
ffd5
ffd3
ffd2
ffd1
ffd0
ffce
ffcd
ffcc
ffcb
ffc9
ffc8
ffc8
ffc8
ffc7
ffc7
ffc7
ffc7
ffc6
ffc6
ffc5
ffc5
ffc5
ffc5
ffc5
ffc4
ffc3
ffc3
ffc3
ffc3
ffc2
ffc2
ffc2
ffc1
ffc1
ffc1
ffc0
ffc0
ffc0
ffbf
ffbf
ffbe
ffbe
ffbd
ffbd
ffbd
ffbd
ffbc
ffbc
ffbc
ffbd
ffbd
ffbd
ffbc
ffbc
ffbd
ffbd
ffbd
ffbc
ffbc
ffbd
ffbd
ffbd
ffbc
ffbc
ffbc
ffbc
ffbd
ffbe
ffbf
ffbf
ffbe
ffbe
ffbe
ffbd
ffbc
ffbc
ffbd
ffbd
ffbd
ffbc
ffbb
ffbb
ffbc
ffbc
ffbc
ffbd
ffbe
ffbe
ffbe
ffbd
ffbc
ffbc
ffbc
ffbd
ffbe
ffbe
ffbd
ffbd
ffbc
ffbc
ffbc
ffbd
ffbd
ffbc
ffbc
ffbd
ffbd
ffbc
ffbc
ffbc
ffbd
ffbd
ffbd
ffbc
ffbb
ffbb
ffbc
ffbc
ffbc
ffbd
ffbd
ffbc
ffbc
ffbd
ffbd
ffbc
ffbc
ffbc
ffbd
ffbd
ffbc
ffbc
ffbc
ffbd
ffbd
ffbd
ffbc
ffbb
ffbb
ffbb
ffbc
ffbc
ffbd
ffbd
ffbd
ffbc
ffbb
ffbb
ffbb
ffbc
ffbc
ffbc
ffbd
ffbd
ffbd
ffbc
ffbb
ffbb
ffbb
ffbc
ffbd
ffbd
ffbc
ffbb
ffbb
ffbb
ffbc
ffbd
ffbd
ffbc
ffbb
ffbb
ffbc
ffbc
ffbc
ffbd
ffbd
ffbd
ffbc
ffbc
ffbc
ffbc
ffbd
ffbd
ffbd
ffbc
ffbc
ffbc
ffbd
ffbd
ffbd
ffbc
ffbb
ffbb
ffbc
ffbc
ffbc
ffbd
ffbd
ffbd
ffbc
ffbc
ffbc
ffbd
ffbd
ffbd
ffbc
ffbc
ffbc
ffbd
ffbd
ffbd
ffbc
ffbc
ffbc
ffbd
ffbd
ffbd
ffbc
ffbc
ffbc
ffbd
ffbd
ffbd
ffbd
ffbc
ffbc
ffbc
ffbd
ffbd
ffbd
ffbc
ffbc
ffbc
ffbd
ffbe
ffbe
ffbe
ffbd
ffbd
ffbc
ffbc
ffbd
ffbd
ffbd
ffbc
ffbc
ffbd
ffbd
ffbd
ffbc
ffbc
ffbd
ffbe
ffbe
ffbe
ffbd
ffbd
ffbc
ffbc
ffbd
ffbe
ffbe
ffbe
ffbd
ffbd
ffbd
ffbd
ffbc
ffbc
ffbd
ffbd
ffbd
ffbd
ffbc
ffbc
ffbd
ffbd
ffbd
ffbd
ffbd
ffbc
ffbc
ffbd
ffbe
ffbf
ffbf
ffbf
ffbf
ffbe
ffbe
ffbe
ffbe
ffbe
ffbd
ffbd
ffbd
ffbd
ffbd
ffbc
ffbc
ffbd
ffbe
ffbf
ffc0
ffc0
ffc0
ffc0
ffc0
ffc0
ffc0
ffbf
ffbf
ffbf
ffbf
ffbf
ffbf
ffbf
ffbf
ffbe
ffbe
ffbe
ffbe
ffbe
ffbe
ffbe
ffbe
ffbe
ffbe
ffbe
ffbe
ffbe
ffbe
ffbe
ffbe
ffbd
ffbd
ffbd
ffbd
ffbe
ffbf
ffc0
ffc1
ffc2
ffc3
ffc3
ffc3
ffc3
ffc3
ffc4
ffc5
ffc6
ffc7
ffc8
ffc9
ffca
ffcb
ffcc
ffcd
ffce
ffcf
ffd1
ffd3
ffd5
ffd7
ffd9
ffdb
ffdd
ffdf
ffe1
ffe4
ffe7
ffea
ffed
fff0
fff3
fff6
fffa
fffe
0002
0006
000a
000f
0013
0016
0019
001c
001f
0021
0023
0025
0027
002a
002c
002d
002e
0030
0031
0032
0033
0035
0036
0036
0037
0037
0037
0037
0038
0038
0038
0038
0039
0039
0039
003a
003a
003b
003b
003b
003b
003c
003c
003c
003d
003d
003e
003e
003e
003f
003f
003f
0040
0040
0041
0041
0041
0042
0042
0043
0043
0043
0044
0044
0044
0043
0042
0042
0042
0043
0043
0044
0044
0044
0043
0042
0042
0043
0043
0043
0044
0044
0044
0043
0043
0043
0044
0044
0043
0043
0044
0044
0044
0043
0043
0043
0044
0044
0043
0043
0044
0044
0044
0043
0043
0043
0044
0044
0044
0043
0043
0044
0044
0043
0043
0044
0044
0044
0043
0043
0043
0044
0045
0045
0044
0044
0044
0043
0043
0044
0044
0043
0043
0044
0044
0044
0043
0043
0044
0044
0043
0043
0044
0044
0044
0044
0043
0042
0042
0043
0043
0044
0045
0045
0044
0044
0044
0043
0043
0044
0044
0044
0043
0043
0043
0044
0045
0045
0044
0044
0044
0043
0043
0044
0044
0044
0043
0043
0043
0044
0045
0045
0045
0044
0044
0043
0043
0043
0044
0044
0044
0044
0043
0043
0043
0044
0044
0044
0044
0043
0042
0042
0043
0043
0044
0044
0044
0043
0043
0043
0044
0044
0044
0044
0043
0042
0042
0043
0043
0043
0044
0045
0045
0044
0044
0043
0043
0044
0044
0043
0043
0043
0044
0044
0044
0043
0043
0043
0044
0044
0043
0043
0044
0044
0043
0043
0043
0043
0044
0045
0045
0044
0044
0043
0042
0042
0042
0043
0043
0043
0044
0045
0045
0044
0043
0043
0043
0044
0044
0043
0042
0042
0042
0043
0043
0043
0044
0044
0043
0043
0043
0043
0043
0044
0044
0044
0043
0042
0041
0040
0040
0040
0041
0041
0041
0041
0041
0041
0042
0042
0043
0043
0043
0043
0043
0043
0044
0044
0043
0042
0041
0041
0041
0041
0041
0042
0042
0042
0042
0042
0042
0042
0042
0042
0043
0043
0043
0043
0043
0043
0044
0044
0043
0042
0041
0040
003f
003e
003d
003c
003b
003a
0039
0038
0037
0036
0035
0034
0034
0034
0034
0034
0033
0032
0031
0030
002f
002f
002f
002f
002e
002d
002c
002b
002a
0029
0028
0027
0026
0025
0024
0023
0022
0020
001e
001c
001a
0018
0016
0014
0012
0010
000d
000a
0007
0004
0001
fffe
fffa
fff6
fff2
ffef
ffec
ffe9
ffe5
ffe2
ffe0
ffde
ffdc
ffd9
ffd7
ffd6
ffd5
ffd3
ffd2
ffd1
ffd0
ffcf
ffcd
ffcc
ffcb
ffca
ffc9
ffc9
ffc8
ffc8
ffc8
ffc8
ffc8
ffc8
ffc7
ffc7
ffc6
ffc6
ffc6
ffc5
ffc5
ffc5
ffc4
ffc4
ffc4
ffc3
ffc3
ffc3
ffc3
ffc2
ffc2
ffc1
ffc1
ffc0
ffc0
ffc0
ffc0
ffbf
ffbe
ffbe
ffbe
ffbe
ffbd
ffbd
ffbc
ffbc
ffbd
ffbd
ffbc
ffbc
ffbd
ffbd
ffbd
ffbd
ffbc
ffbb
ffbb
ffbc
ffbc
ffbd
ffbe
ffbe
ffbd
ffbd
ffbd
ffbc
ffbb
ffbb
ffbc
ffbc
ffbd
ffbd
ffbd
ffbc
ffbc
ffbc
ffbd
ffbd
ffbc
ffbc
ffbd
ffbd
ffbd
ffbc
ffbc
ffbc
ffbd
ffbd
ffbc
ffbc
ffbd
ffbd
ffbc
ffbc
ffbc
ffbd
ffbe
ffbe
ffbd
ffbd
ffbc
ffbb
ffbb
ffbc
ffbc
ffbc
ffbd
ffbd
ffbd
ffbc
ffbc
ffbc
ffbc
ffbd
ffbe
ffbe
ffbd
ffbd
ffbc
ffbc
ffbc
ffbc
ffbd
ffbd
ffbd
ffbc
ffbc
ffbc
ffbd
ffbd
ffbc
ffbc
ffbc
ffbc
ffbd
ffbe
ffbe
ffbd
ffbd
ffbc
ffbc
ffbc
ffbc
ffbd
ffbd
ffbd
ffbc
ffbc
ffbc
ffbc
ffbd
ffbd
ffbd
ffbc
ffbc
ffbc
ffbc
ffbd
ffbd
ffbd
ffbc
ffbc
ffbc
ffbc
ffbd
ffbd
ffbd
ffbc
ffbc
ffbc
ffbc
ffbd
ffbe
ffbe
ffbd
ffbd
ffbc
ffbb
ffbb
ffbc
ffbc
ffbc
ffbd
ffbd
ffbd
ffbc
ffbc
ffbc
ffbd
ffbd
ffbc
ffbc
ffbd
ffbd
ffbd
ffbc
ffbb
ffbb
ffbb
ffbc
ffbd
ffbd
ffbc
ffbc
ffbc
ffbd
ffbd
ffbd
ffbc
ffbc
ffbc
ffbd
ffbd
ffbd
ffbd
ffbc
ffbb
ffbb
ffbc
ffbc
ffbd
ffbd
ffbd
ffbc
ffbc
ffbc
ffbd
ffbd
ffbd
ffbd
ffbc
ffbc
ffbc
ffbd
ffbd
ffbd
ffbc
ffbc
ffbd
ffbd
ffbd
ffbd
ffbc
ffbc
ffbc
ffbd
ffbe
ffbe
ffbe
ffbd
ffbd
ffbd
ffbd
ffbc
ffbb
ffbb
ffbc
ffbd
ffbd
ffbd
ffbd
ffbc
ffbc
ffbd
ffbd
ffbd
ffbd
ffbc
ffbc
ffbd
ffbd
ffbd
ffbd
ffbd
ffbc
ffbc
ffbd
ffbd
ffbd
ffbd
ffbd
ffbd
ffbc
ffbc
ffbd
ffbd
ffbd
ffbd
ffbd
ffbd
ffbd
ffbc
ffbc
ffbd
ffbe
ffbe
ffbe
ffbe
ffbe
ffbe
ffbe
ffbd
ffbd
ffbd
ffbd
ffbd
ffbd
ffbc
ffbc
ffbd
ffbe
ffbf
ffc0
ffc1
ffc2
ffc3
ffc4
ffc4
ffc4
ffc4
ffc4
ffc4
ffc4
ffc4
ffc4
ffc4
ffc4
ffc4
ffc4
ffc3
ffc3
ffc3
ffc3
ffc4
ffc5
ffc6
ffc7
ffc8
ffc8
ffc8
ffc8
ffc8
ffc9
ffca
ffcb
ffcc
ffcd
ffce
ffcf
ffd0
ffd1
ffd2
ffd3
ffd4
ffd5
ffd6
ffd7
ffd8
ffd9
ffdb
ffdd
ffdf
ffe1
ffe3
ffe5
ffe8
ffeb
ffee
fff1
fff4
fff7
fffa
fffd
0000
0004
0008
000c
0010
0014
0017
001a
001d
001f
0021
0024
0026
0028
002a
002c
002d
002e
002f
0031
0032
0033
0034
0036
0037
0037
0037
0038
0038
0038
0039
0039
0039
0039
003a
003a
003a
003b
003b
003b
003c
003c
003c
003d
003d
003e
003e
003e
003e
003f
003f
003f
0040
0040
0041
0041
0042
0042
0042
0043
0043
0043
0044
0044
0044
0043
0043
0043
0043
0044
0044
0044
0043
0043
0043
0043
0044
0044
0044
0043
0043
0043
0044
0044
0044
0043
0042
0042
0043
0043
0044
0044
0043
0043
0044
0044
0043
0043
0044
0044
0043
0043
0044
0044
0043
0043
0044
0044
0044
0043
0043
0043
0044
0044
0044
0043
0043
0044
0044
0044
0043
0043
0043
0044
0044
0044
0043
0043
0043
0044
0045
0045
0045
0045
0044
0043
0043
0044
0044
0044
0043
0043
0044
0044
0043
0043
0044
0044
0044
0044
0043
0042
0042
0043
0043
0044
0045
0045
0044
0044
0044
0044
0043
0042
0042
0043
0043
0044
0044
0044
0044
0043
0043
0043
0044
0044
0044
0043
0043
0044
0044
0044
0043
0043
0044
0044
0043
0043
0044
0044
0044
0043
0043
0044
0044
0044
0043
0042
0042
0043
0044
0044
0043
0043
0043
0044
0045
0045
0045
0044
0044
0043
0043
0043
0044
0044
0044
0043
0043
0043
0044
0044
0044
0043
0043
0044
0044
0043
0043
0043
0044
0044
0044
0043
0043
0043
0043
0044
0045
0045
0045
0044
0043
0043
0043
0044
0044
0044
0043
0043
0043
0043
0044
0044
0043
0043
0044
0044
0043
0042
0042
0043
0043
0043
0043
0044
0044
0044
0043
0042
0042
0042
0043
0043
0043
0044
0044
0043
0042
0042
0042
0043
0043
0043
0043
0044
0044
0043
0043
0043
0043
0043
0044
0044
0044
0043
0042
0041
0040
003f
003f
003f
003f
0040
0040
0040
0040
0040
0041
0041
0041
0041
0041
0042
0042
0042
0042
0042
0043
0043
0043
0043
0043
0043
0043
0044
0044
0043
0042
0041
0040
003f
003e
003d
003d
003d
003d
003d
003d
003d
003d
003d
003d
003d
003d
003d
003d
003d
003e
003e
003e
003e
003e
003d
003c
003b
003a
0039
0038
0038
0038
0038
0038
0037
0036
0035
0034
0033
0032
0031
0030
002f
002e
002d
002c
002a
0028
0026
0024
0022
0020
001e
001c
0019
0016
0013
0010
000d
000a
0007
0004
0000
fffc
fff8
fff4
fff0
ffed
ffe9
ffe6
ffe3
ffe0
ffde
ffdc
ffda
ffd8
ffd6
ffd4
ffd3
ffd2
ffd1
ffcf
ffce
ffcd
ffcc
ffca
ffc9
ffc9
ffc8
ffc8
ffc8
ffc8
ffc7
ffc7
ffc7
ffc7
ffc6
ffc6
ffc5
ffc5
ffc5
ffc5
ffc4
ffc4
ffc3
ffc3
ffc3
ffc3
ffc2
ffc2
ffc1
ffc1
ffc1
ffc0
ffc0
ffbf
ffbf
ffbf
ffbe
ffbe
ffbe
ffbd
ffbd
ffbc
ffbc
ffbd
ffbd
ffbd
ffbc
ffbc
ffbd
ffbd
ffbc
ffbc
ffbd
ffbd
ffbd
ffbc
ffbc
ffbd
ffbd
ffbd
ffbc
ffbb
ffbb
ffbc
ffbc
ffbd
ffbd
ffbd
ffbc
ffbc
ffbc
ffbd
ffbe
ffbe
ffbd
ffbd
ffbc
ffbc
ffbc
ffbd
ffbd
ffbd
ffbc
ffbc
ffbc
ffbd
ffbd
ffbd
ffbc
ffbc
ffbc
ffbc
ffbd
ffbe
ffbe
ffbd
ffbd
ffbc
ffbc
ffbc
ffbd
ffbd
ffbc
ffbc
ffbd
ffbd
ffbc
ffbc
ffbc
ffbd
ffbd
ffbc
ffbc
ffbd
ffbd
ffbc
ffbc
ffbc
ffbd
ffbd
ffbc
ffbc
ffbc
ffbd
ffbd
ffbd
ffbc
ffbb
ffbb
ffbb
ffbc
ffbc
ffbd
ffbd
ffbc
ffbc
ffbd
ffbd
ffbc
ffbb
ffbb
ffbb
ffbc
ffbd
ffbd
ffbc
ffbb
ffbb
ffbc
ffbc
ffbc
ffbd
ffbd
ffbc
ffbc
ffbc
ffbd
ffbd
ffbd
ffbc
ffbc
ffbc
ffbd
ffbd
ffbc
ffbc
ffbc
ffbd
ffbd
ffbc
ffbc
ffbc
ffbd
ffbd
ffbd
ffbc
ffbc
ffbc
ffbd
ffbd
ffbc
ffbc
ffbd
ffbd
ffbc
ffbc
ffbc
ffbd
ffbd
ffbd
ffbc
ffbb
ffbb
ffbc
ffbc
ffbc
ffbd
ffbe
ffbe
ffbd
ffbd
ffbd
ffbc
ffbb
ffbb
ffbb
ffbc
ffbd
ffbd
ffbd
ffbc
ffbb
ffbb
ffbc
ffbc
ffbd
ffbd
ffbd
ffbc
ffbc
ffbc
ffbd
ffbd
ffbd
ffbd
ffbc
ffbc
ffbc
ffbd
ffbd
ffbd
ffbc
ffbc
ffbd
ffbd
ffbd
ffbc
ffbc
ffbd
ffbd
ffbd
ffbd
ffbc
ffbc
ffbc
ffbd
ffbd
ffbd
ffbd
ffbc
ffbc
ffbd
ffbe
ffbe
ffbe
ffbd
ffbd
ffbd
ffbc
ffbc
ffbd
ffbd
ffbd
ffbd
ffbc
ffbc
ffbd
ffbe
ffbe
ffbe
ffbe
ffbd
ffbd
ffbd
ffbc
ffbc
ffbd
ffbe
ffbf
ffbf
ffbf
ffbf
ffbf
ffbe
ffbe
ffbe
ffbe
ffbe
ffbd
ffbd
ffbd
ffbc
ffbc
ffbd
ffbe
ffbf
ffc0
ffc1
ffc2
ffc2
ffc2
ffc2
ffc2
ffc2
ffc2
ffc1
ffc1
ffc1
ffc1
ffc1
ffc1
ffc1
ffc1
ffc0
ffc0
ffc0
ffc0
ffc0
ffc0
ffc0
ffc0
ffc0
ffc0
ffc0
ffc0
ffc0
ffc0
ffc0
ffbf
ffbf
ffbf
ffbf
ffbf
ffc0
ffc1
ffc2
ffc3
ffc4
ffc5
ffc5
ffc5
ffc5
ffc6
ffc7
ffc8
ffc9
ffca
ffcb
ffcc
ffcd
ffce
ffcf
ffd0
ffd1
ffd2
ffd4
ffd6
ffd8
ffda
ffdc
ffde
ffe0
ffe2
ffe4
ffe7
ffea
ffed
fff0
fff3
fff7
fffb
ffff
0003
0007
000b
000f
0012
0016
0019
001c
001f
0021
0023
0025
0027
002a
002c
002d
002e
002f
0031
0032
0033
0035
0036
0036
0036
0036
0037
0037
0038
0038
0038
0038
0039
0039
0039
003a
003a
003a
003a
003b
003c
003c
003c
003c
003c
003d
003e
003e
003e
003e
003f
003f
0040
0040
0040
0041
0041
0042
0042
0042
0043
0043
0043
0044
0045
0045
0044
0044
0043
0042
0042
0043
0043
0043
0044
0044
0044
0043
0043
0043
0043
0044
0045
0045
0044
0044
0043
0043
0044
0044
0043
0043
0044
0044
0043
0043
0043
0044
0044
0044
0044
0043
0042
0042
0043
0043
0043
0044
0044
0044
0044
0043
0043
0043
0044
0044
0044
0044
0043
0042
0042
0043
0043
0044
0044
0044
0044
0043
0042
0042
0043
0043
0044
0044
0044
0044
0043
0043
0043
0043
0044
0045
0046
0046
0046
0045
0045
0044
0044
0043
0043
0044
0044
0044
0043
0043
0043
0044
0045
0045
0045
0044
0044
0044
0043
0043
0043
0044
0044
0044
0044
0043
0043
0043
0044
0044
0044
0043
0043
0044
0044
0044
0043
0043
0043
0044
0045
0045
0045
0044
0044
0043
0043
0043
0044
0045
0045
0044
0044
0044
0043
0043
0044
0044
0043
0043
0044
0044
0043
0043
0044
0044
0044
0043
0043
0043
0044
0044
0043
0043
0044
0044
0044
0043
0043
0044
0044
0043
0042
0042
0043
0043
0044
0044
0043
0043
0044
0044
0043
0043
0043
0044
0044
0044
0043
0042
0042
0042
0043
0043
0044
0044
0044
0043
0042
0042
0042
0042
0043
0043
0044
0044
0044
0043
0042
0041
0041
0041
0042
0042
0043
0043
0043
0043
0044
0044
0043
0043
0043
0043
0044
0044
0044
0043
0042
0041
0041
0041
0041
0041
0041
0042
0043
0043
0043
0043
0043
0043
0044
0044
0043
0043
0043
0043
0043
0043
0043
0044
0044
0043
0042
0042
0042
0042
0042
0042
0043
0043
0043
0043
0043
0043
0043
0043
0044
0044
0043
0042
0041
0040
003f
003f
003f
003f
003f
003f
003f
003f
003f
003f
003f
003f
003f
003f
003f
003f
003f
003f
0040
0040
0040
0040
0040
003f
003e
003d
003c
003b
003a
003a
003a
003a
003a
0039
0038
0037
0036
0035
0034
0033
0032
0030
002e
002c
002a
0028
0026
0024
0022
0020
001e
001c
001a
0018
0015
0012
000f
000c
0008
0004
0000
fffc
fff8
fff4
fff0
ffec
ffe9
ffe6
ffe3
ffe0
ffde
ffdc
ffda
ffd8
ffd5
ffd3
ffd2
ffd1
ffcf
ffce
ffcd
ffcc
ffca
ffc9
ffc9
ffc8
ffc8
ffc8
ffc8
ffc8
ffc7
ffc7
ffc7
ffc6
ffc6
ffc5
ffc5
ffc5
ffc5
ffc4
ffc4
ffc4
ffc3
ffc3
ffc2
ffc2
ffc2
ffc2
ffc1
ffc1
ffc0
ffc0
ffc0
ffbf
ffbf
ffbf
ffbe
ffbe
ffbd
ffbd
ffbc
ffbc
ffbd
ffbd
ffbd
ffbc
ffbc
ffbd
ffbd
ffbd
ffbc
ffbc
ffbc
ffbd
ffbd
ffbd
ffbd
ffbc
ffbc
ffbc
ffbd
ffbd
ffbd
ffbc
ffbc
ffbc
ffbd
ffbe
ffbe
ffbd
ffbd
ffbc
ffbc
ffbd
ffbd
ffbc
ffbc
ffbd
ffbd
ffbc
ffbc
ffbc
ffbd
ffbd
ffbd
ffbd
ffbc
ffbb
ffbb
ffbb
ffbb
ffbc
ffbd
ffbd
ffbd
ffbc
ffbb
ffbb
ffbb
ffbc
ffbc
ffbd
ffbd
ffbd
ffbc
ffbb
ffbb
ffbb
ffbc
ffbc
ffbd
ffbd
ffbd
ffbc
ffbb
ffbb
ffbc
ffbc
ffbc
ffbd
ffbd
ffbc
ffbc
ffbc
ffbd
ffbd
ffbc
ffbc
ffbd
ffbd
ffbc
ffbc
ffbc
ffbd
ffbd
ffbd
ffbc
ffbb
ffbb
ffbb
ffbb
ffbc
ffbd
ffbd
ffbc
ffbc
ffbc
ffbc
ffbd
ffbd
ffbd
ffbc
ffbc
ffbc
ffbd
ffbd
ffbd
ffbc
ffbb
ffba
ffba
ffbb
ffbb
ffbb
ffbc
ffbd
ffbd
ffbc
ffbc
ffbc
ffbc
ffbd
ffbd
ffbd
ffbd
ffbc
ffbb
ffbb
ffbb
ffbc
ffbc
ffbc
ffbd
ffbd
ffbd
ffbc
ffbc
ffbd
ffbd
ffbc
ffbc
ffbc
ffbd
ffbd
ffbc
ffbc
ffbd
ffbd
ffbd
ffbc
ffbc
ffbc
ffbc
ffbd
ffbe
ffbe
ffbd
ffbd
ffbd
ffbc
ffbc
ffbc
ffbd
ffbd
ffbd
ffbc
ffbc
ffbc
ffbd
ffbe
ffbe
ffbd
ffbd
ffbd
ffbc
ffbc
ffbc
ffbd
ffbe
ffbe
ffbd
ffbd
ffbd
ffbd
ffbc
ffbb
ffbb
ffbc
ffbc
ffbd
ffbe
ffbe
ffbe
ffbd
ffbd
ffbd
ffbc
ffbc
ffbd
ffbd
ffbd
ffbc
ffbc
ffbd
ffbd
ffbd
ffbd
ffbd
ffbc
ffbc
ffbc
ffbd
ffbe
ffbe
ffbe
ffbe
ffbe
ffbd
ffbd
ffbd
ffbd
ffbc
ffbc
ffbc
ffbd
ffbe
ffbf
ffc0
ffc1
ffc1
ffc1
ffc0
ffc0
ffc0
ffc0
ffc0
ffc0
ffc0
ffbf
ffbf
ffbf
ffbe
ffbe
ffbe
ffbe
ffbe
ffbe
ffbe
ffbd
ffbd
ffbd
ffbd
ffbd
ffbc
ffbc
ffbd
ffbe
ffbf
ffc0
ffc1
ffc2
ffc3
ffc4
ffc4
ffc4
ffc4
ffc4
ffc4
ffc4
ffc4
ffc4
ffc4
ffc4
ffc4
ffc4
ffc4
ffc4
ffc3
ffc3
ffc3
ffc3
ffc3
ffc4
ffc5
ffc6
ffc7
ffc8
ffc9
ffc9
ffc9
ffc9
ffca
ffcb
ffcc
ffcd
ffce
ffcf
ffd0
ffd1
ffd2
ffd3
ffd4
ffd5
ffd6
ffd7
ffd9
ffdb
ffdd
ffdf
ffe1
ffe3
ffe5
ffe8
ffeb
ffee
fff1
fff4
fff7
fffa
fffd
0001
0005
0009
000d
0011
0015
0018
001b
001d
001f
0022
0024
0026
0028
002b
002d
002e
002f
0030
0032
0033
0034
0035
0037
0038
0038
0039
0039
0039
0039
003a
003a
003a
003b
003b
003b
003c
003c
003c
003c
003d
003d
003e
003e
003e
003e
003f
003f
0040
0040
0041
0041
0041
0041
0042
0042
0043
0043
0043
0044
0044
0044
0043
0043
0043
0043
0044
0044
0044
0043
0042
0042
0042
0043
0043
0044
0044
0044
0043
0042
0042
0042
0043
0044
0044
0043
0043
0043
0044
0044
0044
0043
0043
0043
0044
0044
0044
0043
0043
0043
0044
0044
0044
0043
0043
0043
0044
0045
0045
0044
0044
0044
0043
0043
0043
0044
0044
0044
0043
0043
0043
0044
0045
0045
0044
0044
0044
0043
0043
0043
0044
0045
0045
0045
0044
0044
0043
0043
0043
0044
0045
0045
0045
0044
0044
0043
0043
0044
0044
0044
0043
0043
0043
0044
0045
0045
0045
0044
0044
0044
0043
0043
0043
0044
0044
0044
0043
0043
0044
0044
0044
0043
0043
0044
0044
0044
0043
0043
0043
0044
0045
0045
0044
0044
0044
0043
0043
0044
0044
0043
0043
0044
0044
0044
0043
0043
0044
0044
0043
0043
0044
0044
0044
0043
0043
0043
0044
0044
0044
0043
0043
0044
0044
0043
0043
0044
0044
0043
0043
0044
0044
0044
0043
0043
0043
0043
0044
0045
0045
0044
0044
0044
0043
0042
0042
0043
0043
0043
0044
0044
0044
0043
0043
0043
0043
0044
0044
0044
0044
0043
0042
0041
0041
0041
0042
0042
0043
0043
0043
0044
0044
0044
0043
0042
0042
0042
0043
0043
0043
0044
0044
0043
0043
0043
0043
0044
0044
0043
0043
0043
0043
0044
0044
0043
0043
0043
0043
0043
0044
0044
0043
0043
0043
0043
0044
0044
0043
0042
0041
0041
0041
0041
0041
0042
0042
0042
0042
0043
0043
0043
0043
0043
0043
0044
0044
0043
0042
0042
0042
0042
0042
0042
0042
0042
0042
0043
0043
0043
0043
0043
0043
0043
0043
0044
0044
0043
0042
0041
0040
003f
003e
003d
003c
003b
003a
0039
0038
0037
0036
0036
0036
0036
0036
0036
0035
0034
0033
0032
0031
0031
0031
0031
0030
002f
002e
002d
002c
002b
002a
0029
0028
0027
0026
0025
0024
0022
0020
001e
001c
001a
0018
0016
0014
0011
000e
000b
0008
0005
0002
ffff
fffb
fff7
fff3
ffef
ffec
ffe9
ffe5
ffe2
ffe0
ffde
ffdc
ffd9
ffd7
ffd6
ffd5
ffd3
ffd2
ffd1
ffd0
ffce
ffcd
ffcc
ffcb
ffc9
ffc8
ffc8
ffc8
ffc7
ffc7
ffc7
ffc7
ffc6
ffc6
ffc5
ffc5
ffc5
ffc5
ffc5
ffc4
ffc3
ffc3
ffc3
ffc3
ffc2
ffc2
ffc2
ffc1
ffc1
ffc1
ffc0
ffc0
ffc0
ffbf
ffbf
ffbe
ffbe
ffbd
ffbd
ffbd
ffbd
ffbc
ffbc
ffbc
ffbd
ffbd
ffbd
ffbc
ffbc
ffbd
ffbd
ffbd
ffbc
ffbc
ffbd
ffbd
ffbd
ffbc
ffbc
ffbc
ffbc
ffbd
ffbe
ffbf
ffbf
ffbe
ffbe
ffbe
ffbd
ffbc
ffbc
ffbd
ffbd
ffbd
ffbc
ffbb
ffbb
ffbc
ffbc
ffbc
ffbd
ffbe
ffbe
ffbe
ffbd
ffbc
ffbc
ffbc
ffbd
ffbe
ffbe
ffbd
ffbd
ffbc
ffbc
ffbc
ffbd
ffbd
ffbc
ffbc
ffbd
ffbd
ffbc
ffbc
ffbc
ffbd
ffbd
ffbd
ffbc
ffbb
ffbb
ffbc
ffbc
ffbc
ffbd
ffbd
ffbc
ffbc
ffbd
ffbd
ffbc
ffbc
ffbc
ffbd
ffbd
ffbc
ffbc
ffbc
ffbd
ffbd
ffbd
ffbc
ffbb
ffbb
ffbb
ffbc
ffbc
ffbd
ffbd
ffbd
ffbc
ffbb
ffbb
ffbb
ffbc
ffbc
ffbc
ffbd
ffbd
ffbd
ffbc
ffbb
ffbb
ffbb
ffbc
ffbd
ffbd
ffbc
ffbb
ffbb
ffbb
ffbc
ffbd
ffbd
ffbc
ffbb
ffbb
ffbc
ffbc
ffbc
ffbd
ffbd
ffbd
ffbc
ffbc
ffbc
ffbc
ffbd
ffbd
ffbd
ffbc
ffbc
ffbc
ffbd
ffbd
ffbd
ffbc
ffbb
ffbb
ffbc
ffbc
ffbc
ffbd
ffbd
ffbd
ffbc
ffbc
ffbc
ffbd
ffbd
ffbd
ffbc
ffbc
ffbc
ffbd
ffbd
ffbd
ffbc
ffbc
ffbc
ffbd
ffbd
ffbd
ffbc
ffbc
ffbc
ffbd
ffbd
ffbd
ffbd
ffbc
ffbc
ffbc
ffbd
ffbd
ffbd
ffbc
ffbc
ffbc
ffbd
ffbe
ffbe
ffbe
ffbd
ffbd
ffbc
ffbc
ffbd
ffbd
ffbd
ffbc
ffbc
ffbd
ffbd
ffbd
ffbc
ffbc
ffbd
ffbe
ffbe
ffbe
ffbd
ffbd
ffbc
ffbc
ffbd
ffbe
ffbe
ffbe
ffbd
ffbd
ffbd
ffbd
ffbc
ffbc
ffbd
ffbd
ffbd
ffbd
ffbc
ffbc
ffbd
ffbd
ffbd
ffbd
ffbd
ffbc
ffbc
ffbd
ffbe
ffbf
ffbf
ffbf
ffbf
ffbe
ffbe
ffbe
ffbe
ffbe
ffbd
ffbd
ffbd
ffbd
ffbd
ffbc
ffbc
ffbd
ffbe
ffbf
ffc0
ffc0
ffc0
ffc0
ffc0
ffc0
ffc0
ffbf
ffbf
ffbf
ffbf
ffbf
ffbf
ffbf
ffbf
ffbe
ffbe
ffbe
ffbe
ffbe
ffbe
ffbe
ffbe
ffbe
ffbe
ffbe
ffbe
ffbe
ffbe
ffbe
ffbe
ffbd
ffbd
ffbd
ffbd
ffbe
ffbf
ffc0
ffc1
ffc2
ffc3
ffc3
ffc3
ffc3
ffc3
ffc4
ffc5
ffc6
ffc7
ffc8
ffc9
ffca
ffcb
ffcc
ffcd
ffce
ffcf
ffd1
ffd3
ffd5
ffd7
ffd9
ffdb
ffdd
ffdf
ffe1
ffe4
ffe7
ffea
ffed
fff0
fff3
fff6
fffa
fffe
0002
0006
000a
000f
0013
0016
0019
001c
001f
0021
0023
0025
0027
002a
002c
002d
002e
0030
0031
0032
0033
0035
0036
0036
0037
0037
0037
0037
0038
0038
0038
0038
0039
0039
0039
003a
003a
003b
003b
003b
003b
003c
003c
003c
003d
003d
003e
003e
003e
003f
003f
003f
0040
0040
0041
0041
0041
0042
0042
0043
0043
0043
0044
0044
0044
0043
0042
0042
0042
0043
0043
0044
0044
0044
0043
0042
0042
0043
0043
0043
0044
0044
0044
0043
0043
0043
0044
0044
0043
0043
0044
0044
0044
0043
0043
0043
0044
0044
0043
0043
0044
0044
0044
0043
0043
0043
0044
0044
0044
0043
0043
0044
0044
0043
0043
0044
0044
0044
0043
0043
0043
0044
0045
0045
0044
0044
0044
0043
0043
0044
0044
0043
0043
0044
0044
0044
0043
0043
0044
0044
0043
0043
0044
0044
0044
0044
0043
0042
0042
0043
0043
0044
0045
0045
0044
0044
0044
0043
0043
0044
0044
0044
0043
0043
0043
0044
0045
0045
0044
0044
0044
0043
0043
0044
0044
0044
0043
0043
0043
0044
0045
0045
0045
0044
0044
0043
0043
0043
0044
0044
0044
0044
0043
0043
0043
0044
0044
0044
0044
0043
0042
0042
0043
0043
0044
0044
0044
0043
0043
0043
0044
0044
0044
0044
0043
0042
0042
0043
0043
0043
0044
0045
0045
0044
0044
0043
0043
0044
0044
0043
0043
0043
0044
0044
0044
0043
0043
0043
0044
0044
0043
0043
0044
0044
0043
0043
0043
0043
0044
0045
0045
0044
0044
0043
0042
0042
0042
0043
0043
0043
0044
0045
0045
0044
0043
0043
0043
0044
0044
0043
0042
0042
0042
0043
0043
0043
0044
0044
0043
0043
0043
0043
0043
0044
0044
0044
0043
0042
0041
0040
0040
0040
0041
0041
0041
0041
0041
0041
0042
0042
0043
0043
0043
0043
0043
0043
0044
0044
0043
0042
0041
0041
0041
0041
0041
0042
0042
0042
0042
0042
0042
0042
0042
0042
0043
0043
0043
0043
0043
0043
0044
0044
0043
0042
0041
0040
003f
003e
003d
003c
003b
003a
0039
0038
0037
0036
0035
0034
0034
0034
0034
0034
0033
0032
0031
0030
002f
002f
002f
002f
002e
002d
002c
002b
002a
0029
0028
0027
0026
0025
0024
0023
0022
0020
001e
001c
001a
0018
0016
0014
0012
0010
000d
000a
0007
0004
0001
fffe
fffa
fff6
fff2
ffef
ffec
ffe9
ffe5
ffe2
ffe0
ffde
ffdc
ffd9
ffd7
ffd6
ffd5
ffd3
ffd2
ffd1
ffd0
ffcf
ffcd
ffcc
ffcb
ffca
ffc9
ffc9
ffc8
ffc8
ffc8
ffc8
ffc8
ffc8
ffc7
ffc7
ffc6
ffc6
ffc6
ffc5
ffc5
ffc5
ffc4
ffc4
ffc4
ffc3
ffc3
ffc3
ffc3
ffc2
ffc2
ffc1
ffc1
ffc0
ffc0
ffc0
ffc0
ffbf
ffbe
ffbe
ffbe
ffbe
ffbd
ffbd
ffbc
ffbc
ffbd
ffbd
ffbc
ffbc
ffbd
ffbd
ffbd
ffbd
ffbc
ffbb
ffbb
ffbc
ffbc
ffbd
ffbe
ffbe
ffbd
ffbd
ffbd
ffbc
ffbb
ffbb
ffbc
ffbc
ffbd
ffbd
ffbd
ffbc
ffbc
ffbc
ffbd
ffbd
ffbc
ffbc
ffbd
ffbd
ffbd
ffbc
ffbc
ffbc
ffbd
ffbd
ffbc
ffbc
ffbd
ffbd
ffbc
ffbc
ffbc
ffbd
ffbe
ffbe
ffbd
ffbd
ffbc
ffbb
ffbb
ffbc
ffbc
ffbc
ffbd
ffbd
ffbd
ffbc
ffbc
ffbc
ffbc
ffbd
ffbe
ffbe
ffbd
ffbd
ffbc
ffbc
ffbc
ffbc
ffbd
ffbd
ffbd
ffbc
ffbc
ffbc
ffbd
ffbd
ffbc
ffbc
ffbc
ffbc
ffbd
ffbe
ffbe
ffbd
ffbd
ffbc
ffbc
ffbc
ffbc
ffbd
ffbd
ffbd
ffbc
ffbc
ffbc
ffbc
ffbd
ffbd
ffbd
ffbc
ffbc
ffbc
ffbc
ffbd
ffbd
ffbd
ffbc
ffbc
ffbc
ffbc
ffbd
ffbd
ffbd
ffbc
ffbc
ffbc
ffbc
ffbd
ffbe
ffbe
ffbd
ffbd
ffbc
ffbb
ffbb
ffbc
ffbc
ffbc
ffbd
ffbd
ffbd
ffbc
ffbc
ffbc
ffbd
ffbd
ffbc
ffbc
ffbd
ffbd
ffbd
ffbc
ffbb
ffbb
ffbb
ffbc
ffbd
ffbd
ffbc
ffbc
ffbc
ffbd
ffbd
ffbd
ffbc
ffbc
ffbc
ffbd
ffbd
ffbd
ffbd
ffbc
ffbb
ffbb
ffbc
ffbc
ffbd
ffbd
ffbd
ffbc
ffbc
ffbc
ffbd
ffbd
ffbd
ffbd
ffbc
ffbc
ffbc
ffbd
ffbd
ffbd
ffbc
ffbc
ffbd
ffbd
ffbd
ffbd
ffbc
ffbc
ffbc
ffbd
ffbe
ffbe
ffbe
ffbd
ffbd
ffbd
ffbd
ffbc
ffbb
ffbb
ffbc
ffbd
ffbd
ffbd
ffbd
ffbc
ffbc
ffbd
ffbd
ffbd
ffbd
ffbc
ffbc
ffbd
ffbd
ffbd
ffbd
ffbd
ffbc
ffbc
ffbd
ffbd
ffbd
ffbd
ffbd
ffbd
ffbc
ffbc
ffbd
ffbd
ffbd
ffbd
ffbd
ffbd
ffbd
ffbc
ffbc
ffbd
ffbe
ffbe
ffbe
ffbe
ffbe
ffbe
ffbe
ffbd
ffbd
ffbd
ffbd
ffbd
ffbd
ffbc
ffbc
ffbd
ffbe
ffbf
ffc0
ffc1
ffc2
ffc3
ffc4
ffc4
ffc4
ffc4
ffc4
ffc4
ffc4
ffc4
ffc4
ffc4
ffc4
ffc4
ffc4
ffc3
ffc3
ffc3
ffc3
ffc4
ffc5
ffc6
ffc7
ffc8
ffc8
ffc8
ffc8
ffc8
ffc9
ffca
ffcb
ffcc
ffcd
ffce
ffcf
ffd0
ffd1
ffd2
ffd3
ffd4
ffd5
ffd6
ffd7
ffd8
ffd9
ffdb
ffdd
ffdf
ffe1
ffe3
ffe5
ffe8
ffeb
ffee
fff1
fff4
fff7
fffa
fffd
0000
0004
0008
000c
0010
0014
0017
001a
001d
001f
0021
0024
0026
0028
002a
002c
002d
002e
002f
0031
0032
0033
0034
0036
0037
0037
0037
0038
0038
0038
0039
0039
0039
0039
003a
003a
003a
003b
003b
003b
003c
003c
003c
003d
003d
003e
003e
003e
003e
003f
003f
003f
0040
0040
0041
0041
0042
0042
0042
0043
0043
0043
0044
0044
0044
0043
0043
0043
0043
0044
0044
0044
0043
0043
0043
0043
0044
0044
0044
0043
0043
0043
0044
0044
0044
0043
0042
0042
0043
0043
0044
0044
0043
0043
0044
0044
0043
0043
0044
0044
0043
0043
0044
0044
0043
0043
0044
0044
0044
0043
0043
0043
0044
0044
0044
0043
0043
0044
0044
0044
0043
0043
0043
0044
0044
0044
0043
0043
0043
0044
0045
0045
0045
0045
0044
0043
0043
0044
0044
0044
0043
0043
0044
0044
0043
0043
0044
0044
0044
0044
0043
0042
0042
0043
0043
0044
0045
0045
0044
0044
0044
0044
0043
0042
0042
0043
0043
0044
0044
0044
0044
0043
0043
0043
0044
0044
0044
0043
0043
0044
0044
0044
0043
0043
0044
0044
0043
0043
0044
0044
0044
0043
0043
0044
0044
0044
0043
0042
0042
0043
0044
0044
0043
0043
0043
0044
0045
0045
0045
0044
0044
0043
0043
0043
0044
0044
0044
0043
0043
0043
0044
0044
0044
0043
0043
0044
0044
0043
0043
0043
0044
0044
0044
0043
0043
0043
0043
0044
0045
0045
0045
0044
0043
0043
0043
0044
0044
0044
0043
0043
0043
0043
0044
0044
0043
0043
0044
0044
0043
0042
0042
0043
0043
0043
0043
0044
0044
0044
0043
0042
0042
0042
0043
0043
0043
0044
0044
0043
0042
0042
0042
0043
0043
0043
0043
0044
0044
0043
0043
0043
0043
0043
0044
0044
0044
0043
0042
0041
0040
003f
003f
003f
003f
0040
0040
0040
0040
0040
0041
0041
0041
0041
0041
0042
0042
0042
0042
0042
0043
0043
0043
0043
0043
0043
0043
0044
0044
0043
0042
0041
0040
003f
003e
003d
003d
003d
003d
003d
003d
003d
003d
003d
003d
003d
003d
003d
003d
003d
003e
003e
003e
003e
003e
003d
003c
003b
003a
0039
0038
0038
0038
0038
0038
0037
0036
0035
0034
0033
0032
0031
0030
002f
002e
002d
002c
002a
0028
0026
0024
0022
0020
001e
001c
0019
0016
0013
0010
000d
000a
0007
0004
0000
fffc
fff8
fff4
fff0
ffed
ffe9
ffe6
ffe3
ffe0
ffde
ffdc
ffda
ffd8
ffd6
ffd4
ffd3
ffd2
ffd1
ffcf
ffce
ffcd
ffcc
ffca
ffc9
ffc9
ffc8
ffc8
ffc8
ffc8
ffc7
ffc7
ffc7
ffc7
ffc6
ffc6
ffc5
ffc5
ffc5
ffc5
ffc4
ffc4
ffc3
ffc3
ffc3
ffc3
ffc2
ffc2
ffc1
ffc1
ffc1
ffc0
ffc0
ffbf
ffbf
ffbf
ffbe
ffbe
ffbe
ffbd
ffbd
ffbc
ffbc
ffbd
ffbd
ffbd
ffbc
ffbc
ffbd
ffbd
ffbc
ffbc
ffbd
ffbd
ffbd
ffbc
ffbc
ffbd
ffbd
ffbd
ffbc
ffbb
ffbb
ffbc
ffbc
ffbd
ffbd
ffbd
ffbc
ffbc
ffbc
ffbd
ffbe
ffbe
ffbd
ffbd
ffbc
ffbc
ffbc
ffbd
ffbd
ffbd
ffbc
ffbc
ffbc
ffbd
ffbd
ffbd
ffbc
ffbc
ffbc
ffbc
ffbd
ffbe
ffbe
ffbd
ffbd
ffbc
ffbc
ffbc
ffbd
ffbd
ffbc
ffbc
ffbd
ffbd
ffbc
ffbc
ffbc
ffbd
ffbd
ffbc
ffbc
ffbd
ffbd
ffbc
ffbc
ffbc
ffbd
ffbd
ffbc
ffbc
ffbc
ffbd
ffbd
ffbd
ffbc
ffbb
ffbb
ffbb
ffbc
ffbc
ffbd
ffbd
ffbc
ffbc
ffbd
ffbd
ffbc
ffbb
ffbb
ffbb
ffbc
ffbd
ffbd
ffbc
ffbb
ffbb
ffbc
ffbc
ffbc
ffbd
ffbd
ffbc
ffbc
ffbc
ffbd
ffbd
ffbd
ffbc
ffbc
ffbc
ffbd
ffbd
ffbc
ffbc
ffbc
ffbd
ffbd
ffbc
ffbc
ffbc
ffbd
ffbd
ffbd
ffbc
ffbc
ffbc
ffbd
ffbd
ffbc
ffbc
ffbd
ffbd
ffbc
ffbc
ffbc
ffbd
ffbd
ffbd
ffbc
ffbb
ffbb
ffbc
ffbc
ffbc
ffbd
ffbe
ffbe
ffbd
ffbd
ffbd
ffbc
ffbb
ffbb
ffbb
ffbc
ffbd
ffbd
ffbd
ffbc
ffbb
ffbb
ffbc
ffbc
ffbd
ffbd
ffbd
ffbc
ffbc
ffbc
ffbd
ffbd
ffbd
ffbd
ffbc
ffbc
ffbc
ffbd
ffbd
ffbd
ffbc
ffbc
ffbd
ffbd
ffbd
ffbc
ffbc
ffbd
ffbd
ffbd
ffbd
ffbc
ffbc
ffbc
ffbd
ffbd
ffbd
ffbd
ffbc
ffbc
ffbd
ffbe
ffbe
ffbe
ffbd
ffbd
ffbd
ffbc
ffbc
ffbd
ffbd
ffbd
ffbd
ffbc
ffbc
ffbd
ffbe
ffbe
ffbe
ffbe
ffbd
ffbd
ffbd
ffbc
ffbc
ffbd
ffbe
ffbf
ffbf
ffbf
ffbf
ffbf
ffbe
ffbe
ffbe
ffbe
ffbe
ffbd
ffbd
ffbd
ffbc
ffbc
ffbd
ffbe
ffbf
ffc0
ffc1
ffc2
ffc2
ffc2
ffc2
ffc2
ffc2
ffc2
ffc1
ffc1
ffc1
ffc1
ffc1
ffc1
ffc1
ffc1
ffc0
ffc0
ffc0
ffc0
ffc0
ffc0
ffc0
ffc0
ffc0
ffc0
ffc0
ffc0
ffc0
ffc0
ffc0
ffbf
ffbf
ffbf
ffbf
ffbf
ffc0
ffc1
ffc2
ffc3
ffc4
ffc5
ffc5
ffc5
ffc5
ffc6
ffc7
ffc8
ffc9
ffca
ffcb
ffcc
ffcd
ffce
ffcf
ffd0
ffd1
ffd2
ffd4
ffd6
ffd8
ffda
ffdc
ffde
ffe0
ffe2
ffe4
ffe7
ffea
ffed
fff0
fff3
fff7
fffb
ffff
0003
0007
000b
000f
0012
0016
0019
001c
001f
0021
0023
0025
0027
002a
002c
002d
002e
002f
0031
0032
0033
0035
0036
0036
0036
0036
0037
0037
0038
0038
0038
0038
0039
0039
0039
003a
003a
003a
003a
003b
003c
003c
003c
003c
003c
003d
003e
003e
003e
003e
003f
003f
0040
0040
0040
0041
0041
0042
0042
0042
0043
0043
0043
0044
0045
0045
0044
0044
0043
0042
0042
0043
0043
0043
0044
0044
0044
0043
0043
0043
0043
0044
0045
0045
0044
0044
0043
0043
0044
0044
0043
0043
0044
0044
0043
0043
0043
0044
0044
0044
0044
0043
0042
0042
0043
0043
0043
0044
0044
0044
0044
0043
0043
0043
0044
0044
0044
0044
0043
0042
0042
0043
0043
0044
0044
0044
0044
0043
0042
0042
0043
0043
0044
0044
0044
0044
0043
0043
0043
0043
0044
0045
0046
0046
0046
0045
0045
0044
0044
0043
0043
0044
0044
0044
0043
0043
0043
0044
0045
0045
0045
0044
0044
0044
0043
0043
0043
0044
0044
0044
0044
0043
0043
0043
0044
0044
0044
0043
0043
0044
0044
0044
0043
0043
0043
0044
0045
0045
0045
0044
0044
0043
0043
0043
0044
0045
0045
0044
0044
0044
0043
0043
0044
0044
0043
0043
0044
0044
0043
0043
0044
0044
0044
0043
0043
0043
0044
0044
0043
0043
0044
0044
0044
0043
0043
0044
0044
0043
0042
0042
0043
0043
0044
0044
0043
0043
0044
0044
0043
0043
0043
0044
0044
0044
0043
0042
0042
0042
0043
0043
0044
0044
0044
0043
0042
0042
0042
0042
0043
0043
0044
0044
0044
0043
0042
0041
0041
0041
0042
0042
0043
0043
0043
0043
0044
0044
0043
0043
0043
0043
0044
0044
0044
0043
0042
0041
0041
0041
0041
0041
0041
0042
0043
0043
0043
0043
0043
0043
0044
0044
0043
0043
0043
0043
0043
0043
0043
0044
0044
0043
0042
0042
0042
0042
0042
0042
0043
0043
0043
0043
0043
0043
0043
0043
0044
0044
0043
0042
0041
0040
003f
003f
003f
003f
003f
003f
003f
003f
003f
003f
003f
003f
003f
003f
003f
003f
003f
003f
0040
0040
0040
0040
0040
003f
003e
003d
003c
003b
003a
003a
003a
003a
003a
0039
0038
0037
0036
0035
0034
0033
0032
0030
002e
002c
002a
0028
0026
0024
0022
0020
001e
001c
001a
0018
0015
0012
000f
000c
0008
0004
0000
fffc
fff8
fff4
fff0
ffec
ffe9
ffe6
ffe3
ffe0
ffde
ffdc
ffda
ffd8
ffd5
ffd3
ffd2
ffd1
ffcf
ffce
ffcd
ffcc
ffca
ffc9
ffc9
ffc8
ffc8
ffc8
ffc8
ffc8
ffc7
ffc7
ffc7
ffc6
ffc6
ffc5
ffc5
ffc5
ffc5
ffc4
ffc4
ffc4
ffc3
ffc3
ffc2
ffc2
ffc2
ffc2
ffc1
ffc1
ffc0
ffc0
ffc0
ffbf
ffbf
ffbf
ffbe
ffbe
ffbd
ffbd
ffbc
ffbc
ffbd
ffbd
ffbd
ffbc
ffbc
ffbd
ffbd
ffbd
ffbc
ffbc
ffbc
ffbd
ffbd
ffbd
ffbd
ffbc
ffbc
ffbc
ffbd
ffbd
ffbd
ffbc
ffbc
ffbc
ffbd
ffbe
ffbe
ffbd
ffbd
ffbc
ffbc
ffbd
ffbd
ffbc
ffbc
ffbd
ffbd
ffbc
ffbc
ffbc
ffbd
ffbd
ffbd
ffbd
ffbc
ffbb
ffbb
ffbb
ffbb
ffbc
ffbd
ffbd
ffbd
ffbc
ffbb
ffbb
ffbb
ffbc
ffbc
ffbd
ffbd
ffbd
ffbc
ffbb
ffbb
ffbb
ffbc
ffbc
ffbd
ffbd
ffbd
ffbc
ffbb
ffbb
ffbc
ffbc
ffbc
ffbd
ffbd
ffbc
ffbc
ffbc
ffbd
ffbd
ffbc
ffbc
ffbd
ffbd
ffbc
ffbc
ffbc
ffbd
ffbd
ffbd
ffbc
ffbb
ffbb
ffbb
ffbb
ffbc
ffbd
ffbd
ffbc
ffbc
ffbc
ffbc
ffbd
ffbd
ffbd
ffbc
ffbc
ffbc
ffbd
ffbd
ffbd
ffbc
ffbb
ffba
ffba
ffbb
ffbb
ffbb
ffbc
ffbd
ffbd
ffbc
ffbc
ffbc
ffbc
ffbd
ffbd
ffbd
ffbd
ffbc
ffbb
ffbb
ffbb
ffbc
ffbc
ffbc
ffbd
ffbd
ffbd
ffbc
ffbc
ffbd
ffbd
ffbc
ffbc
ffbc
ffbd
ffbd
ffbc
ffbc
ffbd
ffbd
ffbd
ffbc
ffbc
ffbc
ffbc
ffbd
ffbe
ffbe
ffbd
ffbd
ffbd
ffbc
ffbc
ffbc
ffbd
ffbd
ffbd
ffbc
ffbc
ffbc
ffbd
ffbe
ffbe
ffbd
ffbd
ffbd
ffbc
ffbc
ffbc
ffbd
ffbe
ffbe
ffbd
ffbd
ffbd
ffbd
ffbc
ffbb
ffbb
ffbc
ffbc
ffbd
ffbe
ffbe
ffbe
ffbd
ffbd
ffbd
ffbc
ffbc
ffbd
ffbd
ffbd
ffbc
ffbc
ffbd
ffbd
ffbd
ffbd
ffbd
ffbc
ffbc
ffbc
ffbd
ffbe
ffbe
ffbe
ffbe
ffbe
ffbd
ffbd
ffbd
ffbd
ffbc
ffbc
ffbc
ffbd
ffbe
ffbf
ffc0
ffc1
ffc1
ffc1
ffc0
ffc0
ffc0
ffc0
ffc0
ffc0
ffc0
ffbf
ffbf
ffbf
ffbe
ffbe
ffbe
ffbe
ffbe
ffbe
ffbe
ffbd
ffbd
ffbd
ffbd
ffbd
ffbc
ffbc
ffbd
ffbe
ffbf
ffc0
ffc1
ffc2
ffc3
ffc4
ffc4
ffc4
ffc4
ffc4
ffc4
ffc4
ffc4
ffc4
ffc4
ffc4
ffc4
ffc4
ffc4
ffc4
ffc3
ffc3
ffc3
ffc3
ffc3
ffc4
ffc5
ffc6
ffc7
ffc8
ffc9
ffc9
ffc9
ffc9
ffca
ffcb
ffcc
ffcd
ffce
ffcf
ffd0
ffd1
ffd2
ffd3
ffd4
ffd5
ffd6
ffd7
ffd9
ffdb
ffdd
ffdf
ffe1
ffe3
ffe5
ffe8
ffeb
ffee
fff1
fff4
fff7
fffa
fffd
0001
0005
0009
000d
0011
0015
0018
001b
001d
001f
0022
0024
0026
0028
002b
002d
002e
002f
0030
0032
0033
0034
0035
0037
0038
0038
0039
0039
0039
0039
003a
003a
003a
003b
003b
003b
003c
003c
003c
003c
003d
003d
003e
003e
003e
003e
003f
003f
0040
0040
0041
0041
0041
0041
0042
0042
0043
0043
0043
0044
0044
0044
0043
0043
0043
0043
0044
0044
0044
0043
0042
0042
0042
0043
0043
0044
0044
0044
0043
0042
0042
0042
0043
0044
0044
0043
0043
0043
0044
0044
0044
0043
0043
0043
0044
0044
0044
0043
0043
0043
0044
0044
0044
0043
0043
0043
0044
0045
0045
0044
0044
0044
0043
0043
0043
0044
0044
0044
0043
0043
0043
0044
0045
0045
0044
0044
0044
0043
0043
0043
0044
0045
0045
0045
0044
0044
0043
0043
0043
0044
0045
0045
0045
0044
0044
0043
0043
0044
0044
0044
0043
0043
0043
0044
0045
0045
0045
0044
0044
0044
0043
0043
0043
0044
0044
0044
0043
0043
0044
0044
0044
0043
0043
0044
0044
0044
0043
0043
0043
0044
0045
0045
0044
0044
0044
0043
0043
0044
0044
0043
0043
0044
0044
0044
0043
0043
0044
0044
0043
0043
0044
0044
0044
0043
0043
0043
0044
0044
0044
0043
0043
0044
0044
0043
0043
0044
0044
0043
0043
0044
0044
0044
0043
0043
0043
0043
0044
0045
0045
0044
0044
0044
0043
0042
0042
0043
0043
0043
0044
0044
0044
0043
0043
0043
0043
0044
0044
0044
0044
0043
0042
0041
0041
0041
0042
0042
0043
0043
0043
0044
0044
0044
0043
0042
0042
0042
0043
0043
0043
0044
0044
0043
0043
0043
0043
0044
0044
0043
0043
0043
0043
0044
0044
0043
0043
0043
0043
0043
0044
0044
0043
0043
0043
0043
0044
0044
0043
0042
0041
0041
0041
0041
0041
0042
0042
0042
0042
0043
0043
0043
0043
0043
0043
0044
0044
0043
0042
0042
0042
0042
0042
0042
0042
0042
0042
0043
0043
0043
0043
0043
0043
0043
0043
0044
0044
0043
0042
0041
0040
003f
003e
003d
003c
003b
003a
0039
0038
0037
0036
0036
0036
0036
0036
0036
0035
0034
0033
0032
0031
0031
0031
0031
0030
002f
002e
002d
002c
002b
002a
0029
0028
0027
0026
0025
0024
0022
0020
001e
001c
001a
0018
0016
0014
0011
000e
000b
0008
0005
0002
ffff
fffb
fff7
fff3
ffef
ffec
ffe9
ffe5
ffe2
ffe0
ffde
ffdc
ffd9
ffd7
ffd6
ffd5
ffd3
ffd2
ffd1
ffd0
ffce
ffcd
ffcc
ffcb
ffc9
ffc8
ffc8
ffc8
ffc7
ffc7
ffc7
ffc7
ffc6
ffc6
ffc5
ffc5
ffc5
ffc5
ffc5
ffc4
ffc3
ffc3
ffc3
ffc3
ffc2
ffc2
ffc2
ffc1
ffc1
ffc1
ffc0
ffc0
ffc0
ffbf
ffbf
ffbe
ffbe
ffbd
ffbd
ffbd
ffbd
ffbc
ffbc
ffbc
ffbd
ffbd
ffbd
ffbc
ffbc
ffbd
ffbd
ffbd
ffbc
ffbc
ffbd
ffbd
ffbd
ffbc
ffbc
ffbc
ffbc
ffbd
ffbe
ffbf
ffbf
ffbe
ffbe
ffbe
ffbd
ffbc
ffbc
ffbd
ffbd
ffbd
ffbc
ffbb
ffbb
ffbc
ffbc
ffbc
ffbd
ffbe
ffbe
ffbe
ffbd
ffbc
ffbc
ffbc
ffbd
ffbe
ffbe
ffbd
ffbd
ffbc
ffbc
ffbc
ffbd
ffbd
ffbc
ffbc
ffbd
ffbd
ffbc
ffbc
ffbc
ffbd
ffbd
ffbd
ffbc
ffbb
ffbb
ffbc
ffbc
ffbc
ffbd
ffbd
ffbc
ffbc
ffbd
ffbd
ffbc
ffbc
ffbc
ffbd
ffbd
ffbc
ffbc
ffbc
ffbd
ffbd
ffbd
ffbc
ffbb
ffbb
ffbb
ffbc
ffbc
ffbd
ffbd
ffbd
ffbc
ffbb
ffbb
ffbb
ffbc
ffbc
ffbc
ffbd
ffbd
ffbd
ffbc
ffbb
ffbb
ffbb
ffbc
ffbd
ffbd
ffbc
ffbb
ffbb
ffbb
ffbc
ffbd
ffbd
ffbc
ffbb
ffbb
ffbc
ffbc
ffbc
ffbd
ffbd
ffbd
ffbc
ffbc
ffbc
ffbc
ffbd
ffbd
ffbd
ffbc
ffbc
ffbc
ffbd
ffbd
ffbd
ffbc
ffbb
ffbb
ffbc
ffbc
ffbc
ffbd
ffbd
ffbd
ffbc
ffbc
ffbc
ffbd
ffbd
ffbd
ffbc
ffbc
ffbc
ffbd
ffbd
ffbd
ffbc
ffbc
ffbc
ffbd
ffbd
ffbd
ffbc
ffbc
ffbc
ffbd
ffbd
ffbd
ffbd
ffbc
ffbc
ffbc
ffbd
ffbd
ffbd
ffbc
ffbc
ffbc
ffbd
ffbe
ffbe
ffbe
ffbd
ffbd
ffbc
ffbc
ffbd
ffbd
ffbd
ffbc
ffbc
ffbd
ffbd
ffbd
ffbc
ffbc
ffbd
ffbe
ffbe
ffbe
ffbd
ffbd
ffbc
ffbc
ffbd
ffbe
ffbe
ffbe
ffbd
ffbd
ffbd
ffbd
ffbc
ffbc
ffbd
ffbd
ffbd
ffbd
ffbc
ffbc
ffbd
ffbd
ffbd
ffbd
ffbd
ffbc
ffbc
ffbd
ffbe
ffbf
ffbf
ffbf
ffbf
ffbe
ffbe
ffbe
ffbe
ffbe
ffbd
ffbd
ffbd
ffbd
ffbd
ffbc
ffbc
ffbd
ffbe
ffbf
ffc0
ffc0
ffc0
ffc0
ffc0
ffc0
ffc0
ffbf
ffbf
ffbf
ffbf
ffbf
ffbf
ffbf
ffbf
ffbe
ffbe
ffbe
ffbe
ffbe
ffbe
ffbe
ffbe
ffbe
ffbe
ffbe
ffbe
ffbe
ffbe
ffbe
ffbe
ffbd
ffbd
ffbd
ffbd
ffbe
ffbf
ffc0
ffc1
ffc2
ffc3
ffc3
ffc3
ffc3
ffc3
ffc4
ffc5
ffc6
ffc7
ffc8
ffc9
ffca
ffcb
ffcc
ffcd
ffce
ffcf
ffd1
ffd3
ffd5
ffd7
ffd9
ffdb
ffdd
ffdf
ffe1
ffe4
ffe7
ffea
ffed
fff0
fff3
fff6
fffa
fffe
0002
0006
000a
000f
0013
0016
0019
001c
001f
0021
0023
0025
0027
002a
002c
002d
002e
0030
0031
0032
0033
0035
0036
0036
0037
0037
0037
0037
0038
0038
0038
0038
0039
0039
0039
003a
003a
003b
003b
003b
003b
003c
003c
003c
003d
003d
003e
003e
003e
003f
003f
003f
0040
0040
0041
0041
0041
0042
0042
0043
0043
0043
0044
0044
0044
0043
0042
0042
0042
0043
0043
0044
0044
0044
0043
0042
0042
0043
0043
0043
0044
0044
0044
0043
0043
0043
0044
0044
0043
0043
0044
0044
0044
0043
0043
0043
0044
0044
0043
0043
0044
0044
0044
0043
0043
0043
0044
0044
0044
0043
0043
0044
0044
0043
0043
0044
0044
0044
0043
0043
0043
0044
0045
0045
0044
0044
0044
0043
0043
0044
0044
0043
0043
0044
0044
0044
0043
0043
0044
0044
0043
0043
0044
0044
0044
0044
0043
0042
0042
0043
0043
0044
0045
0045
0044
0044
0044
0043
0043
0044
0044
0044
0043
0043
0043
0044
0045
0045
0044
0044
0044
0043
0043
0044
0044
0044
0043
0043
0043
0044
0045
0045
0045
0044
0044
0043
0043
0043
0044
0044
0044
0044
0043
0043
0043
0044
0044
0044
0044
0043
0042
0042
0043
0043
0044
0044
0044
0043
0043
0043
0044
0044
0044
0044
0043
0042
0042
0043
0043
0043
0044
0045
0045
0044
0044
0043
0043
0044
0044
0043
0043
0043
0044
0044
0044
0043
0043
0043
0044
0044
0043
0043
0044
0044
0043
0043
0043
0043
0044
0045
0045
0044
0044
0043
0042
0042
0042
0043
0043
0043
0044
0045
0045
0044
0043
0043
0043
0044
0044
0043
0042
0042
0042
0043
0043
0043
0044
0044
0043
0043
0043
0043
0043
0044
0044
0044
0043
0042
0041
0040
0040
0040
0041
0041
0041
0041
0041
0041
0042
0042
0043
0043
0043
0043
0043
0043
0044
0044
0043
0042
0041
0041
0041
0041
0041
0042
0042
0042
0042
0042
0042
0042
0042
0042
0043
0043
0043
0043
0043
0043
0044
0044
0043
0042
0041
0040
003f
003e
003d
003c
003b
003a
0039
0038
0037
0036
0035
0034
0034
0034
0034
0034
0033
0032
0031
0030
002f
002f
002f
002f
002e
002d
002c
002b
002a
0029
0028
0027
0026
0025
0024
0023
0022
0020
001e
001c
001a
0018
0016
0014
0012
0010
000d
000a
0007
0004
0001
fffe
fffa
fff6
fff2
ffef
ffec
ffe9
ffe5
ffe2
ffe0
ffde
ffdc
ffd9
ffd7
ffd6
ffd5
ffd3
ffd2
ffd1
ffd0
ffcf
ffcd
ffcc
ffcb
ffca
ffc9
ffc9
ffc8
ffc8
ffc8
ffc8
ffc8
ffc8
ffc7
ffc7
ffc6
ffc6
ffc6
ffc5
ffc5
ffc5
ffc4
ffc4
ffc4
ffc3
ffc3
ffc3
ffc3
ffc2
ffc2
ffc1
ffc1
ffc0
ffc0
ffc0
ffc0
ffbf
ffbe
ffbe
ffbe
ffbe
ffbd
ffbd
ffbc
ffbc
ffbd
ffbd
ffbc
ffbc
ffbd
ffbd
ffbd
ffbd
ffbc
ffbb
ffbb
ffbc
ffbc
ffbd
ffbe
ffbe
ffbd
ffbd
ffbd
ffbc
ffbb
ffbb
ffbc
ffbc
ffbd
ffbd
ffbd
ffbc
ffbc
ffbc
ffbd
ffbd
ffbc
ffbc
ffbd
ffbd
ffbd
ffbc
ffbc
ffbc
ffbd
ffbd
ffbc
ffbc
ffbd
ffbd
ffbc
ffbc
ffbc
ffbd
ffbe
ffbe
ffbd
ffbd
ffbc
ffbb
ffbb
ffbc
ffbc
ffbc
ffbd
ffbd
ffbd
ffbc
ffbc
ffbc
ffbc
ffbd
ffbe
ffbe
ffbd
ffbd
ffbc
ffbc
ffbc
ffbc
ffbd
ffbd
ffbd
ffbc
ffbc
ffbc
ffbd
ffbd
ffbc
ffbc
ffbc
ffbc
ffbd
ffbe
ffbe
ffbd
ffbd
ffbc
ffbc
ffbc
ffbc
ffbd
ffbd
ffbd
ffbc
ffbc
ffbc
ffbc
ffbd
ffbd
ffbd
ffbc
ffbc
ffbc
ffbc
ffbd
ffbd
ffbd
ffbc
ffbc
ffbc
ffbc
ffbd
ffbd
ffbd
ffbc
ffbc
ffbc
ffbc
ffbd
ffbe
ffbe
ffbd
ffbd
ffbc
ffbb
ffbb
ffbc
ffbc
ffbc
ffbd
ffbd
ffbd
ffbc
ffbc
ffbc
ffbd
ffbd
ffbc
ffbc
ffbd
ffbd
ffbd
ffbc
ffbb
ffbb
ffbb
ffbc
ffbd
ffbd
ffbc
ffbc
ffbc
ffbd
ffbd
ffbd
ffbc
ffbc
ffbc
ffbd
ffbd
ffbd
ffbd
ffbc
ffbb
ffbb
ffbc
ffbc
ffbd
ffbd
ffbd
ffbc
ffbc
ffbc
ffbd
ffbd
ffbd
ffbd
ffbc
ffbc
ffbc
ffbd
ffbd
ffbd
ffbc
ffbc
ffbd
ffbd
ffbd
ffbd
ffbc
ffbc
ffbc
ffbd
ffbe
ffbe
ffbe
ffbd
ffbd
ffbd
ffbd
ffbc
ffbb
ffbb
ffbc
ffbd
ffbd
ffbd
ffbd
ffbc
ffbc
ffbd
ffbd
ffbd
ffbd
ffbc
ffbc
ffbd
ffbd
ffbd
ffbd
ffbd
ffbc
ffbc
ffbd
ffbd
ffbd
ffbd
ffbd
ffbd
ffbc
ffbc
ffbd
ffbd
ffbd
ffbd
ffbd
ffbd
ffbd
ffbc
ffbc
ffbd
ffbe
ffbe
ffbe
ffbe
ffbe
ffbe
ffbe
ffbd
ffbd
ffbd
ffbd
ffbd
ffbd
ffbc
ffbc
ffbd
ffbe
ffbf
ffc0
ffc1
ffc2
ffc3
ffc4
ffc4
ffc4
ffc4
ffc4
ffc4
ffc4
ffc4
ffc4
ffc4
ffc4
ffc4
ffc4
ffc3
ffc3
ffc3
ffc3
ffc4
ffc5
ffc6
ffc7
ffc8
ffc8
ffc8
ffc8
ffc8
ffc9
ffca
ffcb
ffcc
ffcd
ffce
ffcf
ffd0
ffd1
ffd2
ffd3
ffd4
ffd5
ffd6
ffd7
ffd8
ffd9
ffdb
ffdd
ffdf
ffe1
ffe3
ffe5
ffe8
ffeb
ffee
fff1
fff4
fff7
fffa
fffd
0000
0004
0008
000c
0010
0014
0017
001a
001d
001f
0021
0024
0026
0028
002a
002c
002d
002e
002f
0031
0032
0033
0034
0036
0037
0037
0037
0038
0038
0038
0039
0039
0039
0039
003a
003a
003a
003b
003b
003b
003c
003c
003c
003d
003d
003e
003e
003e
003e
003f
003f
003f
0040
0040
0041
0041
0042
0042
0042
0043
0043
0043
0044
0044
0044
0043
0043
0043
0043
0044
0044
0044
0043
0043
0043
0043
0044
0044
0044
0043
0043
0043
0044
0044
0044
0043
0042
0042
0043
0043
0044
0044
0043
0043
0044
0044
0043
0043
0044
0044
0043
0043
0044
0044
0043
0043
0044
0044
0044
0043
0043
0043
0044
0044
0044
0043
0043
0044
0044
0044
0043
0043
0043
0044
0044
0044
0043
0043
0043
0044
0045
0045
0045
0045
0044
0043
0043
0044
0044
0044
0043
0043
0044
0044
0043
0043
0044
0044
0044
0044
0043
0042
0042
0043
0043
0044
0045
0045
0044
0044
0044
0044
0043
0042
0042
0043
0043
0044
0044
0044
0044
0043
0043
0043
0044
0044
0044
0043
0043
0044
0044
0044
0043
0043
0044
0044
0043
0043
0044
0044
0044
0043
0043
0044
0044
0044
0043
0042
0042
0043
0044
0044
0043
0043
0043
0044
0045
0045
0045
0044
0044
0043
0043
0043
0044
0044
0044
0043
0043
0043
0044
0044
0044
0043
0043
0044
0044
0043
0043
0043
0044
0044
0044
0043
0043
0043
0043
0044
0045
0045
0045
0044
0043
0043
0043
0044
0044
0044
0043
0043
0043
0043
0044
0044
0043
0043
0044
0044
0043
0042
0042
0043
0043
0043
0043
0044
0044
0044
0043
0042
0042
0042
0043
0043
0043
0044
0044
0043
0042
0042
0042
0043
0043
0043
0043
0044
0044
0043
0043
0043
0043
0043
0044
0044
0044
0043
0042
0041
0040
003f
003f
003f
003f
0040
0040
0040
0040
0040
0041
0041
0041
0041
0041
0042
0042
0042
0042
0042
0043
0043
0043
0043
0043
0043
0043
0044
0044
0043
0042
0041
0040
003f
003e
003d
003d
003d
003d
003d
003d
003d
003d
003d
003d
003d
003d
003d
003d
003d
003e
003e
003e
0040
0041
0035
0015
ffe3
ffa6
ff67
ff2c
fef8
fecd
feac
fe93
fe81
fe74
fe6b
fe66
fe65
fe66
fe6a
fe71
fe7a
fe85
fe92
fea0
feaf
febf
fed0
fee2
fef4
ff06
ff18
ff2a
ff3c
ff4e
ff60
ff71
ff81
ff90
ff9e
ffab
ffb7
ffc2
ffcc
ffd5
ffdd
ffe4
ffeb
fff1
fff7
fffc
0001
0005
0009
000d
0011
0014
0017
001a
001d
001f
0021
0023
0025
0027
0029
002a
002b
002c
002d
002e
002f
0030
0031
0032
0033
0034
0035
0036
0036
0036
0036
0036
0036
0036
0036
0036
0036
0036
0036
0036
0036
0036
0036
0036
0036
0036
0036
0036
0036
0036
0036
0036
0036
0036
0036
0036
0036
0036
0036
0036
0036
0036
0036
0036
0036
0036
0036
0036
0036
0036
0036
0036
0036
0036
0036
0036
0036
0036
0036
0036
0036
0036
0036
0036
0036
0036
0036
0036
0036
0036
0036
0036
0036
0036
0036
0036
0036
0036
0036
0036
0036
0036
0036
0036
0036
0036
0036
0036
0036
0036
0036
0036
0036
0036
0036
0036
0036
0036
0036
0036
0036
0036
0036
0036
0036
0036
0036
0036
0036
0036
0036
0036
0036
0036
0036
0036
0036
0036
0036
0036
0036
0036
0036
0036
0036
0036
0036
0036
0036
0036
0036
0063
011d
028e
0488
06bd
08e1
0abe
0c37
0d43
0de7
0e2d
0e21
0dcd
0d3a
0c6f
0b72
0a47
08f1
0775
05d9
0422
0255
0078
fe91
fca5
fab9
f8d2
f6f6
f529
f36f
f1cc
f045
eedc
ed95
ec73
eb79
eaa8
ea02
e989
e93e
e921
e931
e970
e9dd
ea76
eb3b
ec2b
ed43
ee82
efe4
f167
f309
f4c6
f69b
f885
fa81
fc8b
fe9e
00b6
02d0
04e9
06fd
0907
0b04
0cf0
0ec8
1089
122f
13b8
1521
1668
178a
1885
1958
1a01
1a7e
1acf
1af3
1aea
1ab4
1a52
19c4
190a
1826
1719
15e5
148b
130f
1173
0fb9
0de4
0bf8
09f8
07e6
05c6
039c
016c
ff38
fd05
fad7
f8b1
f696
f48b
f292
f0af
eee5
ed38
ebaa
ea3e
e8f6
e7d4
e6da
e609
e562
e4e7
e499
e479
e487
e4c2
e52a
e5bf
e67f
e769
e87c
e9b6
eb15
ec97
ee39
eff8
f1d2
f3c3
f5c8
f7df
fa04
fc33
fe68
009f
02d5
0507
0730
094e
0b5d
0d58
0f3d
1109
12b9
144a
15ba
1706
182c
1929
19fd
1aa6
1b23
1b73
1b96
1b8b
1b53
1aee
1a5c
199e
18b5
17a3
166a
150c
138b
11ea
102b
0e51
0c5f
0a59
0841
061c
03ec
01b6
ff7e
fd46
fb13
f8e8
f6c9
f4b9
f2bb
f0d2
ef03
ed50
ebbc
ea49
e8fb
e7d3
e6d3
e5fd
e552
e4d3
e481
e45d
e466
e49d
e502
e593
e650
e738
e849
e981
eade
ec5e
edfe
efbc
f195
f386
f58b
f7a1
f9c5
fbf4
fe2a
0063
029b
04cf
06fa
091a
0b2b
0d2a
0f13
10e3
1296
142b
159f
16ee
1818
191a
19f2
1aa0
1b22
1b77
1b9e
1b97
1b62
1b00
1a71
19b7
18d2
17c5
1691
1538
13bb
121e
1063
0e8d
0c9e
0a9a
0885
0662
0435
0201
ffca
fd93
fb60
f934
f713
f502
f303
f119
ef48
ed93
ebfd
ea88
e936
e809
e704
e629
e578
e4f3
e49b
e470
e473
e4a3
e500
e589
e63e
e71e
e828
e95a
eab1
ec2b
edc6
ef7f
f153
f33f
f540
f753
f975
fba2
fdd6
000e
0246
047a
06a7
08c9
0adc
0cdd
0ec8
109b
1253
13ed
1566
16bb
17ea
18f2
19d1
1a85
1b0c
1b66
1b93
1b93
1b65
1b09
1a81
19cd
18ee
17e6
16b7
1562
13e9
124f
1097
0ec4
0cd9
0ad8
08c5
06a4
0478
0245
000e
fdd7
fba4
f978
f756
f542
f340
f153
ef7e
edc5
ec2a
eaaf
e958
e827
e71d
e63c
e586
e4fc
e49f
e46f
e46c
e497
e4ef
e574
e624
e700
e806
e933
ea85
ebfb
ed93
ef49
f11b
f306
f505
f717
f938
fb64
fd98
ffd0
0208
043c
0669
088b
0a9f
0ca1
0e8e
1064
121f
13bc
1539
1693
17c7
18d4
19b8
1a71
1afe
1b5e
1b90
1b94
1b6b
1b15
1a92
19e4
190b
1809
16df
158e
141a
1284
10cf
0eff
0d16
0b17
0906
06e7
04bc
0289
0052
fe1a
fbe5
f9b7
f794
f57f
f37b
f18c
efb5
edf8
ec59
eada
e97e
e848
e739
e652
e596
e505
e4a1
e46a
e461
e486
e4d9
e559
e605
e6db
e7da
e901
ea4e
ebbf
ed52
ef04
f0d3
f2ba
f4b7
f6c6
f8e5
fb0f
fd42
ff7a
01b3
03e9
0618
083d
0a54
0c5b
0e4d
1027
11e7
1389
150b
166a
17a4
18b6
199f
1a5e
1af1
1b57
1b90
1b9c
1b7b
1b2c
1ab0
1a08
1935
1838
1712
15c6
1456
12c5
1115
0f49
0d63
0b66
0956
0736
050b
02d8
00a0
fe67
fc30
fa00
f7da
f5c2
f3bb
f1c8
efec
ee2a
ec86
eb02
e9a1
e865
e750
e664
e5a2
e50c
e4a2
e466
e458
e478
e4c5
e53f
e5e6
e6b8
e7b4
e8d8
ea22
eb90
ed20
eecf
f09b
f281
f47d
f68c
f8aa
fad4
fd07
ff3f
0178
03ae
05dd
0803
0a1c
0c25
0e1a
0ff8
11bc
1362
14e8
164b
1789
18a0
198f
1a53
1aeb
1b56
1b94
1ba5
1b88
1b3d
1ac5
1a21
1952
185a
1739
15f2
1486
12f8
114b
0f81
0d9d
0ba3
0996
0779
0550
031e
00e6
feac
fc75
fa44
f81c
f601
f3f7
f201
f022
ee5d
ecb5
eb2c
e9c6
e885
e76b
e679
e5b1
e515
e4a6
e464
e450
e46a
e4b1
e526
e5c7
e693
e789
e8a8
e9ee
eb58
ece4
ee90
f058
f23a
f433
f63f
f85b
fa84
fcb6
feee
0127
035f
0591
07ba
09d6
0be2
0dda
0fbb
1182
132c
14b7
161f
1763
1880
1975
1a40
1adf
1b52
1b97
1baf
1b99
1b55
1ae4
1a47
197f
188c
1770
162d
14c6
133c
1192
0fcb
0deb
0bf4
09ea
07cf
05a6
0374
013d
ff04
fccd
fa9b
f873
f658
f44c
f253
f071
eea9
ecfe
eb72
ea08
e8c3
e7a4
e6ad
e5e0
e53f
e4ca
e482
e468
e47c
e4bd
e52a
e5c4
e68a
e77a
e893
e9d3
eb37
ecbe
ee64
f027
f205
f3fa
f603
f81d
fa45
fc77
feae
00e7
031e
0550
0779
0995
0ba2
0d9b
0f7d
1146
12f2
147f
15ea
1731
1851
1949
1a18
1abc
1b34
1b7f
1b9c
1b8b
1b4c
1ae0
1a48
1984
1896
177f
1641
14de
1359
11b4
0ff2
0e16
0c23
0a1c
0804
05df
03b0
017b
ff43
fd0c
fadb
f8b2
f694
f486
f28b
f0a7
eedc
ed2e
eb9f
ea32
e8e9
e7c6
e6cb
e5f9
e552
e4d8
e48b
e46c
e47b
e4b7
e520
e5b6
e677
e762
e876
e9b1
eb11
ec94
ee37
eff7
f1d2
f3c4
f5ca
f7e1
fa06
fc35
fe6a
00a1
02d7
0509
0732
0950
0b5f
0d5a
0f3f
110b
12bb
144c
15bc
1708
182e
192b
19ff
1aa8
1b25
1b75
1b98
1b8d
1b55
1af0
1a5e
19a0
18b7
17a5
166c
150e
138d
11ec
102d
0e53
0c61
0a5b
0843
061e
03ee
01b8
ff80
fd48
fb15
f8ea
f6cb
f4bb
f2bd
f0d4
ef05
ed52
ebbe
ea4b
e8fd
e7d5
e6d5
e5ff
e554
e4d5
e483
e45f
e468
e49f
e504
e595
e652
e73a
e84b
e983
eae0
ec60
ee00
efbe
f197
f388
f58d
f7a3
f9c7
fbf6
fe2c
0065
029d
04d1
06fc
091c
0b2d
0d2c
0f15
10e5
1298
142d
15a1
16f0
181a
191c
19f4
1aa2
1b24
1b79
1ba0
1b99
1b64
1b02
1a73
19b9
18d4
17c7
1693
153a
13bd
1220
1065
0e8f
0ca0
0a9c
0887
0664
0437
0203
ffcc
fd95
fb61
f934
f712
f500
f300
f115
ef43
ed8d
ebf6
ea80
e92d
e7ff
e6f9
e61d
e56b
e4e6
e48e
e463
e466
e496
e4f3
e57c
e631
e711
e81b
e94d
eaa5
ec20
edbc
ef76
f14b
f338
f53a
f74e
f971
fb9f
fdd4
000c
0244
0478
06a5
08c7
0ada
0cdb
0ec6
1099
1251
13eb
1564
16b9
17e8
18f0
19cf
1a83
1b0a
1b64
1b91
1b91
1b63
1b07
1a7f
19cb
18ec
17e4
16b5
1560
13e7
124d
1095
0ec2
0cd7
0ad6
08c3
06a2
0476
0243
000c
fdd5
fba2
f976
f754
f540
f33e
f151
ef7c
edc3
ec28
eaad
e956
e825
e71b
e63a
e584
e4fa
e49d
e46e
e46c
e498
e4f1
e577
e628
e704
e80a
e937
ea89
ebff
ed97
ef4d
f11f
f30a
f509
f71b
f93c
fb68
fd9c
ffd4
020c
0440
066d
088f
0aa3
0ca5
0e92
1068
1223
13c0
153d
1697
17cb
18d8
19bc
1a75
1b02
1b62
1b94
1b98
1b6f
1b19
1a96
19e7
190d
180a
16df
158d
1418
1281
10cc
0efc
0d13
0b14
0903
06e4
04b9
0286
004f
fe17
fbe2
f9b4
f791
f57c
f379
f18b
efb5
edf9
ec5b
eadd
e982
e84d
e73f
e659
e59e
e50e
e4ab
e475
e46d
e492
e4e5
e565
e611
e6e7
e7e6
e90d
ea5a
ebcb
ed5d
ef0e
f0dc
f2c2
f4be
f6cc
f8ea
fb13
fd45
ff7c
01b4
03e9
0617
083b
0a51
0c57
0e49
1023
11e3
1385
1507
1666
17a0
18b2
199b
1a5a
1aed
1b53
1b8c
1b98
1b77
1b28
1aac
1a04
1931
1834
170e
15c2
1452
12c1
1112
0f47
0d62
0b66
0957
0738
050e
02dc
00a5
fe6d
fc37
fa08
f7e2
f5ca
f3c3
f1d0
eff4
ee32
ec8e
eb0a
e9a9
e86d
e758
e66c
e5aa
e514
e4aa
e46e
e460
e480
e4cd
e547
e5ee
e6c0
e7bc
e8e0
ea2a
eb97
ed26
eed4
f09f
f284
f47f
f68d
f8aa
fad3
fd05
ff3c
0175
03ab
05da
0800
0a19
0c22
0e17
0ff5
11b9
135f
14e5
1648
1786
189d
198c
1a50
1ae8
1b53
1b91
1ba2
1b85
1b3a
1ac2
1a1e
194f
1857
1737
15f1
1486
12f9
114d
0f84
0da1
0ba7
099a
077d
0554
0322
00ea
feb0
fc79
fa48
f820
f605
f3fb
f205
f026
ee61
ecb9
eb30
e9ca
e889
e76f
e67d
e5b5
e519
e4aa
e468
e454
e46e
e4b5
e52a
e5cb
e697
e78d
e8ac
e9f2
eb5c
ece8
ee94
f05c
f23e
f437
f643
f85f
fa88
fcba
fef2
012b
0363
0595
07be
09da
0be6
0dde
0fbf
1186
1330
14bb
1623
1767
1884
1979
1a44
1ae3
1b56
1b9b
1bb2
1b9b
1b56
1ae4
1a46
197d
188a
176e
162b
14c4
133a
1190
0fc9
0de9
0bf2
09e8
07ce
05a6
0375
013f
ff06
fccf
fa9d
f875
f65a
f44e
f255
f073
eeab
ed00
eb74
ea0a
e8c5
e7a6
e6af
e5e2
e541
e4cc
e484
e46a
e47e
e4bf
e52c
e5c6
e68c
e77c
e895
e9d5
eb39
ecc0
ee66
f029
f207
f3fc
f605
f81f
fa47
fc79
feb0
00e9
0320
0552
077b
0997
0ba4
0d9d
0f7f
1148
12f4
1481
15ec
1733
1853
194b
1a1a
1abe
1b36
1b81
1b9e
1b8d
1b4e
1ae2
1a4a
1986
1898
1781
1643
14df
1359
11b3
0ff0
0e13
0c1f
0a17
07fe
05d8
03a8
0172
ff39
fd02
fad1
f8a8
f68a
f47c
f281
f09d
eed2
ed24
eb95
ea28
e8df
e7bc
e6c1
e5ef
e548
e4ce
e481
e462
e471
e4ad
e516
e5ac
e66d
e758
e86c
e9a7
eb07
ec8a
ee2d
efed
f1c8
f3ba
f5c0
f7d8
f9fe
fc2e
fe64
009c
02d3
0506
0730
094f
0b5f
0d5b
0f41
110e
12bf
1451
15c2
170f
1836
1934
1a08
1ab1
1b2e
1b7e
1ba1
1b96
1b5e
1af8
1a65
19a6
18bc
17a9
1670
1512
1391
11f0
1031
0e57
0c65
0a5f
0847
0622
03f2
01bc
ff83
fd4a
fb16
f8ea
f6ca
f4b9
f2bb
f0d2
ef03
ed50
ebbc
ea49
e8fb
e7d3
e6d3
e5fd
e552
e4d3
e481
e45d
e466
e49d
e502
e593
e650
e738
e849
e981
eade
ec5e
edfe
efbc
f195
f386
f58b
f7a1
f9c5
fbf4
fe2a
0063
029b
04cf
06fa
091a
0b2b
0d2a
0f13
10e3
1296
142b
159f
16ee
1818
191a
19f2
1aa0
1b22
1b77
1b9e
1b97
1b62
1b00
1a71
19b7
18d2
17c5
1691
1538
13bb
121e
1063
0e8d
0c9e
0a9a
0885
0662
0435
0201
ffca
fd93
fb60
f934
f713
f502
f303
f119
ef48
ed93
ebfd
ea88
e936
e809
e704
e629
e578
e4f3
e49b
e470
e473
e4a3
e500
e589
e63e
e71e
e828
e95a
eab1
ec2b
edc6
ef7f
f153
f33f
f540
f753
f975
fba2
fdd6
000e
0246
047a
06a7
08c9
0adc
0cdd
0ec8
109b
1253
13ed
1566
16bb
17ea
18f2
19d1
1a85
1b0c
1b66
1b93
1b93
1b65
1b09
1a81
19cd
18ee
17e6
16b7
1562
13e9
124f
1097
0ec4
0cd9
0ad8
08c5
06a4
0478
0245
000e
fdd7
fba4
f978
f756
f542
f340
f153
ef7e
edc5
ec2a
eaaf
e958
e827
e71d
e63c
e586
e4fc
e49f
e46f
e46c
e497
e4ef
e574
e624
e700
e806
e933
ea85
ebfb
ed93
ef49
f11b
f306
f505
f717
f938
fb64
fd98
ffd0
0208
043c
0669
088b
0a9f
0ca1
0e8e
1064
121f
13bc
1539
1693
17c7
18d4
19b8
1a71
1afe
1b5e
1b90
1b94
1b6b
1b15
1a92
19e4
190b
1809
16df
158e
141a
1284
10cf
0eff
0d16
0b17
0906
06e7
04bc
0289
0052
fe1a
fbe5
f9b7
f794
f57f
f37b
f18c
efb5
edf8
ec59
eada
e97e
e848
e739
e652
e596
e505
e4a1
e46a
e461
e486
e4d9
e559
e605
e6db
e7da
e901
ea4e
ebbf
ed52
ef04
f0d3
f2ba
f4b7
f6c6
f8e5
fb0f
fd42
ff7a
01b3
03e9
0618
083d
0a54
0c5b
0e4d
1027
11e7
1389
150b
166a
17a4
18b6
199f
1a5e
1af1
1b57
1b90
1b9c
1b7b
1b2c
1ab0
1a08
1935
1838
1712
15c6
1456
12c5
1115
0f49
0d63
0b66
0956
0736
050b
02d8
00a0
fe67
fc30
fa00
f7da
f5c2
f3bb
f1c8
efec
ee2a
ec86
eb02
e9a1
e865
e750
e664
e5a2
e50c
e4a2
e466
e458
e478
e4c5
e53f
e5e6
e6b8
e7b4
e8d8
ea22
eb90
ed20
eecf
f09b
f281
f47d
f68c
f8aa
fad4
fd07
ff3f
0178
03ae
05dd
0803
0a1c
0c25
0e1a
0ff8
11bc
1362
14e8
164b
1789
18a0
198f
1a53
1aeb
1b56
1b94
1ba5
1b88
1b3d
1ac5
1a21
1952
185a
1739
15f2
1486
12f8
114b
0f81
0d9d
0ba3
0996
0779
0550
031e
00e6
feac
fc75
fa44
f81c
f601
f3f7
f201
f022
ee5d
ecb5
eb2c
e9c6
e885
e76b
e679
e5b1
e515
e4a6
e464
e450
e46a
e4b1
e526
e5c7
e693
e789
e8a8
e9ee
eb58
ece4
ee90
f058
f23a
f433
f63f
f85b
fa84
fcb6
feee
0127
035f
0591
07ba
09d6
0be2
0dda
0fbb
1182
132c
14b7
161f
1763
1880
1975
1a40
1adf
1b52
1b97
1baf
1b99
1b55
1ae4
1a47
197f
188c
1770
162d
14c6
133c
1192
0fcb
0deb
0bf4
09ea
07cf
05a6
0374
013d
ff04
fccd
fa9b
f873
f658
f44c
f253
f071
eea9
ecfe
eb72
ea08
e8c3
e7a4
e6ad
e5e0
e53f
e4ca
e482
e468
e47c
e4bd
e52a
e5c4
e68a
e77a
e893
e9d3
eb37
ecbe
ee64
f027
f205
f3fa
f603
f81d
fa45
fc77
feae
00e7
031e
0550
0779
0995
0ba2
0d9b
0f7d
1146
12f2
147f
15ea
1731
1851
1949
1a18
1abc
1b34
1b7f
1b9c
1b8b
1b4c
1ae0
1a48
1984
1896
177f
1641
14de
1359
11b4
0ff2
0e16
0c23
0a1c
0804
05df
03b0
017b
ff43
fd0c
fadb
f8b2
f694
f486
f28b
f0a7
eedc
ed2e
eb9f
ea32
e8e9
e7c6
e6cb
e5f9
e552
e4d8
e48b
e46c
e47b
e4b7
e520
e5b6
e677
e762
e876
e9b1
eb11
ec94
ee37
eff7
f1d2
f3c4
f5ca
f7e1
fa06
fc35
fe6a
00a1
02d7
0509
0732
0950
0b5f
0d5a
0f3f
110b
12bb
144c
15bc
1708
182e
192b
19ff
1aa8
1b25
1b75
1b98
1b8d
1b55
1af0
1a5e
19a0
18b7
17a5
166c
150e
138d
11ec
102d
0e53
0c61
0a5b
0843
061e
03ee
01b8
ff80
fd48
fb15
f8ea
f6cb
f4bb
f2bd
f0d4
ef05
ed52
ebbe
ea4b
e8fd
e7d5
e6d5
e5ff
e554
e4d5
e483
e45f
e468
e49f
e504
e595
e652
e73a
e84b
e983
eae0
ec60
ee00
efbe
f197
f388
f58d
f7a3
f9c7
fbf6
fe2c
0065
029d
04d1
06fc
091c
0b2d
0d2c
0f15
10e5
1298
142d
15a1
16f0
181a
191c
19f4
1aa2
1b24
1b79
1ba0
1b99
1b64
1b02
1a73
19b9
18d4
17c7
1693
153a
13bd
1220
1065
0e8f
0ca0
0a9c
0887
0664
0437
0203
ffcc
fd95
fb61
f934
f712
f500
f300
f115
ef43
ed8d
ebf6
ea80
e92d
e7ff
e6f9
e61d
e56b
e4e6
e48e
e463
e466
e496
e4f3
e57c
e631
e711
e81b
e94d
eaa5
ec20
edbc
ef76
f14b
f338
f53a
f74e
f971
fb9f
fdd4
000c
0244
0478
06a5
08c7
0ada
0cdb
0ec6
1099
1251
13eb
1564
16b9
17e8
18f0
19cf
1a83
1b0a
1b64
1b91
1b91
1b63
1b07
1a7f
19cb
18ec
17e4
16b5
1560
13e7
124d
1095
0ec2
0cd7
0ad6
08c3
06a2
0476
0243
000c
fdd5
fba2
f976
f754
f540
f33e
f151
ef7c
edc3
ec28
eaad
e956
e825
e71b
e63a
e584
e4fa
e49d
e46e
e46c
e498
e4f1
e577
e628
e704
e80a
e937
ea89
ebff
ed97
ef4d
f11f
f30a
f509
f71b
f93c
fb68
fd9c
ffd4
020c
0440
066d
088f
0aa3
0ca5
0e92
1068
1223
13c0
153d
1697
17cb
18d8
19bc
1a75
1b02
1b62
1b94
1b98
1b6f
1b19
1a96
19e7
190d
180a
16df
158d
1418
1281
10cc
0efc
0d13
0b14
0903
06e4
04b9
0286
004f
fe17
fbe2
f9b4
f791
f57c
f379
f18b
efb5
edf9
ec5b
eadd
e982
e84d
e73f
e659
e59e
e50e
e4ab
e475
e46d
e492
e4e5
e565
e611
e6e7
e7e6
e90d
ea5a
ebcb
ed5d
ef0e
f0dc
f2c2
f4be
f6cc
f8ea
fb13
fd45
ff7c
01b4
03e9
0617
083b
0a51
0c57
0e49
1023
11e3
1385
1507
1666
17a0
18b2
199b
1a5a
1aed
1b53
1b8c
1b98
1b77
1b28
1aac
1a04
1931
1834
170e
15c2
1452
12c1
1112
0f47
0d62
0b66
0957
0738
050e
02dc
00a5
fe6d
fc37
fa08
f7e2
f5ca
f3c3
f1d0
eff4
ee32
ec8e
eb0a
e9a9
e86d
e758
e66c
e5aa
e514
e4aa
e46e
e460
e480
e4cd
e547
e5ee
e6c0
e7bc
e8e0
ea2a
eb97
ed26
eed4
f09f
f284
f47f
f68d
f8aa
fad3
fd05
ff3c
0175
03ab
05da
0800
0a19
0c22
0e17
0ff5
11b9
135f
14e5
1648
1786
189d
198c
1a50
1ae8
1b53
1b91
1ba2
1b85
1b3a
1ac2
1a1e
194f
1857
1737
15f1
1486
12f9
114d
0f84
0da1
0ba7
099a
077d
0554
0322
00ea
feb0
fc79
fa48
f820
f605
f3fb
f205
f026
ee61
ecb9
eb30
e9ca
e889
e76f
e67d
e5b5
e519
e4aa
e468
e454
e46e
e4b5
e52a
e5cb
e697
e78d
e8ac
e9f2
eb5c
ece8
ee94
f05c
f23e
f437
f643
f85f
fa88
fcba
fef2
012b
0363
0595
07be
09da
0be6
0dde
0fbf
1186
1330
14bb
1623
1767
1884
1979
1a44
1ae3
1b56
1b9b
1bb2
1b9b
1b56
1ae4
1a46
197d
188a
176e
162b
14c4
133a
1190
0fc9
0de9
0bf2
09e8
07ce
05a6
0375
013f
ff06
fccf
fa9d
f875
f65a
f44e
f255
f073
eeab
ed00
eb74
ea0a
e8c5
e7a6
e6af
e5e2
e541
e4cc
e484
e46a
e47e
e4bf
e52c
e5c6
e68c
e77c
e895
e9d5
eb39
ecc0
ee66
f029
f207
f3fc
f605
f81f
fa47
fc79
feb0
00e9
0320
0552
077b
0997
0ba4
0d9d
0f7f
1148
12f4
1481
15ec
1733
1853
194b
1a1a
1abe
1b36
1b81
1b9e
1b8d
1b4e
1ae2
1a4a
1986
1898
1781
1643
14df
1359
11b3
0ff0
0e13
0c1f
0a17
07fe
05d8
03a8
0172
ff39
fd02
fad1
f8a8
f68a
f47c
f281
f09d
eed2
ed24
eb95
ea28
e8df
e7bc
e6c1
e5ef
e548
e4ce
e481
e462
e471
e4ad
e516
e5ac
e66d
e758
e86c
e9a7
eb07
ec8a
ee2d
efed
f1c8
f3ba
f5c0
f7d8
f9fe
fc2e
fe64
009c
02d3
0506
0730
094f
0b5f
0d5b
0f41
110e
12bf
1451
15c2
170f
1836
1934
1a08
1ab1
1b2e
1b7e
1ba1
1b96
1b5e
1af8
1a65
19a6
18bc
17a9
1670
1512
1391
11f0
1031
0e57
0c65
0a5f
0847
0622
03f2
01bc
ff83
fd4a
fb16
f8ea
f6ca
f4b9
f2bb
f0d2
ef03
ed50
ebbc
ea49
e8fb
e7d3
e6d3
e5fd
e552
e4d3
e481
e45d
e466
e49d
e502
e593
e650
e738
e849
e981
eade
ec5e
edfe
efbc
f195
f386
f58b
f7a1
f9c5
fbf4
fe2a
0063
029b
04cf
06fa
091a
0b2b
0d2a
0f13
10e3
1296
142b
159f
16ee
1818
191a
19f2
1aa0
1b22
1b77
1b9e
1b97
1b62
1b00
1a71
19b7
18d2
17c5
1691
1538
13bb
121e
1063
0e8d
0c9e
0a9a
0885
0662
0435
0201
ffca
fd93
fb60
f934
f713
f502
f303
f119
ef48
ed93
ebfd
ea88
e936
e809
e704
e629
e578
e4f3
e49b
e470
e473
e4a3
e500
e589
e63e
e71e
e828
e95a
eab1
ec2b
edc6
ef7f
f153
f33f
f540
f753
f975
fba2
fdd6
000e
0246
047a
06a7
08c9
0adc
0cdd
0ec8
109b
1253
13ed
1566
16bb
17ea
18f2
19d1
1a85
1b0c
1b66
1b93
1b93
1b65
1b09
1a81
19cd
18ee
17e6
16b7
1562
13e9
124f
1097
0ec4
0cd9
0ad8
08c5
06a4
0478
0245
000e
fdd7
fba4
f978
f756
f542
f340
f153
ef7e
edc5
ec2a
eaaf
e958
e827
e71d
e63c
e586
e4fc
e49f
e46f
e46c
e497
e4ef
e574
e624
e700
e806
e933
ea85
ebfb
ed93
ef49
f11b
f306
f505
f717
f938
fb64
fd98
ffd0
0208
043c
0669
088b
0a9f
0ca1
0e8e
1064
121f
13bc
1539
1693
17c7
18d4
19b8
1a71
1afe
1b5e
1b90
1b94
1b6b
1b15
1a92
19e4
190b
1809
16df
158e
141a
1284
10cf
0eff
0d16
0b17
0906
06e7
04bc
0289
0052
fe1a
fbe5
f9b7
f794
f57f
f37b
f18c
efb5
edf8
ec59
eada
e97e
e848
e739
e652
e596
e505
e4a1
e46a
e461
e486
e4d9
e559
e605
e6db
e7da
e901
ea4e
ebbf
ed52
ef04
f0d3
f2ba
f4b7
f6c6
f8e5
fb0f
fd42
ff7a
01b3
03e9
0618
083d
0a54
0c5b
0e4d
1027
11e7
1389
150b
166a
17a4
18b6
199f
1a5e
1af1
1b57
1b90
1b9c
1b7b
1b2c
1ab0
1a08
1935
1838
1712
15c6
1456
12c5
1115
0f49
0d63
0b66
0956
0736
050b
02d8
00a0
fe67
fc30
fa00
f7da
f5c2
f3bb
f1c8
efec
ee2a
ec86
eb02
e9a1
e865
e750
e664
e5a2
e50c
e4a2
e466
e458
e478
e4c5
e53f
e5e6
e6b8
e7b4
e8d8
ea22
eb90
ed20
eecf
f09b
f281
f47d
f68c
f8aa
fad4
fd07
ff3f
0178
03ae
05dd
0803
0a1c
0c25
0e1a
0ff8
11bc
1362
14e8
164b
1789
18a0
198f
1a53
1aeb
1b56
1b94
1ba5
1b88
1b3d
1ac5
1a21
1952
185a
1739
15f2
1486
12f8
114b
0f81
0d9d
0ba3
0996
0779
0550
031e
00e6
feac
fc75
fa44
f81c
f601
f3f7
f201
f022
ee5d
ecb5
eb2c
e9c6
e885
e76b
e679
e5b1
e515
e4a6
e464
e450
e46a
e4b1
e526
e5c7
e693
e789
e8a8
e9ee
eb58
ece4
ee90
f058
f23a
f433
f63f
f85b
fa84
fcb6
feee
0127
035f
0591
07ba
09d6
0be2
0dda
0fbb
1182
132c
14b7
161f
1763
1880
1975
1a40
1adf
1b52
1b97
1baf
1b99
1b55
1ae4
1a47
197f
188c
1770
162d
14c6
133c
1192
0fcb
0deb
0bf4
09ea
07cf
05a6
0374
013d
ff04
fccd
fa9b
f873
f658
f44c
f253
f071
eea9
ecfe
eb72
ea08
e8c3
e7a4
e6ad
e5e0
e53f
e4ca
e482
e468
e47c
e4bd
e52a
e5c4
e68a
e77a
e893
e9d3
eb37
ecbe
ee64
f027
f205
f3fa
f603
f81d
fa45
fc77
feae
00e7
031e
0550
0779
0995
0ba2
0d9b
0f7d
1146
12f2
147f
15ea
1731
1851
1949
1a18
1abc
1b34
1b7f
1b9c
1b8b
1b4c
1ae0
1a48
1984
1896
177f
1641
14de
1359
11b4
0ff2
0e16
0c23
0a1c
0804
05df
03b0
017b
ff43
fd0c
fadb
f8b2
f694
f486
f28b
f0a7
eedc
ed2e
eb9f
ea32
e8e9
e7c6
e6cb
e5f9
e552
e4d8
e48b
e46c
e47b
e4b7
e520
e5b6
e677
e762
e876
e9b1
eb11
ec94
ee37
eff7
f1d2
f3c4
f5ca
f7e1
fa06
fc35
fe6a
00a1
02d7
0509
0732
0950
0b5f
0d5a
0f3f
110b
12bb
144c
15bc
1708
182e
192b
19ff
1aa8
1b25
1b75
1b98
1b8d
1b55
1af0
1a5e
19a0
18b7
17a5
166c
150e
138d
11ec
102d
0e53
0c61
0a5b
0843
061e
03ee
01b8
ff80
fd48
fb15
f8ea
f6cb
f4bb
f2bd
f0d4
ef05
ed52
ebbe
ea4b
e8fd
e7d5
e6d5
e5ff
e554
e4d5
e483
e45f
e468
e49f
e504
e595
e652
e73a
e84b
e983
eae0
ec60
ee00
efbe
f197
f388
f58d
f7a3
f9c7
fbf6
fe2c
0065
029d
04d1
06fc
091c
0b2d
0d2c
0f15
10e5
1298
142d
15a1
16f0
181a
191c
19f4
1aa2
1b24
1b79
1ba0
1b99
1b64
1b02
1a73
19b9
18d4
17c7
1693
153a
13bd
1220
1065
0e8f
0ca0
0a9c
0887
0664
0437
0203
ffcc
fd95
fb61
f934
f712
f500
f300
f115
ef43
ed8d
ebf6
ea80
e92d
e7ff
e6f9
e61d
e56b
e4e6
e48e
e463
e466
e496
e4f3
e57c
e631
e711
e81b
e94d
eaa5
ec20
edbc
ef76
f14b
f338
f53a
f74e
f971
fb9f
fdd4
000c
0244
0478
06a5
08c7
0ada
0cdb
0ec6
1099
1251
13eb
1564
16b9
17e8
18f0
19cf
1a83
1b0a
1b64
1b91
1b91
1b63
1b07
1a7f
19cb
18ec
17e4
16b5
1560
13e7
124d
1095
0ec2
0cd7
0ad6
08c3
06a2
0476
0243
000c
fdd5
fba2
f976
f754
f540
f33e
f151
ef7c
edc3
ec28
eaad
e956
e825
e71b
e63a
e584
e4fa
e49d
e46e
e46c
e498
e4f1
e577
e628
e704
e80a
e937
ea89
ebff
ed97
ef4d
f11f
f30a
f509
f71b
f93c
fb68
fd9c
ffd4
020c
0440
066d
088f
0aa3
0ca5
0e92
1068
1223
13c0
153d
1697
17cb
18d8
19bc
1a75
1b02
1b62
1b94
1b98
1b6f
1b19
1a96
19e7
190d
180a
16df
158d
1418
1281
10cc
0efc
0d13
0b14
0903
06e4
04b9
0286
004f
fe17
fbe2
f9b4
f791
f57c
f379
f18b
efb5
edf9
ec5b
eadd
e982
e84d
e73f
e659
e59e
e50e
e4ab
e475
e46d
e492
e4e5
e565
e611
e6e7
e7e6
e90d
ea5a
ebcb
ed5d
ef0e
f0dc
f2c2
f4be
f6cc
f8ea
fb13
fd45
ff7c
01b4
03e9
0617
083b
0a51
0c57
0e49
1023
11e3
1385
1507
1666
17a0
18b2
199b
1a5a
1aed
1b53
1b8c
1b98
1b77
1b28
1aac
1a04
1931
1834
170e
15c2
1452
12c1
1112
0f47
0d62
0b66
0957
0738
050e
02dc
00a5
fe6d
fc37
fa08
f7e2
f5ca
f3c3
f1d0
eff4
ee32
ec8e
eb0a
e9a9
e86d
e758
e66c
e5aa
e514
e4aa
e46e
e460
e480
e4cd
e547
e5ee
e6c0
e7bc
e8e0
ea2a
eb97
ed26
eed4
f09f
f284
f47f
f68d
f8aa
fad3
fd05
ff3c
0175
03ab
05da
0800
0a19
0c22
0e17
0ff5
11b9
135f
14e5
1648
1786
189d
198c
1a50
1ae8
1b53
1b91
1ba2
1b85
1b3a
1ac2
1a1e
194f
1857
1737
15f1
1486
12f9
114d
0f84
0da1
0ba7
099a
077d
0554
0322
00ea
feb0
fc79
fa48
f820
f605
f3fb
f205
f026
ee61
ecb9
eb30
e9ca
e889
e76f
e67d
e5b5
e519
e4aa
e468
e454
e46e
e4b5
e52a
e5cb
e697
e78d
e8ac
e9f2
eb5c
ece8
ee94
f05c
f23e
f437
f643
f85f
fa88
fcba
fef2
012b
0363
0595
07be
09da
0be6
0dde
0fbf
1186
1330
14bb
1623
1767
1884
1979
1a44
1ae3
1b56
1b9b
1bb2
1b9b
1b56
1ae4
1a46
197d
188a
176e
162b
14c4
133a
1190
0fc9
0de9
0bf2
09e8
07ce
05a6
0375
013f
ff06
fccf
fa9d
f875
f65a
f44e
f255
f073
eeab
ed00
eb74
ea0a
e8c5
e7a6
e6af
e5e2
e541
e4cc
e484
e46a
e47e
e4bf
e52c
e5c6
e68c
e77c
e895
e9d5
eb39
ecc0
ee66
f029
f207
f3fc
f605
f81f
fa47
fc79
feb0
00e9
0320
0552
077b
0997
0ba4
0d9d
0f7f
1148
12f4
1481
15ec
1733
1853
194b
1a1a
1abe
1b36
1b81
1b9e
1b8d
1b4e
1ae2
1a4a
1986
1898
1781
1643
14df
1359
11b3
0ff0
0e13
0c1f
0a17
07fe
05d8
03a8
0172
ff39
fd02
fad1
f8a8
f68a
f47c
f281
f09d
eed2
ed24
eb95
ea28
e8df
e7bc
e6c1
e5ef
e548
e4ce
e481
e462
e471
e4ad
e516
e5ac
e66d
e758
e86c
e9a7
eb07
ec8a
ee2d
efed
f1c8
f3ba
f5c0
f7d8
f9fe
fc2e
fe64
009c
02d3
0506
0730
094f
0b5f
0d5b
0f41
110e
12bf
1451
15c2
170f
1836
1934
1a08
1ab1
1b2e
1bb6
1c5c
1c7d
1b81
196e
1696
135f
101f
0d0d
0a45
07cd
059f
03b0
01f5
0066
fefc
fdb5
fc90
fb8d
faaa
f9e8
f945
f8bf
f854
f803
f7c9
f7a4
f793
f794
f7a5
f7c4
f7f0
f827
f867
f8af
f8fe
f952
f9aa
fa05
fa62
fac0
fb1f
fb7e
fbdc
fc38
fc92
fcea
fd3f
fd91
fddf
fe29
fe6f
feb1
feef
ff29
ff5f
ff91
ffbf
ffe9
000f
0031
004f
0069
0080
0094
00a5
00b3
00be
00c6
00cc
00d0
00d2
00d2
00d0
00cd
00c9
00c4
00be
00b7
00af
00a7
009f
0097
008f
0087
007f
0077
006f
0067
005f
0057
004f
0047
003f
0037
002f
0027
0020
0019
0013
000d
0008
0003
fffe
fffa
fff6
fff2
ffef
ffec
ffe9
ffe6
ffe3
ffe1
ffdf
ffdd
ffdb
ffd9
ffd7
ffd6
ffd5
ffd4
ffd3
ffd2
ffd1
ffd0
ffcf
ffce
ffcd
ffcc
ffcb
ffca
ffca
ffca
ffca
ffca
ffca
ffca
ffca
ffca
ffca
ffca
ffca
ffca
ffca
ffca
ffca
ffca
ffca
ffca
ffca
ffca
ffca
ffca
ffca
ffca
ffca
ffca
ffca
ffca
ffca
ffca
ffca
ffca
ffca
ffca
ffca
ffca
ffca
ffca
ffca
ffca
ffca
ffca
ffca
ffca
ffca
ffca
ffca
ffca
ffca
ffca
ffca
ffca
ffca
ffca
ffca
ffca
ffca
ffca
ffca
ffca
ffca
ffca
ffca
ffca
ffca
ffca
ffca
ffca
ffca
ffca
0049
024f
063b
0b5f
10a4
14fc
17a0
1823
166b
129f
0d13
0634
fe7a
f662
ee67
e6fd
e08e
db75
d7fd
d65a
d6a9
d8ee
dd12
e2e6
ea24
f273
fb6a
0497
0d87
15c9
1cf2
22a7
26a0
28aa
28ad
26ab
22bf
1d1f
1615
0dff
0548
fc63
f3c5
ebe0
e51c
dfd1
dc44
daa3
db03
dd5e
e194
e76d
ee9b
f6bf
ff6c
082e
1090
1822
1e81
2357
2663
277c
2693
23b3
1f02
18bc
1133
08ca
ffef
f717
eeb6
e73a
e104
dc67
d99e
d8cf
da03
dd2b
e21d
e897
f044
f8be
0195
0a55
128b
19ca
1fb3
23f8
2660
26cb
2534
21b0
1c6d
15b1
0dd6
0543
fc68
f3bb
ebae
e4ac
df11
db27
d923
d91f
db1a
defa
e48d
eb89
f393
fc40
051e
0db8
159d
1c64
21b4
2547
26ee
2693
243c
2006
1a29
12f3
0ac3
0205
f92c
f0ad
e8f7
e271
dd71
da38
d8f1
d9ad
dc62
e0ed
e712
ee80
f6d5
ffa2
0874
10d6
185a
1e9d
234d
262b
2712
25f5
22e3
1e05
179b
0ffa
0787
feb1
f5ec
edac
e65e
e062
dc07
d986
d901
da7f
ddec
e31b
e9c7
f198
fa27
0303
0bb8
13d3
1ae8
209a
249f
26c1
26e4
2505
213f
1bc3
14d9
0cdc
0436
fb59
f2ba
eaca
e3f2
de8c
dadf
d91c
d95a
db96
dfb3
e57a
ec9f
f4c4
fd7d
0657
0ede
16a1
1d3a
2252
25a5
2708
2668
23ce
1f5c
194c
11ef
09a5
00dc
f808
ef9e
e80c
e1b6
dcf0
d9f8
d8f7
d9f9
dcf1
e1b8
e80f
efa2
f80d
00e1
09ab
11f6
1955
1f65
23d7
2671
2711
25af
225d
1d46
16ad
0eea
0663
fd88
f4ce
eca8
e581
dfb8
db9a
d95c
d91c
dade
de8b
e3f1
eaca
f2bb
fb5b
0438
0cde
14da
1bc3
213e
2502
26df
26bb
2498
2093
1ae0
13ca
0baf
02fa
fa1d
f18e
e9bd
e311
dde2
da75
d8f7
d97c
dbfc
e057
e653
eda1
f5e0
fea4
0779
0feb
178b
1df3
22cf
25e0
26fc
2615
2337
1e88
1846
10c3
0862
ff91
f6c4
ee70
e703
e0df
dc55
d9a1
d8e6
da2e
dd68
e26a
e8f2
f0a9
f92a
0205
0ac5
12f7
1a2e
200b
2441
2699
26f3
254c
21b9
1c69
15a2
0dbe
0524
fc46
f399
eb90
e494
df02
db23
d92b
d934
db3c
df29
e4c7
ebcd
f3dd
fc8d
056a
0e00
15de
1c9c
21e0
2565
26fd
2693
242c
1fe8
1a00
12c1
0a8a
01c8
f8ef
f074
e8c6
e24a
dd56
da2b
d8f2
d9bc
dc80
e118
e748
eebe
f717
ffe6
08b6
1113
1890
1ec9
236c
263c
2714
25e8
22c8
1dde
176a
0fc2
074b
fe74
f5b2
ed78
e633
e043
dbf6
d985
d910
da9d
de17
e351
ea05
f1dc
fa6f
034b
0bfc
140f
1b1a
20bf
24b5
26c7
26da
24ed
2119
1b90
149b
0c96
03eb
fb0c
f26e
ea83
e3b3
de58
dab9
d905
d952
db9d
dfc7
e599
ecc7
f4f2
fdae
0688
0f0b
16c7
1d56
2262
25a8
26fc
264e
23a5
1f25
1909
11a2
0953
0089
f7b8
ef53
e7c9
e17e
dcc5
d9dc
d8ea
d9fb
dd01
e1d4
e836
efd1
f840
0115
09dc
1221
1976
1f7b
23e0
266c
26fd
258b
222a
1d06
1663
0e99
060e
fd33
f47d
ec5f
e544
df89
db7a
d94c
d91d
daef
deaa
e41d
eb00
f2f8
fb9c
047a
0d1d
1513
1bf3
2163
251b
26ea
26b7
2485
2072
1ab3
1395
0b75
02be
f9e3
f159
e990
e2ef
ddce
da70
d902
d996
dc25
e08e
e696
edee
f635
fefd
07d2
1040
17d9
1e38
2309
260d
271b
2626
233a
1e7e
1831
10a5
083e
ff6b
f6a0
ee52
e6ee
e0d5
dc57
d9b0
d903
da59
dda0
e2ad
e93d
f0f9
f97c
0256
0b11
133b
1a68
2039
2461
26a9
26f4
253d
219b
1c3d
156b
0d7f
04e1
fc03
f359
eb56
e463
dedc
db0a
d920
d937
db4d
df47
e4f0
ebfd
f412
fcc4
05a0
0e32
1609
1cbd
21f6
256f
26f9
2681
240d
1fbd
19ca
1283
0a48
0185
f8ad
f036
e890
e21f
dd37
da19
d8ef
d9c8
dc99
e13d
e776
eef3
f750
0020
08ed
1144
18b7
1ee5
237b
263d
2705
25ca
229d
1da8
172c
0f7d
0702
fe2a
f56a
ed35
e5f9
e014
dbd4
d970
d909
daa5
de2e
e375
ea35
f214
faab
0389
0c39
1448
1b4c
20e8
24d2
26d7
26dc
24e1
2100
1b6c
146f
0c65
03b8
fadb
f242
ea5f
e39a
de4c
daba
d914
d96f
dbc7
dffd
e5da
ed10
f541
fe00
06d9
0f58
170d
1d92
2290
25c7
270b
264c
2394
1f07
18e1
1173
091f
0053
f782
ef21
e79e
e15d
dcb0
d9d4
d8f0
da0f
dd22
e200
e869
f009
f87c
0152
0a16
1255
19a2
1f9d
23f6
2675
26f8
2579
220b
1cdc
1630
0e5f
05d0
fcf4
f440
ec27
e513
df62
db5f
d93f
d91e
dafd
dec4
e441
eb2c
f329
fbcf
04ac
0d4a
1538
1c0e
2172
251d
26de
269e
2460
2041
1a77
134f
0b28
026d
f992
f10c
e94a
e2b3
dd9e
da4e
d8ef
d993
dc31
e0a7
e6ba
ee1a
f666
ff30
0805
1070
1801
1e56
231b
2611
2711
260e
2315
1e4e
17f7
1064
07f8
ff23
f65a
ee11
e6b5
e0a6
dc35
d99c
d8fd
da61
ddb5
e2ce
e968
f12c
f9b4
028f
0b49
136d
1a91
2057
2472
26ac
26e8
2523
2175
1c0d
1533
0d42
04a2
fbc5
f320
eb25
e43e
dec5
db02
d927
d94d
db72
df7a
e52f
ec47
f463
fd19
05f6
0e84
1654
1cfe
222b
2596
2712
268b
2409
1fad
19b0
1261
0a20
015b
f885
f012
e872
e20a
dd2f
da20
d905
d9ed
dccc
e17c
e7c0
ef45
f7a7
0078
0944
1197
1903
1f26
23af
2662
271c
25d3
2298
1d95
170c
0f54
06d3
fdf9
f53a
ed09
e5d4
dff9
dbc4
d96d
d914
dabd
de51
e3a1
ea68
f24c
fae5
03c2
0c6d
1474
1b6e
20fe
24db
26d2
26c9
24c0
20d2
1b33
142e
0c1f
0370
fa93
f1fd
ea20
e364
de21
da9d
d907
d973
dbdc
e021
e60a
ed4a
f581
fe43
071c
0f97
1744
1dbe
22b0
25d9
270f
2642
237d
1ee4
18b3
113d
08e4
0015
f745
eee8
e76c
e135
dc94
d9c6
d8f0
da1d
dd3e
e229
e89e
f048
f8c1
0199
0a5c
1296
19da
1fc9
2415
2685
26f9
256b
21ef
1cb3
15fd
0e24
0591
fcb5
f405
ebf3
e4e9
df43
db4d
d93b
d929
db17
deec
e476
eb6b
f370
fc1b
04fa
0d97
1581
1c50
21aa
2548
26fa
26aa
245c
202f
1a5a
132a
0afd
0240
f965
f0e2
e926
e297
dd8c
da48
d8f6
d9a6
dc4f
e0cf
e6eb
ee52
f6a2
ff6d
083f
10a5
182f
1e7a
2332
261a
270b
25f8
22f0
1e1b
17b9
101e
07ae
fed9
f613
edcf
e67b
e078
dc14
d989
d8f9
da6c
ddce
e2f3
e997
f163
f9f0
02cc
0b83
13a1
1abc
2077
2486
26b3
26e1
250d
2150
1bdc
14f8
0cff
045b
fb7e
f2db
eae5
e406
de98
dae2
d916
d94b
db7e
df92
e551
ec70
f490
fd47
0621
0eaa
1672
1d11
2231
258e
26fb
2665
23d5
1f6c
1964
120d
09c7
0100
f82c
efbf
e828
e1cb
dcfc
d9fa
d8ee
d9e5
dcd3
e191
e7e0
ef6d
f7d5
00a9
0974
11c2
1926
1f3e
23ba
2660
270c
25b5
226d
1d5f
16ce
0f10
068b
fdb0
f4f4
ecca
e59d
dfcd
dba6
d95f
d916
dace
de71
e3cf
eaa1
f28e
fb2c
040a
0cb3
14b5
1ba6
212b
24fb
26e4
26cc
24b4
20b9
1b0f
1400
0bea
0337
fa5a
f1c7
e9f0
e33c
de04
da8c
d902
d97b
dbf0
e041
e635
ed7d
f5b8
fe7b
0752
0fc8
176e
1ddf
22c6
25e2
270a
262f
235c
1eb7
187d
10ff
08a1
ffd0
f702
eeaa
e737
e10b
dc78
d9b9
d8f2
da2e
dd5c
e253
e8d1
f080
f8fb
01d3
0a93
12c7
1a03
1fe8
2428
268a
26ef
2552
21c8
1c81
15c2
0de4
054e
fc71
f3c2
ebb4
e4b2
df18
db31
d92f
d92d
db2a
df0d
e4a2
eba0
f3ab
fc59
0537
0dd0
15b3
1c77
21c4
2554
26f7
2699
243e
2005
1a25
12ec
0ab9
01f9
f91f
f09f
e8ea
e265
dd67
da31
d8ee
d9ae
dc68
e0f7
e71f
ee8f
f6e5
ffb2
0883
10e4
1866
1ea7
2353
262d
2710
25f0
22dc
1dfc
1791
0fef
077c
fea7
f5e3
eda4
e658
e05f
dc08
d98c
d90b
da8c
ddfc
e32e
e9dc
f1af
fa3f
031b
0bcf
13e7
1af9
20a8
24a9
26c7
26e6
2504
213a
1bba
14cd
0cce
0426
fb47
f2a7
eab7
e3e0
de7c
dad1
d911
d952
db91
dfb1
e57b
eca3
f4ca
fd85
0660
0ee6
16a7
1d3d
2251
25a0
26fe
265a
23bb
1f44
1930
11d0
0984
00ba
f7e6
ef7c
e7eb
e197
dcd3
d9de
d8e0
d9e6
dce2
e1ac
e805
ef9a
f806
00da
09a3
11ec
1948
1f56
23c7
265f
26fc
2597
2241
1d27
168b
0ec6
063d
fd61
f4a8
ec84
e561
df9d
db84
d94c
d912
dad9
de8a
e3f4
ead0
f2c3
fb65
0443
0ce8
14e2
1bc9
2142
2504
26dd
26b5
248e
2085
1acf
13b8
0b9d
02e9
fa0e
f181
e9b3
e30b
dde1
da79
d900
d989
dc0e
e06d
e66d
edbf
f602
fec9
07a0
1013
17b2
1e19
22f3
2600
2718
262d
234b
1e98
1851
10ca
0866
ff94
f6c7
ee74
e708
e0e6
dc5f
d9ad
d8f4
da3e
dd7b
e27f
e908
f0c0
f941
021b
0ad9
1308
1a3c
2016
2449
269e
26f6
254c
21b6
1c64
159c
0db7
051e
fc41
f396
eb8f
e497
df09
db2e
d939
d944
db4e
df3d
e4dc
ebe2
f3f2
fca1
057d
0e11
15ec
1ca6
21e6
2568
26fd
2690
2426
1fdf
19f3
12b1
0a79
01b7
f8df
f066
e8ba
e240
dd4e
da26
d8f1
d9bf
dc85
e11f
e750
eec7
f7a8
01a1
0a91
1089
134e
138e
1242
104a
0e41
0c79
0b0c
09f0
090e
084b
0795
06e1
062c
0575
04c0
0410
0368
02ca
0238
01b1
0135
00c3
005b
fffd
ffa8
ff5c
ff19
fede
feab
fe80
fe5c
fe3f
fe28
fe17
fe0b
fe04
fe01
fe02
fe07
fe0f
fe1a
fe28
fe38
fe4a
fe5d
fe71
fe86
fe9c
feb2
fec8
fede
fef4
ff0a
ff20
ff35
ff49
ff5c
ff6e
ff7f
ff8f
ff9e
ffac
ffb9
ffc5
ffd0
ffda
ffe3
ffeb
fff2
fff8
fffd
0002
0006
000a
000e
0011
0014
0017
001a
001d
001f
0021
0023
0025
0027
0029
002a
002b
002c
002d
002e
002f
0030
0031
0032
0033
0034
0035
0036
0036
0036
0036
0036
0036
0036
0036
0036
0036
0036
0036
0036
0036
0036
0036
0036
0036
0036
0036
0036
0036
0036
0036
0036
0036
0036
0036
0036
0036
0036
0036
0036
0036
0036
0036
0036
0036
0036
0036
0036
0036
0036
0036
0036
0036
0036
0036
0036
0036
0036
0036
0036
0036
0036
0036
0036
0036
0036
0036
0036
0036
0036
0036
0036
0036
0036
0036
0036
0036
0036
0036
0036
0036
0036
0036
0036
0036
0036
0036
0036
0036
0036
0036
0036
0036
0036
0036
0036
0036
0036
0036
0036
0036
0036
0036
0036
0036
0036
0186
066f
0e3f
1492
14ad
0c6f
fda9
ed7e
e232
e074
e94e
f992
0b0f
1704
18d1
0fda
ffc8
ef1a
e48c
e467
eecd
ffa9
1050
1a2b
195a
0e40
fd5c
ed7b
e502
e75f
f3a9
04fe
1476
1be8
185f
0b49
f9e6
eb2c
e500
e9dc
f7cf
0945
1743
1c30
1612
075a
f5e9
e8b6
e506
ec50
fba7
0ce6
1924
1b7a
12f5
02fb
f1ed
e69a
e586
ef1d
ff88
1033
1a72
1a29
0f73
fe98
ee53
e524
e6b5
f265
0387
133f
1b44
1860
0bbb
fa62
eb44
e46d
e898
f61b
078e
15f6
1b91
1620
07d1
f65c
e8bd
e466
eb13
fa19
0b76
1839
1b47
1368
03c1
f295
e6c2
e503
ee0a
fe3c
0f1f
19f2
1a62
1042
ff9e
ef1e
e55b
e63c
f168
0267
126d
1b12
18e2
0cbd
fb7e
ec0c
e494
e812
f522
068b
1556
1b9a
16d5
08ef
f777
e969
e464
ea6a
f911
0a7e
17b9
1b77
143a
04e6
f39c
e746
e4d2
ed3c
fd26
0e33
1992
1ab7
112d
00c4
f00d
e5b7
e5e5
f084
0155
11a0
1ae1
1964
0dc3
fca4
ece0
e4c5
e790
f424
0579
14a0
1b8b
1775
0a00
f88e
ea19
e469
e9c4
f806
097c
172a
1b97
14fe
0602
f4a1
e7cd
e4a8
ec73
fc0f
0d3f
1923
1afa
1207
01df
f0f7
e612
e58b
ef98
0034
10ba
1a8f
19c5
0eac
fdb4
eda5
e4ec
e706
f31c
0458
13d6
1b64
17fd
0afd
f997
eac0
e468
e918
f6f0
0868
1684
1ba0
15b1
0717
f5a9
e85f
e489
ebb1
fafa
0c47
18ad
1b37
12e1
0300
f1ee
e67e
e543
eebb
ff1c
0fda
1a43
1a2d
0fa1
fed6
ee84
e532
e69a
f22c
0347
1314
1b42
188c
0c07
fab4
eb81
e481
e881
f5e7
0758
15da
1b9f
1659
0824
f6ad
e8f0
e46c
eaef
f9de
0b40
1821
1b5b
13a4
0411
f2dc
e6e7
e4fa
edda
fdfa
0ee8
19df
1a7d
1083
ffef
ef62
e57b
e630
f139
022d
1244
1b10
190c
0d07
fbcf
ec46
e4a4
e7f5
f4e6
064a
152d
1b9b
1701
0936
f7bf
e996
e464
ea3d
f8ca
0a39
1791
1b7b
1466
0527
f3d7
e761
e4c1
ed03
fcda
0df0
1970
1ac1
115c
0102
f03d
e5c2
e5c2
f03d
0102
115c
1ac1
1970
0def
fcd9
ed02
e4c0
e760
f3d5
0525
1464
1b79
178f
0a38
f8c9
ea3c
e462
e993
f7bb
0932
16fc
1b95
1527
0644
f4e0
e7ef
e49e
ec40
fbc8
0d00
1905
1b09
123d
0226
f133
e62b
e578
ef62
fff2
1089
1a84
19e7
0ef0
fe02
ede2
e503
e6f1
f2e6
041a
13ac
1b63
1829
0b48
f9e6
eaf7
e474
e8f8
f6b4
082a
165f
1ba4
15de
075c
f5ec
e886
e486
eb86
fab9
0c0c
1891
1b47
1318
034a
f22f
e69e
e536
ee88
fed9
0fa3
1a2f
1a45
0fdd
ff1f
eebd
e545
e67f
f1ee
0300
12e1
1b37
18ad
0c47
fafa
ebb0
e486
e859
f5a2
0711
15ac
1b9d
1683
0869
f6f2
e91a
e46b
eac4
f99b
0b01
1801
1b67
13d8
0459
f31c
e705
e4e9
eda0
fdae
0ea6
19bf
1a89
10b3
002c
ef8f
e581
e607
f0ec
01d4
11fc
1aef
1919
0d35
fc05
ec69
e49e
e7c2
f495
05f5
14ef
1b86
1717
0968
f7f2
e9b0
e456
ea07
f87d
09f0
1766
1b7e
1494
056d
f418
e784
e4b9
ecd5
fc9a
0dba
195c
1ada
119b
0152
f082
e5e4
e5b7
f00e
00c6
1130
1abc
1999
0e3b
fd2e
eedf
ea4b
ee29
f547
fc36
0147
041a
050f
04cf
03fb
030b
0240
01b3
0161
0139
0128
0120
0117
0109
00f5
00dc
00c1
00a5
008b
0073
005e
004a
0038
0027
0017
0008
fffa
ffed
ffe1
ffd6
ffcc
ffc3
ffbb
ffb4
ffae
ffa9
ffa5
ffa2
ffa0
ff9f
ff9f
ffa0
ffa2
ffa4
ffa6
ffa8
ffaa
ffac
ffae
ffb0
ffb2
ffb4
ffb6
ffb8
ffba
ffbc
ffbe
ffc0
ffc2
ffc4
ffc6
ffc8
ffca
ffcc
ffce
ffd0
ffd2
ffd4
ffd6
ffd8
ffda
ffdc
ffde
ffe0
ffe2
ffe4
ffe6
ffe8
ffea
ffec
ffee
fff0
fff2
fff4
fff6
fff8
fffa
fffc
fffe
0000
0002
0004
0006
0008
000a
000c
000e
0010
0012
0014
0016
0018
001a
001c
001e
0020
0022
0024
0026
0028
002a
002b
002c
002d
002e
002f
0030
0031
0032
0033
0034
0035
0036
0036
0036
0036
0036
0036
0036
0036
0036
0036
0036
0036
0036
0036
0036
0036
0036
0036
0036
0036
0036
0036
0036
0036
0036
0036
0036
0036
0036
0036
0036
0036
0036
0036
0036
0036
0036
0036
0036
0036
0036
0036
0036
0036
0036
0036
0036
0036
0036
0036
0036
0036
0036
0036
0036
0036
0036
0036
0036
0036
0036
0036
0036
0036
0036
0036
0036
0036
0036
0036
0036
0036
0036
0036
0250
07fe
0b1a
0523
fb2a
f832
fe21
032c
ffbc
f907
f93d
00a3
0511
0085
f9ca
fabc
021d
0567
fff7
f9bc
fbca
0349
058c
ff6d
f9d5
fce8
044d
0570
febd
f9e7
fdf0
0514
0515
fdf9
fa03
feeb
05a4
0483
fd29
fa2c
ffda
0605
03cb
fc5f
fa6f
00c2
063b
02f7
fba6
face
01a3
064c
0210
fb04
fb4a
027a
0639
0120
fa84
fbe6
0346
0603
0029
fa22
fc99
03ff
05ab
ff32
f9e3
fd60
04a1
0533
fe41
f9c9
fe38
052b
04a1
fd60
f9da
ff21
059c
03f7
fc90
fa10
0012
05f2
033d
fbdb
fa6f
0107
0627
0270
fb3e
faef
01f7
0639
0196
fabd
fb8c
02db
0627
00b3
fa5a
fc41
03ac
05ee
ffc8
fa14
fd08
0463
058e
fed9
f9eb
fddb
04fc
0508
fdeb
f9e0
feb7
0576
0466
fd0d
f9fd
ff9d
05d2
03aa
fc3d
fa3a
0084
060b
02d9
fb86
fa9c
016b
0625
01fc
faed
fb22
024f
061f
0115
fa71
fbc2
0322
05f3
0026
fa15
fc7b
03e3
05a3
ff35
f9da
fd47
048d
0534
fe4b
f9c5
fe25
051f
04a8
fd6c
f9d6
ff11
0596
0404
fc9f
fa0d
0002
05eb
0346
fbe2
fa63
00f1
061d
0276
fb3f
fadc
01dd
062f
019b
faba
fb75
02c0
061c
00b4
fa52
fc27
0391
05e5
ffca
fa0a
fced
044c
058a
fede
f9e3
fdc5
04ee
0510
fdfc
f9e4
feaf
0578
047c
fd26
fa06
ff9b
05db
03c6
fc5a
fa46
0086
061a
02f9
fba3
faa6
016d
0635
021a
fb03
fb23
024a
062b
0130
fa85
fbc4
0322
0604
0043
fa27
fc7a
03e3
05b6
ff51
f9e8
fd44
048e
0548
fe66
f9d1
fe21
0521
