0000
0050
00a1
00f1
0142
0192
01e2
0233
0283
02d3
0323
0374
03c4
0414
0464
04b3
0503
0553
05a3
05f2
0642
0691
06e0
072f
077e
07cd
081c
086a
08b9
0907
0955
09a3
09f1
0a3f
0a8c
0ada
0b27
0b74
0bc1
0c0d
0c5a
0ca6
0cf2
0d3e
0d89
0dd5
0e20
0e6b
0eb5
0f00
0f4a
0f94
0fdd
1027
1070
10b9
1101
1149
1191
11d9
1220
1267
12ae
12f5
133b
1381
13c6
140b
1450
1495
14d9
151d
1560
15a3
15e6
1629
166b
16ac
16ee
172f
176f
17af
17ef
182e
186d
18ac
18ea
1928
1965
19a2
19df
1a1b
1a56
1a91
1acc
1b06
1b40
1b7a
1bb3
1beb
1c23
1c5b
1c92
1cc8
1cfe
1d34
1d69
1d9e
1dd2
1e06
1e39
1e6c
1e9e
1ed0
1f01
1f32
1f62
1f91
1fc0
1fef
201d
204b
2078
20a4
20d0
20fb
2126
2150
217a
21a3
21cc
21f4
221b
2242
2269
228e
22b4
22d8
22fc
2320
2343
2365
2387
23a8
23c8
23e8
2408
2427
2445
2462
247f
249c
24b7
24d3
24ed
2507
2520
2539
2551
2569
257f
2596
25ab
25c0
25d5
25e8
25fb
260e
2620
2631
2642
2651
2661
266f
267d
268b
2698
26a4
26af
26ba
26c4
26ce
26d7
26df
26e7
26ee
26f4
26fa
26ff
2703
2707
270a
270c
270e
270f
2710
2710
270f
270e
270c
2709
2706
2702
26fd
26f8
26f2
26eb
26e4
26dc
26d3
26ca
26c1
26b6
26ab
269f
2693
2686
2678
266a
265b
264c
263b
262b
2619
2607
25f4
25e1
25cd
25b8
25a3
258d
2577
2560
2548
2530
2517
24fd
24e3
24c8
24ad
2491
2474
2457
243a
241b
23fc
23dd
23bc
239c
237a
2358
2336
2313
22ef
22cb
22a6
2280
225a
2234
220d
21e5
21bd
2194
216b
2141
2116
20eb
20c0
2093
2067
203a
200c
1fde
1faf
1f7f
1f50
1f1f
1eee
1ebd
1e8b
1e59
1e26
1df3
1dbf
1d8a
1d55
1d20
1cea
1cb4
1c7d
1c46
1c0e
1bd6
1b9d
1b64
1b2b
1af1
1ab6
1a7b
1a40
1a04
19c8
198b
194e
1911
18d3
1895
1856
1817
17d7
1797
1757
1716
16d5
1694
1652
1610
15cd
158a
1547
1503
14c0
147b
1437
13f2
13ac
1367
1321
12da
1294
124d
1206
11be
1176
112e
10e6
109d
1054
100b
0fc2
0f78
0f2e
0ee4
0e99
0e4f
0e04
0db8
0d6d
0d21
0cd6
0c89
0c3d
0bf1
0ba4
0b57
0b0a
0abd
0a6f
0a22
09d4
0986
0938
08ea
089c
084d
07fe
07b0
0761
0712
06c2
0673
0624
05d4
0585
0535
04e5
0496
0446
03f6
03a6
0355
0305
02b5
0265
0215
01c4
0174
0123
00d3
0083
0032
ffe2
ff91
ff41
fef1
fea0
fe50
fe00
fdaf
fd5f
fd0f
fcbf
fc6e
fc1e
fbce
fb7e
fb2f
fadf
fa8f
fa40
f9f0
f9a1
f951
f902
f8b3
f864
f815
f7c7
f778
f72a
f6db
f68d
f63f
f5f2
f5a4
f556
f509
f4bc
f46f
f422
f3d6
f38a
f33d
f2f2
f2a6
f25a
f20f
f1c4
f179
f12f
f0e5
f09b
f051
f007
efbe
ef75
ef2c
eee4
ee9c
ee54
ee0c
edc5
ed7e
ed37
ecf1
ecab
ec65
ec20
ebdb
eb96
eb52
eb0d
eaca
ea86
ea43
ea01
e9be
e97d
e93b
e8fa
e8b9
e879
e839
e7f9
e7ba
e77b
e73d
e6ff
e6c1
e684
e647
e60b
e5cf
e594
e559
e51e
e4e4
e4aa
e471
e438
e400
e3c8
e391
e35a
e323
e2ed
e2b8
e283
e24e
e21a
e1e7
e1b4
e181
e14f
e11e
e0ed
e0bc
e08c
e05d
e02e
e000
dfd2
dfa5
df78
df4b
df20
def5
deca
dea0
de76
de4d
de25
ddfd
ddd6
ddaf
dd89
dd64
dd3f
dd1a
dcf6
dcd3
dcb0
dc8e
dc6d
dc4c
dc2b
dc0c
dbed
dbce
dbb0
db93
db76
db5a
db3e
db23
db09
daef
dad6
dabe
daa6
da8f
da78
da62
da4d
da38
da24
da10
d9fe
d9eb
d9da
d9c9
d9b8
d9a9
d99a
d98b
d97d
d970
d964
d958
d94d
d942
d938
d92f
d926
d91e
d917
d910
d90a
d904
d900
d8fb
d8f8
d8f5
d8f3
d8f1
d8f0
d8f0
d8f0
d8f1
d8f3
d8f5
d8f8
d8fc
d900
d905
d90b
d911
d918
d91f
d927
d930
d939
d943
d94e
d959
d965
d972
d97f
d98d
d99c
d9ab
d9ba
d9cb
d9dc
d9ee
da00
da13
da26
da3b
da4f
da65
da7b
da92
daa9
dac1
dad9
daf3
db0c
db27
db42
db5d
db7a
db96
dbb4
dbd2
dbf0
dc10
dc2f
dc50
dc71
dc92
dcb5
dcd7
dcfb
dd1f
dd43
dd68
dd8e
ddb4
dddb
de02
de2a
de53
de7c
dea5
decf
defa
df25
df51
df7d
dfaa
dfd8
e005
e034
e063
e092
e0c2
e0f3
e124
e156
e188
e1ba
e1ed
e221
e255
e289
e2bf
e2f4
e32a
e361
e398
e3cf
e407
e43f
e478
e4b1
e4eb
e525
e560
e59b
e5d6
e612
e64f
e68c
e6c9
e706
e744
e783
e7c2
e801
e841
e881
e8c1
e902
e943
e985
e9c7
ea09
ea4c
ea8f
ead2
eb16
eb5a
eb9f
ebe3
ec28
ec6e
ecb4
ecfa
ed40
ed87
edce
ee15
ee5d
eea5
eeed
ef35
ef7e
efc7
f010
f05a
f0a4
f0ee
f138
f183
f1ce
f219
f264
f2af
f2fb
f347
f393
f3df
f42c
f479
f4c6
f513
f560
f5ae
f5fb
f649
f697
f6e5
f733
f782
f7d0
f81f
f86e
f8bd
f90c
f95b
f9ab
f9fa
fa4a
fa99
fae9
fb39
fb88
fbd8
fc28
fc78
fcc9
fd19
fd69
fdb9
fe0a
fe5a
feaa
fefb
ff4b
ff9b
ffec
003c
008d
00dd
012e
017e
01ce
021f
026f
02bf
030f
035f
03b0
0400
0450
049f
04ef
053f
058f
05de
062e
067d
06cc
071b
076a
07b9
0808
0857
08a5
08f4
0942
0990
09de
0a2c
0a79
0ac7
0b14
0b61
0bae
0bfa
0c47
0c93
0cdf
0d2b
0d76
0dc2
0e0d
0e58
0ea3
0eed
0f37
0f81
0fcb
1014
105d
10a6
10ef
1137
117f
11c7
120f
1256
129d
12e3
1329
136f
13b5
13fa
143f
1484
14c8
150c
1550
1593
15d6
1618
165a
169c
16dd
171e
175f
179f
17df
181f
185e
189c
18db
1918
1956
1993
19cf
1a0c
1a47
1a83
1abd
1af8
1b32
1b6b
1ba4
1bdd
1c15
1c4d
1c84
1cbb
1cf1
1d27
1d5c
1d91
1dc5
1df9
1e2c
1e5f
1e91
1ec3
1ef5
1f25
1f56
1f85
1fb5
1fe3
2012
203f
206c
2099
20c5
20f0
211b
2146
2170
2199
21c2
21ea
2212
2239
225f
2285
22aa
22cf
22f3
2317
233a
235d
237e
23a0
23c0
23e1
2400
241f
243d
245b
2478
2495
24b1
24cc
24e7
2501
251a
2533
254b
2563
257a
2590
25a6
25bb
25d0
25e3
25f7
2609
261b
262d
263d
264e
265d
266c
267a
2688
2694
26a1
26ac
26b7
26c2
26cb
26d5
26dd
26e5
26ec
26f2
26f8
26fe
2702
2706
2709
270c
270e
270f
2710
2710
270f
270e
270c
270a
2706
2703
26fe
26f9
26f3
26ed
26e6
26de
26d6
26cd
26c3
26b9
26ae
26a2
2696
2689
267c
266e
265f
264f
263f
262f
261e
260c
25f9
25e6
25d2
25be
25a9
2593
257d
2566
254e
2536
251d
2504
24ea
24cf
24b4
2498
247c
245f
2441
2423
2404
23e4
23c4
23a4
2383
2361
233e
231b
22f8
22d4
22af
228a
2264
223d
2216
21ef
21c7
219e
2175
214b
2121
20f6
20ca
209e
2072
2045
2017
1fe9
1fbb
1f8b
1f5c
1f2b
1efb
1ec9
1e98
1e65
1e33
1dff
1dcc
1d97
1d63
1d2d
1cf8
1cc2
1c8b
1c54
1c1c
1be4
1bab
1b72
1b39
1aff
1ac5
1a8a
1a4f
1a13
19d7
199a
195e
1920
18e2
18a4
1866
1827
17e7
17a7
1767
1727
16e6
16a4
1663
1620
15de
159b
1558
1514
14d1
148c
1448
1403
13be
1378
1332
12ec
12a5
125f
1217
11d0
1188
1140
10f8
10af
1067
101d
0fd4
0f8a
0f40
0ef6
0eac
0e61
0e16
0dcb
0d80
0d34
0ce8
0c9c
0c50
0c04
0bb7
0b6a
0b1d
0ad0
0a83
0a35
09e8
099a
094c
08fd
08af
0861
0812
07c3
0774
0725
06d6
0687
0638
05e8
0599
0549
04f9
04a9
045a
040a
03ba
036a
0319
02c9
0279
0229
01d8
0188
0138
00e7
0097
0046
fff6
ffa6
ff55
ff05
feb4
fe64
fe14
fdc3
fd73
fd23
fcd3
fc82
fc32
fbe2
fb92
fb43
faf3
faa3
fa53
fa04
f9b5
f965
f916
f8c7
f878
f829
f7da
f78c
f73d
f6ef
f6a1
f653
f605
f5b7
f56a
f51d
f4cf
f482
f436
f3e9
f39d
f351
f305
f2b9
f26d
f222
f1d7
f18c
f141
f0f7
f0ad
f063
f01a
efd0
ef87
ef3e
eef6
eeae
ee66
ee1e
edd7
ed90
ed49
ed02
ecbc
ec77
ec31
ebec
eba7
eb63
eb1e
eadb
ea97
ea54
ea11
e9cf
e98d
e94b
e90a
e8c9
e889
e849
e809
e7ca
e78b
e74c
e70e
e6d0
e693
e656
e61a
e5de
e5a2
e567
e52d
e4f2
e4b9
e47f
e446
e40e
e3d6
e39e
e367
e331
e2fb
e2c5
e290
e25b
e227
e1f4
e1c1
e18e
e15c
e12a
e0f9
e0c8
e098
e069
e03a
e00b
dfdd
dfb0
df83
df56
df2b
deff
ded5
deaa
de81
de58
de2f
de07
dde0
ddb9
dd93
dd6d
dd48
dd23
dcff
dcdc
dcb9
dc97
dc75
dc54
dc33
dc14
dbf4
dbd6
dbb8
db9a
db7d
db61
db45
db2a
db10
daf6
dadd
dac4
daac
da95
da7e
da68
da52
da3d
da29
da15
da02
d9f0
d9de
d9cd
d9bc
d9ad
d99d
d98f
d981
d974
d967
d95b
d94f
d945
d93b
d931
d928
d920
d918
d912
d90b
d906
d901
d8fc
d8f9
d8f6
d8f3
d8f2
d8f0
d8f0
d8f0
d8f1
d8f3
d8f5
d8f7
d8fb
d8ff
d904
d909
d90f
d916
d91d
d925
d92e
d937
d941
d94b
d956
d962
d96f
d97c
d989
d998
d9a7
d9b6
d9c7
d9d8
d9e9
d9fb
da0e
da21
da36
da4a
da5f
da75
da8c
daa3
dabb
dad3
daec
db06
db20
db3b
db56
db72
db8f
dbac
dbca
dbe9
dc08
dc27
dc48
dc69
dc8a
dcac
dccf
dcf2
dd16
dd3a
dd5f
dd84
ddaa
ddd1
ddf8
de20
de48
de71
de9b
dec5
deef
df1a
df46
df72
df9f
dfcc
dffa
e028
e057
e086
e0b6
e0e7
e118
e149
e17b
e1ae
e1e0
e214
e248
e27c
e2b1
e2e7
e31d
e353
e38a
e3c1
e3f9
e431
e46a
e4a3
e4dd
e517
e551
e58c
e5c8
e603
e640
e67c
e6b9
e6f7
e735
e773
e7b2
e7f1
e831
e871
e8b1
e8f2
e933
e974
e9b6
e9f8
ea3b
ea7e
eac1
eb05
eb49
eb8d
ebd2
ec17
ec5c
eca2
ece8
ed2e
ed75
edbc
ee03
ee4b
ee93
eedb
ef23
ef6c
efb5
effe
f048
f091
f0db
f126
f170
f1bb
f206
f251
f29c
f2e8
f334
f380
f3cc
f419
f466
f4b2
f500
f54d
f59a
f5e8
f636
f684
f6d2
f720
f76e
f7bd
f80c
f85a
f8a9
f8f8
f947
f997
f9e6
fa36
fa85
fad5
fb25
fb74
fbc4
fc14
fc64
fcb5
fd05
fd55
fda5
fdf5
fe46
fe96
fee7
ff37
ff87
ffd8
0028
0079
00c9
0119
016a
01ba
020b
025b
02ab
02fb
034b
039c
03ec
043c
048c
04db
052b
057b
05ca
061a
0669
06b9
0708
0757
07a6
07f4
0843
0892
08e0
092e
097c
09ca
0a18
0a66
0ab3
0b00
0b4e
0b9a
0be7
0c34
0c80
0ccc
0d18
0d64
0daf
0dfa
0e45
0e90
0eda
0f25
0f6f
0fb8
1002
104b
1094
10dd
1125
116d
11b5
11fd
1244
128b
12d2
1318
135e
13a4
13e9
142e
1473
14b7
14fb
153f
1582
15c5
1608
164a
168c
16cd
170e
174f
178f
17cf
180f
184e
188d
18cb
1909
1947
1984
19c0
19fd
1a38
1a74
1aaf
1ae9
1b23
1b5d
1b96
1bcf
1c07
1c3f
1c76
1cad
1ce3
1d19
1d4f
1d84
1db8
1dec
1e20
1e52
1e85
1eb7
1ee8
1f19
1f4a
1f7a
1fa9
1fd8
2006
2034
2061
208e
20ba
20e6
2111
213b
2165
218f
21b8
21e0
2208
222f
2256
227c
22a1
22c6
22ea
230e
2331
2354
2376
2397
23b8
23d9
23f8
2417
2436
2454
2471
248e
24aa
24c5
24e0
24fa
2514
252d
2545
255d
2574
258b
25a1
25b6
25ca
25df
25f2
2605
2617
2628
2639
264a
2659
2668
2677
2684
2691
269e
26aa
26b5
26bf
26c9
26d2
26db
26e3
26ea
26f1
26f7
26fc
2701
2705
2709
270b
270d
270f
2710
2710
2710
270e
270d
270a
2707
2704
26ff
26fa
26f5
26ee
26e8
26e0
26d8
26cf
26c5
26bb
26b1
26a5
2699
268c
267f
2671
2663
2653
2644
2633
2622
2610
25fe
25eb
25d7
25c3
25ae
2598
2582
256b
2554
253c
2523
250a
24f0
24d6
24bb
249f
2483
2466
2448
242a
240c
23ec
23cd
23ac
238b
2369
2347
2324
2301
22dd
22b8
2293
226d
2247
2220
21f9
21d1
21a8
217f
2156
212b
2101
20d5
20aa
207d
2050
2023
1ff5
1fc6
1f97
1f68
1f38
1f07
1ed6
1ea4
1e72
1e3f
1e0c
1dd9
1da5
1d70
1d3b
1d05
1ccf
1c99
1c62
1c2a
1bf2
1bba
1b81
1b47
1b0e
1ad3
1a99
1a5e
1a22
19e6
19aa
196d
1930
18f2
18b4
1875
1836
17f7
17b7
1777
1737
16f6
16b5
1673
1631
15ef
15ac
1569
1525
14e2
149d
1459
1414
13cf
1389
1344
12fe
12b7
1270
1229
11e2
119a
1152
110a
10c2
1079
1030
0fe6
0f9d
0f53
0f09
0ebf
0e74
0e29
0dde
0d93
0d47
0cfb
0caf
0c63
0c17
0bca
0b7e
0b31
0ae3
0a96
0a49
09fb
09ad
095f
0911
08c3
0874
0826
07d7
0788
0739
06ea
069b
064b
05fc
05ad
055d
050d
04bd
046e
041e
03ce
037e
032d
02dd
028d
023d
01ec
019c
014c
00fb
00ab
005a
000a
ffba
ff69
ff19
fec8
fe78
fe28
fdd7
fd87
fd37
fce7
fc96
fc46
fbf6
fba6
fb57
fb07
fab7
fa67
fa18
f9c8
f979
f92a
f8db
f88c
f83d
f7ee
f79f
f751
f703
f6b4
f666
f618
f5cb
f57d
f530
f4e3
f496
f449
f3fc
f3b0
f364
f318
f2cc
f280
f235
f1ea
f19f
f154
f10a
f0c0
f076
f02c
efe3
ef99
ef51
ef08
eec0
ee78
ee30
ede9
eda1
ed5b
ed14
ecce
ec88
ec42
ebfd
ebb8
eb74
eb2f
eaec
eaa8
ea65
ea22
e9e0
e99d
e95c
e91a
e8d9
e899
e859
e819
e7d9
e79a
e75c
e71e
e6e0
e6a2
e666
e629
e5ed
e5b1
e576
e53b
e501
e4c7
e48e
e455
e41c
e3e4
e3ac
e375
e33e
e308
e2d3
e29d
e269
e234
e201
e1cd
e19b
e168
e137
e105
e0d5
e0a4
e075
e045
e017
dfe9
dfbb
df8e
df62
df36
df0a
dedf
deb5
de8b
de62
de39
de11
ddea
ddc3
dd9c
dd76
dd51
dd2c
dd08
dce5
dcc2
dc9f
dc7d
dc5c
dc3c
dc1c
dbfc
dbdd
dbbf
dba1
db84
db68
db4c
db31
db16
dafc
dae3
daca
dab2
da9a
da83
da6d
da57
da42
da2e
da1a
da07
d9f4
d9e2
d9d1
d9c1
d9b1
d9a1
d992
d984
d977
d96a
d95e
d952
d947
d93d
d933
d92a
d922
d91a
d913
d90d
d907
d902
d8fd
d8fa
d8f6
d8f4
d8f2
d8f1
d8f0
d8f0
d8f1
d8f2
d8f4
d8f7
d8fa
d8fe
d902
d908
d90e
d914
d91b
d923
d92b
d935
d93e
d949
d954
d95f
d96c
d978
d986
d994
d9a3
d9b2
d9c3
d9d3
d9e5
d9f7
da09
da1d
da30
da45
da5a
da70
da86
da9d
dab5
dacd
dae6
daff
db19
db34
db4f
db6b
db88
dba5
dbc3
dbe1
dc00
dc1f
dc40
dc60
dc82
dca3
dcc6
dce9
dd0d
dd31
dd56
dd7b
dda1
ddc7
ddee
de16
de3e
de67
de90
deba
dee5
df10
df3b
df67
df94
dfc1
dfee
e01d
e04b
e07b
e0aa
e0db
e10b
e13d
e16f
e1a1
e1d4
e207
e23b
e26f
e2a4
e2d9
e30f
e345
e37c
e3b3
e3eb
e423
e45c
e495
e4ce
e508
e543
e57d
e5b9
e5f4
e631
e66d
e6aa
e6e8
e725
e764
e7a2
e7e1
e821
e861
e8a1
e8e2
e923
e964
e9a6
e9e8
ea2a
ea6d
eab0
eaf4
eb38
eb7c
ebc1
ec06
ec4b
ec91
ecd7
ed1d
ed63
edaa
edf1
ee39
ee81
eec9
ef11
ef5a
efa3
efec
f035
f07f
f0c9
f113
f15d
f1a8
f1f3
f23e
f28a
f2d5
f321
f36d
f3b9
f406
f452
f49f
f4ec
f539
f587
f5d4
f622
f670
f6be
f70c
f75b
f7a9
f7f8
f847
f896
f8e5
f934
f983
f9d2
fa22
fa71
fac1
fb11
fb61
fbb0
fc00
fc50
fca1
fcf1
fd41
fd91
fde1
fe32
fe82
fed2
ff23
ff73
ffc4
0014
0065
00b5
0105
0156
01a6
01f6
0247
0297
02e7
0337
0388
03d8
0428
0478
04c7
0517
0567
05b6
0606
0655
06a5
06f4
0743
0792
07e1
0830
087e
08cd
091b
0969
09b7
0a05
0a52
0aa0
0aed
0b3a
0b87
0bd4
0c21
0c6d
0cb9
0d05
0d51
0d9c
0de7
0e32
0e7d
0ec8
0f12
0f5c
0fa6
0ff0
1039
1082
10cb
1113
115b
11a3
11eb
1232
1279
12c0
1306
134c
1392
13d8
141d
1461
14a6
14ea
152e
1571
15b4
15f7
1639
167b
16bd
16fe
173f
177f
17bf
17ff
183e
187d
18bc
18fa
1937
1974
19b1
19ee
1a2a
1a65
1aa0
1adb
1b15
1b4f
1b88
1bc1
1bf9
1c31
1c68
1c9f
1cd6
1d0c
1d41
1d77
1dab
1ddf
1e13
1e46
1e78
1eaa
1edc
1f0d
1f3e
1f6e
1f9d
1fcc
1ffb
2028
2056
2083
20af
20db
2106
2131
215b
2184
21ad
21d6
21fe
2225
224c
2272
2298
22bd
22e1
2305
2329
234b
236e
238f
23b0
23d1
23f0
2410
242e
244c
246a
2486
24a3
24be
24d9
24f4
250d
2527
253f
2557
256e
2585
259b
25b1
25c5
25da
25ed
2600
2612
2624
2635
2646
2655
2664
2673
2681
268e
269b
26a7
26b2
26bd
26c7
26d0
26d9
26e1
26e8
26ef
26f5
26fb
2700
2704
2708
270b
270d
270f
2710
2710
2710
270f
270d
270b
2708
2705
2700
26fc
26f6
26f0
26e9
26e2
26da
26d1
26c8
26be
26b3
26a8
269c
2690
2683
2675
2666
2657
2648
2637
2626
2615
2602
25f0
25dc
25c8
25b3
259e
2588
2571
255a
2542
252a
2511
24f7
24dd
24c2
24a6
248a
246d
2450
2432
2413
23f4
23d5
23b4
2393
2372
2350
232d
230a
22e6
22c1
229c
2277
2251
222a
2203
21db
21b3
218a
2160
2136
210b
20e0
20b5
2088
205b
202e
2000
1fd2
1fa3
1f74
1f44
1f13
1ee2
1eb1
1e7f
1e4c
1e19
1de6
1db2
1d7d
1d48
1d13
1cdd
1ca6
1c6f
1c38
1c00
1bc8
1b8f
1b56
1b1c
1ae2
1aa7
1a6c
1a31
19f5
19b9
197c
193f
1901
18c3
1885
1846
1807
17c7
1787
1747
1706
16c5
1683
1642
15ff
15bd
157a
1536
14f3
14ae
146a
1425
13e0
139b
1355
130f
12c9
1282
123b
11f4
11ac
1164
111c
10d4
108b
1042
0ff9
0faf
0f65
0f1b
0ed1
0e87
0e3c
0df1
0da6
0d5a
0d0e
0cc3
0c76
0c2a
0bde
0b91
0b44
0af7
0aaa
0a5c
0a0e
09c1
0973
0925
08d6
0888
0839
07eb
079c
074d
06fe
06af
065f
0610
05c0
0571
0521
04d1
0482
0432
03e2
0392
0341
02f1
02a1
0251
0200
01b0
0160
010f
00bf
006f
001e
ffce
ff7d
ff2d
fedd
fe8c
fe3c
fdeb
fd9b
fd4b
fcfb
fcab
fc5a
fc0a
fbba
fb6a
fb1b
facb
fa7b
fa2c
f9dc
f98d
f93e
f8ee
f89f
f850
f802
f7b3
f764
f716
f6c8
f67a
f62c
f5de
f591
f543
f4f6
f4a9
f45c
f40f
f3c3
f377
f32a
f2df
f293
f248
f1fc
f1b1
f167
f11c
f0d2
f088
f03e
eff5
efac
ef63
ef1a
eed2
ee8a
ee42
edfa
edb3
ed6c
ed26
ecdf
ec99
ec54
ec0e
ebc9
eb85
eb40
eafd
eab9
ea76
ea33
e9f0
e9ae
e96c
e92b
e8ea
e8a9
e869
e829
e7e9
e7aa
e76b
e72d
e6ef
e6b2
e675
e638
e5fc
e5c0
e585
e54a
e50f
e4d5
e49c
e463
e42a
e3f2
e3ba
e383
e34c
e316
e2e0
e2ab
e276
e241
e20d
e1da
e1a7
e175
e143
e112
e0e1
e0b0
e081
e051
e022
dff4
dfc6
df99
df6d
df40
df15
deea
debf
de95
de6c
de43
de1b
ddf3
ddcc
dda6
dd80
dd5a
dd35
dd11
dced
dcca
dca8
dc86
dc64
dc44
dc23
dc04
dbe5
dbc6
dba9
db8c
db6f
db53
db38
db1d
db03
dae9
dad0
dab8
daa0
da89
da73
da5d
da48
da33
da1f
da0c
d9f9
d9e7
d9d5
d9c5
d9b4
d9a5
d996
d988
d97a
d96d
d961
d955
d94a
d93f
d936
d92d
d924
d91c
d915
d90e
d908
d903
d8fe
d8fa
d8f7
d8f4
d8f2
d8f1
d8f0
d8f0
d8f1
d8f2
d8f4
d8f6
d8f9
d8fd
d901
d906
d90c
d912
d919
d921
d929
d932
d93c
d946
d951
d95c
d968
d975
d983
d991
d99f
d9af
d9be
d9cf
d9e0
d9f2
da05
da18
da2b
da40
da55
da6a
da81
da97
daaf
dac7
dae0
daf9
db13
db2d
db49
db64
db81
db9e
dbbb
dbd9
dbf8
dc18
dc38
dc58
dc79
dc9b
dcbd
dce0
dd04
dd28
dd4c
dd72
dd97
ddbe
dde5
de0c
de34
de5d
de86
deb0
deda
df05
df30
df5c
df88
dfb5
dfe3
e011
e040
e06f
e09e
e0ce
e0ff
e130
e162
e194
e1c7
e1fa
e22e
e262
e297
e2cc
e302
e338
e36e
e3a5
e3dd
e415
e44d
e486
e4c0
e4fa
e534
e56f
e5aa
e5e5
e621
e65e
e69b
e6d8
e716
e754
e793
e7d2
e811
e851
e891
e8d1
e912
e954
e995
e9d7
ea1a
ea5d
eaa0
eae3
eb27
eb6b
ebb0
ebf5
ec3a
ec7f
ecc5
ed0b
ed52
ed99
ede0
ee27
ee6f
eeb7
eeff
ef47
ef90
efd9
f023
f06c
f0b6
f100
f14b
f195
f1e0
f22b
f277
f2c2
f30e
f35a
f3a6
f3f3
f43f
f48c
f4d9
f526
f574
f5c1
f60f
f65d
f6ab
f6f9
f747
f796
f7e4
f833
f882
f8d1
f920
f96f
f9be
fa0e
fa5d
faad
fafd
fb4d
fb9c
fbec
fc3c
fc8c
fcdd
fd2d
fd7d
fdcd
fe1e
fe6e
febe
ff0f
ff5f
ffb0
0000
0050
00a1
00f1
0142
0192
01e2
0233
0283
02d3
0323
0374
03c4
0414
0464
04b3
0503
0553
05a3
05f2
0642
0691
06e0
072f
077e
07cd
081c
086a
08b9
0907
0955
09a3
09f1
0a3f
0a8c
0ada
0b27
0b74
0bc1
0c0d
0c5a
0ca6
0cf2
0d3e
0d89
0dd5
0e20
0e6b
0eb5
0f00
0f4a
0f94
0fdd
1027
1070
10b9
1101
1149
1191
11d9
1220
1267
12ae
12f5
133b
1381
13c6
140b
1450
1495
14d9
151d
1560
15a3
15e6
1629
166b
16ac
16ee
172f
176f
17af
17ef
182e
186d
18ac
18ea
1928
1965
19a2
19df
1a1b
1a56
1a91
1acc
1b06
1b40
1b7a
1bb3
1beb
1c23
1c5b
1c92
1cc8
1cfe
1d34
1d69
1d9e
1dd2
1e06
1e39
1e6c
1e9e
1ed0
1f01
1f32
1f62
1f91
1fc0
1fef
201d
204b
2078
20a4
20d0
20fb
2126
2150
217a
21a3
21cc
21f4
221b
2242
2269
228e
22b4
22d8
22fc
2320
2343
2365
2387
23a8
23c8
23e8
2408
2427
2445
2462
247f
249c
24b7
24d3
24ed
2507
2520
2539
2551
2569
257f
2596
25ab
25c0
25d5
25e8
25fb
260e
2620
2631
2642
2651
2661
266f
267d
268b
2698
26a4
26af
26ba
26c4
26ce
26d7
26df
26e7
26ee
26f4
26fa
26ff
2703
2707
270a
270c
270e
270f
2710
2710
270f
270e
270c
2709
2706
2702
26fd
26f8
26f2
26eb
26e4
26dc
26d3
26ca
26c1
26b6
26ab
269f
2693
2686
2678
266a
265b
264c
263b
262b
2619
2607
25f4
25e1
25cd
25b8
25a3
258d
2577
2560
2548
2530
2517
24fd
24e3
24c8
24ad
2491
2474
2457
243a
241b
23fc
23dd
23bc
239c
237a
2358
2336
2313
22ef
22cb
22a6
2280
225a
2234
220d
21e5
21bd
2194
216b
2141
2116
20eb
20c0
2093
2067
203a
200c
1fde
1faf
1f7f
1f50
1f1f
1eee
1ebd
1e8b
1e59
1e26
1df3
1dbf
1d8a
1d55
1d20
1cea
1cb4
1c7d
1c46
1c0e
1bd6
1b9d
1b64
1b2b
1af1
1ab6
1a7b
1a40
1a04
19c8
198b
194e
1911
18d3
1895
1856
1817
17d7
1797
1757
1716
16d5
1694
1652
1610
15cd
158a
1547
1503
14c0
147b
1437
13f2
13ac
1367
1321
12da
1294
124d
1206
11be
1176
112e
10e6
109d
1054
100b
0fc2
0f78
0f2e
0ee4
0e99
0e4f
0e04
0db8
0d6d
0d21
0cd6
0c89
0c3d
0bf1
0ba4
0b57
0b0a
0abd
0a6f
0a22
09d4
0986
0938
08ea
089c
084d
07fe
07b0
0761
0712
06c2
0673
0624
05d4
0585
0535
04e5
0496
0446
03f6
03a6
0355
0305
02b5
0265
0215
01c4
0174
0123
00d3
0083
0032
ffe2
ff91
ff41
fef1
fea0
fe50
fe00
fdaf
fd5f
fd0f
fcbf
fc6e
fc1e
fbce
fb7e
fb2f
fadf
fa8f
fa40
f9f0
f9a1
f951
f902
f8b3
f864
f815
f7c7
f778
f72a
f6db
f68d
f63f
f5f2
f5a4
f556
f509
f4bc
f46f
f422
f3d6
f38a
f33d
f2f2
f2a6
f25a
f20f
f1c4
f179
f12f
f0e5
f09b
f051
f007
efbe
ef75
ef2c
eee4
ee9c
ee54
ee0c
edc5
ed7e
ed37
ecf1
ecab
ec65
ec20
ebdb
eb96
eb52
eb0d
eaca
ea86
ea43
ea01
e9be
e97d
e93b
e8fa
e8b9
e879
e839
e7f9
e7ba
e77b
e73d
e6ff
e6c1
e684
e647
e60b
e5cf
e594
e559
e51e
e4e4
e4aa
e471
e438
e400
e3c8
e391
e35a
e323
e2ed
e2b8
e283
e24e
e21a
e1e7
e1b4
e181
e14f
e11e
e0ed
e0bc
e08c
e05d
e02e
e000
dfd2
dfa5
df78
df4b
df20
def5
deca
dea0
de76
de4d
de25
ddfd
ddd6
ddaf
dd89
dd64
dd3f
dd1a
dcf6
dcd3
dcb0
dc8e
dc6d
dc4c
dc2b
dc0c
dbed
dbce
dbb0
db93
db76
db5a
db3e
db23
db09
daef
dad6
dabe
daa6
da8f
da78
da62
da4d
da38
da24
da10
d9fe
d9eb
d9da
d9c9
d9b8
d9a9
d99a
d98b
d97d
d970
d964
d958
d94d
d942
d938
d92f
d926
d91e
d917
d910
d90a
d904
d900
d8fb
d8f8
d8f5
d8f3
d8f1
d8f0
d8f0
d8f0
d8f1
d8f3
d8f5
d8f8
d8fc
d900
d905
d90b
d911
d918
d91f
d927
d930
d939
d943
d94e
d959
d965
d972
d97f
d98d
d99c
d9ab
d9ba
d9cb
d9dc
d9ee
da00
da13
da26
da3b
da4f
da65
da7b
da92
daa9
dac1
dad9
daf3
db0c
db27
db42
db5d
db7a
db96
dbb4
dbd2
dbf0
dc10
dc2f
dc50
dc71
dc92
dcb5
dcd7
dcfb
dd1f
dd43
dd68
dd8e
ddb4
dddb
de02
de2a
de53
de7c
dea5
decf
defa
df25
df51
df7d
dfaa
dfd8
e005
e034
e063
e092
e0c2
e0f3
e124
e156
e188
e1ba
e1ed
e221
e255
e289
e2bf
e2f4
e32a
e361
e398
e3cf
e407
e43f
e478
e4b1
e4eb
e525
e560
e59b
e5d6
e612
e64f
e68c
e6c9
e706
e744
e783
e7c2
e801
e841
e881
e8c1
e902
e943
e985
e9c7
ea09
ea4c
ea8f
ead2
eb16
eb5a
eb9f
ebe3
ec28
ec6e
ecb4
ecfa
ed40
ed87
edce
ee15
ee5d
eea5
eeed
ef35
ef7e
efc7
f010
f05a
f0a4
f0ee
f138
f183
f1ce
f219
f264
f2af
f2fb
f347
f393
f3df
f42c
f479
f4c6
f513
f560
f5ae
f5fb
f649
f697
f6e5
f733
f782
f7d0
f81f
f86e
f8bd
f90c
f95b
f9ab
f9fa
fa4a
fa99
fae9
fb39
fb88
fbd8
fc28
fc78
fcc9
fd19
fd69
fdb9
fe0a
fe5a
feaa
fefb
ff4b
ff9b
ffec
003c
008d
00dd
012e
017e
01ce
021f
026f
02bf
030f
035f
03b0
0400
0450
049f
04ef
053f
058f
05de
062e
067d
06cc
071b
076a
07b9
0808
0857
08a5
08f4
0942
0990
09de
0a2c
0a79
0ac7
0b14
0b61
0bae
0bfa
0c47
0c93
0cdf
0d2b
0d76
0dc2
0e0d
0e58
0ea3
0eed
0f37
0f81
0fcb
1014
105d
10a6
10ef
1137
117f
11c7
120f
1256
129d
12e3
1329
136f
13b5
13fa
143f
1484
14c8
150c
1550
1593
15d6
1618
165a
169c
16dd
171e
175f
179f
17df
181f
185e
189c
18db
1918
1956
1993
19cf
1a0c
1a47
1a83
1abd
1af8
1b32
1b6b
1ba4
1bdd
1c15
1c4d
1c84
1cbb
1cf1
1d27
1d5c
1d91
1dc5
1df9
1e2c
1e5f
1e91
1ec3
1ef5
1f25
1f56
1f85
1fb5
1fe3
2012
203f
206c
2099
20c5
20f0
211b
2146
2170
2199
21c2
21ea
2212
2239
225f
2285
22aa
22cf
22f3
2317
233a
235d
237e
23a0
23c0
23e1
2400
241f
243d
245b
2478
2495
24b1
24cc
24e7
2501
251a
2533
254b
2563
257a
2590
25a6
25bb
25d0
25e3
25f7
2609
261b
262d
263d
264e
265d
266c
267a
2688
2694
26a1
26ac
26b7
26c2
26cb
26d5
26dd
26e5
26ec
26f2
26f8
26fe
2702
2706
2709
270c
270e
270f
2710
2710
270f
270e
270c
270a
2706
2703
26fe
26f9
26f3
26ed
26e6
26de
26d6
26cd
26c3
26b9
26ae
26a2
2696
2689
267c
266e
265f
264f
263f
262f
261e
260c
25f9
25e6
25d2
25be
25a9
2593
257d
2566
254e
2536
251d
2504
24ea
24cf
24b4
2498
247c
245f
2441
2423
2404
23e4
23c4
23a4
2383
2361
233e
231b
22f8
22d4
22af
228a
2264
223d
2216
21ef
21c7
219e
2175
214b
2121
20f6
20ca
209e
2072
2045
2017
1fe9
1fbb
1f8b
1f5c
1f2b
1efb
1ec9
1e98
1e65
1e33
1dff
1dcc
1d97
1d63
1d2d
1cf8
1cc2
1c8b
1c54
1c1c
1be4
1bab
1b72
1b39
1aff
1ac5
1a8a
1a4f
1a13
19d7
199a
195e
1920
18e2
18a4
1866
1827
17e7
17a7
1767
1727
16e6
16a4
1663
1620
15de
159b
1558
1514
14d1
148c
1448
1403
13be
1378
1332
12ec
12a5
125f
1217
11d0
1188
1140
10f8
10af
1067
101d
0fd4
0f8a
0f40
0ef6
0eac
0e61
0e16
0dcb
0d80
0d34
0ce8
0c9c
0c50
0c04
0bb7
0b6a
0b1d
0ad0
0a83
0a35
09e8
099a
094c
08fd
08af
0861
0812
07c3
0774
0725
06d6
0687
0638
05e8
0599
0549
04f9
04a9
045a
040a
03ba
036a
0319
02c9
0279
0229
01d8
0188
0138
00e7
0097
0046
fff6
ffa6
ff55
ff05
feb4
fe64
fe14
fdc3
fd73
fd23
fcd3
fc82
fc32
fbe2
fb92
fb43
faf3
faa3
fa53
fa04
f9b5
f965
f916
f8c7
f878
f829
f7da
f78c
f73d
f6ef
f6a1
f653
f605
f5b7
f56a
f51d
f4cf
f482
f436
f3e9
f39d
f351
f305
f2b9
f26d
f222
f1d7
f18c
f141
f0f7
f0ad
f063
f01a
efd0
ef87
ef3e
eef6
eeae
ee66
ee1e
edd7
ed90
ed49
ed02
ecbc
ec77
ec31
ebec
eba7
eb63
eb1e
eadb
ea97
ea54
ea11
e9cf
e98d
e94b
e90a
e8c9
e889
e849
e809
e7ca
e78b
e74c
e70e
e6d0
e693
e656
e61a
e5de
e5a2
e567
e52d
e4f2
e4b9
e47f
e446
e40e
e3d6
e39e
e367
e331
e2fb
e2c5
e290
e25b
e227
e1f4
e1c1
e18e
e15c
e12a
e0f9
e0c8
e098
e069
e03a
e00b
dfdd
dfb0
df83
df56
df2b
deff
ded5
deaa
de81
de58
de2f
de07
dde0
ddb9
dd93
dd6d
dd48
dd23
dcff
dcdc
dcb9
dc97
dc75
dc54
dc33
dc14
dbf4
dbd6
dbb8
db9a
db7d
db61
db45
db2a
db10
daf6
dadd
dac4
daac
da95
da7e
da68
da52
da3d
da29
da15
da02
d9f0
d9de
d9cd
d9bc
d9ad
d99d
d98f
d981
d974
d967
d95b
d94f
d945
d93b
d931
d928
d920
d918
d912
d90b
d906
d901
d8fc
d8f9
d8f6
d8f3
d8f2
d8f0
d8f0
d8f0
d8f1
d8f3
d8f5
d8f7
d8fb
d8ff
d904
d909
d90f
d916
d91d
d925
d92e
d937
d941
d94b
d956
d962
d96f
d97c
d989
d998
d9a7
d9b6
d9c7
d9d8
d9e9
d9fb
da0e
da21
da36
da4a
da5f
da75
da8c
daa3
dabb
dad3
daec
db06
db20
db3b
db56
db72
db8f
dbac
dbca
dbe9
dc08
dc27
dc48
dc69
dc8a
dcac
dccf
dcf2
dd16
dd3a
dd5f
dd84
ddaa
ddd1
ddf8
de20
de48
de71
de9b
dec5
deef
df1a
df46
df72
df9f
dfcc
dffa
e028
e057
e086
e0b6
e0e7
e118
e149
e17b
e1ae
e1e0
e214
e248
e27c
e2b1
e2e7
e31d
e353
e38a
e3c1
e3f9
e431
e46a
e4a3
e4dd
e517
e551
e58c
e5c8
e603
e640
e67c
e6b9
e6f7
e735
e773
e7b2
e7f1
e831
e871
e8b1
e8f2
e933
e974
e9b6
e9f8
ea3b
ea7e
eac1
eb05
eb49
eb8d
ebd2
ec17
ec5c
eca2
ece8
ed2e
ed75
edbc
ee03
ee4b
ee93
eedb
ef23
ef6c
efb5
effe
f048
f091
f0db
f126
f170
f1bb
f206
f251
f29c
f2e8
f334
f380
f3cc
f419
f466
f4b2
f500
f54d
f59a
f5e8
f636
f684
f6d2
f720
f76e
f7bd
f80c
f85a
f8a9
f8f8
f947
f997
f9e6
fa36
fa85
fad5
fb25
fb74
fbc4
fc14
fc64
fcb5
fd05
fd55
fda5
fdf5
fe46
fe96
fee7
ff37
ff87
ffd8
0028
0079
00c9
0119
016a
01ba
020b
025b
02ab
02fb
034b
039c
03ec
043c
048c
04db
052b
057b
05ca
061a
0669
06b9
0708
0757
07a6
07f4
0843
0892
08e0
092e
097c
09ca
0a18
0a66
0ab3
0b00
0b4e
0b9a
0be7
0c34
0c80
0ccc
0d18
0d64
0daf
0dfa
0e45
0e90
0eda
0f25
0f6f
0fb8
1002
104b
1094
10dd
1125
116d
11b5
11fd
1244
128b
12d2
1318
135e
13a4
13e9
142e
1473
14b7
14fb
153f
1582
15c5
1608
164a
168c
16cd
170e
174f
178f
17cf
180f
184e
188d
18cb
1909
1947
1984
19c0
19fd
1a38
1a74
1aaf
1ae9
1b23
1b5d
1b96
1bcf
1c07
1c3f
1c76
1cad
1ce3
1d19
1d4f
1d84
1db8
1dec
1e20
1e52
1e85
1eb7
1ee8
1f19
1f4a
1f7a
1fa9
1fd8
2006
2034
2061
208e
20ba
20e6
2111
213b
2165
218f
21b8
21e0
2208
222f
2256
227c
22a1
22c6
22ea
230e
2331
2354
2376
2397
23b8
23d9
23f8
2417
2436
2454
2471
248e
24aa
24c5
24e0
24fa
2514
252d
2545
255d
2574
258b
25a1
25b6
25ca
25df
25f2
2605
2617
2628
2639
264a
2659
2668
2677
2684
2691
269e
26aa
26b5
26bf
26c9
26d2
26db
26e3
26ea
26f1
26f7
26fc
2701
2705
2709
270b
270d
270f
2710
2710
2710
270e
270d
270a
2707
2704
26ff
26fa
26f5
26ee
26e8
26e0
26d8
26cf
26c5
26bb
26b1
26a5
2699
268c
267f
2671
2663
2653
2644
2633
2622
2610
25fe
25eb
25d7
25c3
25ae
2598
2582
256b
2554
253c
2523
250a
24f0
24d6
24bb
249f
2483
2466
2448
242a
240c
23ec
23cd
23ac
238b
2369
2347
2324
2301
22dd
22b8
2293
226d
2247
2220
21f9
21d1
21a8
217f
2156
212b
2101
20d5
20aa
207d
2050
2023
1ff5
1fc6
1f97
1f68
1f38
1f07
1ed6
1ea4
1e72
1e3f
1e0c
1dd9
1da5
1d70
1d3b
1d05
1ccf
1c99
1c62
1c2a
1bf2
1bba
1b81
1b47
1b0e
1ad3
1a99
1a5e
1a22
19e6
19aa
196d
1930
18f2
18b4
1875
1836
17f7
17b7
1777
1737
16f6
16b5
1673
1631
15ef
15ac
1569
1525
14e2
149d
1459
1414
13cf
1389
1344
12fe
12b7
1270
1229
11e2
119a
1152
110a
10c2
1079
1030
0fe6
0f9d
0f53
0f09
0ebf
0e74
0e29
0dde
0d93
0d47
0cfb
0caf
0c63
0c17
0bca
0b7e
0b31
0ae3
0a96
0a49
09fb
09ad
095f
0911
08c3
0874
0826
07d7
0788
0739
06ea
069b
064b
05fc
05ad
055d
050d
04bd
046e
041e
03ce
037e
032d
02dd
028d
023d
01ec
019c
014c
00fb
00ab
005a
000a
ffba
ff69
ff19
fec8
fe78
fe28
fdd7
fd87
fd37
fce7
fc96
fc46
fbf6
fba6
fb57
fb07
fab7
fa67
fa18
f9c8
f979
f92a
f8db
f88c
f83d
f7ee
f79f
f751
f703
f6b4
f666
f618
f5cb
f57d
f530
f4e3
f496
f449
f3fc
f3b0
f364
f318
f2cc
f280
f235
f1ea
f19f
f154
f10a
f0c0
f076
f02c
efe3
ef99
ef51
ef08
eec0
ee78
ee30
ede9
eda1
ed5b
ed14
ecce
ec88
ec42
ebfd
ebb8
eb74
eb2f
eaec
eaa8
ea65
ea22
e9e0
e99d
e95c
e91a
e8d9
e899
e859
e819
e7d9
e79a
e75c
e71e
e6e0
e6a2
e666
e629
e5ed
e5b1
e576
e53b
e501
e4c7
e48e
e455
e41c
e3e4
e3ac
e375
e33e
e308
e2d3
e29d
e269
e234
e201
e1cd
e19b
e168
e137
e105
e0d5
e0a4
e075
e045
e017
dfe9
dfbb
df8e
df62
df36
df0a
dedf
deb5
de8b
de62
de39
de11
ddea
ddc3
dd9c
dd76
dd51
dd2c
dd08
dce5
dcc2
dc9f
dc7d
dc5c
dc3c
dc1c
dbfc
dbdd
dbbf
dba1
db84
db68
db4c
db31
db16
dafc
dae3
daca
dab2
da9a
da83
da6d
da57
da42
da2e
da1a
da07
d9f4
d9e2
d9d1
d9c1
d9b1
d9a1
d992
d984
d977
d96a
d95e
d952
d947
d93d
d933
d92a
d922
d91a
d913
d90d
d907
d902
d8fd
d8fa
d8f6
d8f4
d8f2
d8f1
d8f0
d8f0
d8f1
d8f2
d8f4
d8f7
d8fa
d8fe
d902
d908
d90e
d914
d91b
d923
d92b
d935
d93e
d949
d954
d95f
d96c
d978
d986
d994
d9a3
d9b2
d9c3
d9d3
d9e5
d9f7
da09
da1d
da30
da45
da5a
da70
da86
da9d
dab5
dacd
dae6
daff
db19
db34
db4f
db6b
db88
dba5
dbc3
dbe1
dc00
dc1f
dc40
dc60
dc82
dca3
dcc6
dce9
dd0d
dd31
dd56
dd7b
dda1
ddc7
ddee
de16
de3e
de67
de90
deba
dee5
df10
df3b
df67
df94
dfc1
dfee
e01d
e04b
e07b
e0aa
e0db
e10b
e13d
e16f
e1a1
e1d4
e207
e23b
e26f
e2a4
e2d9
e30f
e345
e37c
e3b3
e3eb
e423
e45c
e495
e4ce
e508
e543
e57d
e5b9
e5f4
e631
e66d
e6aa
e6e8
e725
e764
e7a2
e7e1
e821
e861
e8a1
e8e2
e923
e964
e9a6
e9e8
ea2a
ea6d
eab0
eaf4
eb38
eb7c
ebc1
ec06
ec4b
ec91
ecd7
ed1d
ed63
edaa
edf1
ee39
ee81
eec9
ef11
ef5a
efa3
efec
f035
f07f
f0c9
f113
f15d
f1a8
f1f3
f23e
f28a
f2d5
f321
f36d
f3b9
f406
f452
f49f
f4ec
f539
f587
f5d4
f622
f670
f6be
f70c
f75b
f7a9
f7f8
f847
f896
f8e5
f934
f983
f9d2
fa22
fa71
fac1
fb11
fb61
fbb0
fc00
fc50
fca1
fcf1
fd41
fd91
fde1
fe32
fe82
fed2
ff23
ff73
ffc4
0014
0065
00b5
0105
0156
01a6
01f6
0247
0297
02e7
0337
0388
03d8
0428
0478
04c7
0517
0567
05b6
0606
0655
06a5
06f4
0743
0792
07e1
0830
087e
08cd
091b
0969
09b7
0a05
0a52
0aa0
0aed
0b3a
0b87
0bd4
0c21
0c6d
0cb9
0d05
0d51
0d9c
0de7
0e32
0e7d
0ec8
0f12
0f5c
0fa6
0ff0
1039
1082
10cb
1113
115b
11a3
11eb
1232
1279
12c0
1306
134c
1392
13d8
141d
1461
14a6
14ea
152e
1571
15b4
15f7
1639
167b
16bd
16fe
173f
177f
17bf
17ff
183e
187d
18bc
18fa
1937
1974
19b1
19ee
1a2a
1a65
1aa0
1adb
1b15
1b4f
1b88
1bc1
1bf9
1c31
1c68
1c9f
1cd6
1d0c
1d41
1d77
1dab
1ddf
1e13
1e46
1e78
1eaa
1edc
1f0d
1f3e
1f6e
1f9d
1fcc
1ffb
2028
2056
2083
20af
20db
2106
2131
215b
2184
21ad
21d6
21fe
2225
224c
2272
2298
22bd
22e1
2305
2329
234b
236e
238f
23b0
23d1
23f0
2410
242e
244c
246a
2486
24a3
24be
24d9
24f4
250d
2527
253f
2557
256e
2585
259b
25b1
25c5
25da
25ed
2600
2612
2624
2635
2646
2655
2664
2673
2681
268e
269b
26a7
26b2
26bd
26c7
26d0
26d9
26e1
26e8
26ef
26f5
26fb
2700
2704
2708
270b
270d
270f
2710
2710
2710
270f
270d
270b
2708
2705
2700
26fc
26f6
26f0
26e9
26e2
26da
26d1
26c8
26be
26b3
26a8
269c
2690
2683
2675
2666
2657
2648
2637
2626
2615
2602
25f0
25dc
25c8
25b3
259e
2588
2571
255a
2542
252a
2511
24f7
24dd
24c2
24a6
248a
246d
2450
2432
2413
23f4
23d5
23b4
2393
2372
2350
232d
230a
22e6
22c1
229c
2277
2251
222a
2203
21db
21b3
218a
2160
2136
210b
20e0
20b5
2088
205b
202e
2000
1fd2
1fa3
1f74
1f44
1f13
1ee2
1eb1
1e7f
1e4c
1e19
1de6
1db2
1d7d
1d48
1d13
1cdd
1ca6
1c6f
1c38
1c00
1bc8
1b8f
1b56
1b1c
1ae2
1aa7
1a6c
1a31
19f5
19b9
197c
193f
1901
18c3
1885
1846
1807
17c7
1787
1747
1706
16c5
1683
1642
15ff
15bd
157a
1536
14f3
14ae
146a
1425
13e0
139b
1355
130f
12c9
1282
123b
11f4
11ac
1164
111c
10d4
108b
1042
0ff9
0faf
0f65
0f1b
0ed1
0e87
0e3c
0df1
0da6
0d5a
0d0e
0cc3
0c76
0c2a
0bde
0b91
0b44
0af7
0aaa
0a5c
0a0e
09c1
0973
0925
08d6
0888
0839
07eb
079c
074d
06fe
06af
065f
0610
05c0
0571
0521
04d1
0482
0432
03e2
0392
0341
02f1
02a1
0251
0200
01b0
0160
010f
00bf
006f
001e
ffce
ff7d
ff2d
fedd
fe8c
fe3c
fdeb
fd9b
fd4b
fcfb
fcab
fc5a
fc0a
fbba
fb6a
fb1b
facb
fa7b
fa2c
f9dc
f98d
f93e
f8ee
f89f
f850
f802
f7b3
f764
f716
f6c8
f67a
f62c
f5de
f591
f543
f4f6
f4a9
f45c
f40f
f3c3
f377
f32a
f2df
f293
f248
f1fc
f1b1
f167
f11c
f0d2
f088
f03e
eff5
efac
ef63
ef1a
eed2
ee8a
ee42
edfa
edb3
ed6c
ed26
ecdf
ec99
ec54
ec0e
ebc9
eb85
eb40
eafd
eab9
ea76
ea33
e9f0
e9ae
e96c
e92b
e8ea
e8a9
e869
e829
e7e9
e7aa
e76b
e72d
e6ef
e6b2
e675
e638
e5fc
e5c0
e585
e54a
e50f
e4d5
e49c
e463
e42a
e3f2
e3ba
e383
e34c
e316
e2e0
e2ab
e276
e241
e20d
e1da
e1a7
e175
e143
e112
e0e1
e0b0
e081
e051
e022
dff4
dfc6
df99
df6d
df40
df15
deea
debf
de95
de6c
de43
de1b
ddf3
ddcc
dda6
dd80
dd5a
dd35
dd11
dced
dcca
dca8
dc86
dc64
dc44
dc23
dc04
dbe5
dbc6
dba9
db8c
db6f
db53
db38
db1d
db03
dae9
dad0
dab8
daa0
da89
da73
da5d
da48
da33
da1f
da0c
d9f9
d9e7
d9d5
d9c5
d9b4
d9a5
d996
d988
d97a
d96d
d961
d955
d94a
d93f
d936
d92d
d924
d91c
d915
d90e
d908
d903
d8fe
d8fa
d8f7
d8f4
d8f2
d8f1
d8f0
d8f0
d8f1
d8f2
d8f4
d8f6
d8f9
d8fd
d901
d906
d90c
d912
d919
d921
d929
d932
d93c
d946
d951
d95c
d968
d975
d983
d991
d99f
d9af
d9be
d9cf
d9e0
d9f2
da05
da18
da2b
da40
da55
da6a
da81
da97
daaf
dac7
dae0
daf9
db13
db2d
db49
db64
db81
db9e
dbbb
dbd9
dbf8
dc18
dc38
dc58
dc79
dc9b
dcbd
dce0
dd04
dd28
dd4c
dd72
dd97
ddbe
dde5
de0c
de34
de5d
de86
deb0
deda
df05
df30
df5c
df88
dfb5
dfe3
e011
e040
e06f
e09e
e0ce
e0ff
e130
e162
e194
e1c7
e1fa
e22e
e262
e297
e2cc
e302
e338
e36e
e3a5
e3dd
e415
e44d
e486
e4c0
e4fa
e534
e56f
e5aa
e5e5
e621
e65e
e69b
e6d8
e716
e754
e793
e7d2
e811
e851
e891
e8d1
e912
e954
e995
e9d7
ea1a
ea5d
eaa0
eae3
eb27
eb6b
ebb0
ebf5
ec3a
ec7f
ecc5
ed0b
ed52
ed99
ede0
ee27
ee6f
eeb7
eeff
ef47
ef90
efd9
f023
f06c
f0b6
f100
f14b
f195
f1e0
f22b
f277
f2c2
f30e
f35a
f3a6
f3f3
f43f
f48c
f4d9
f526
f574
f5c1
f60f
f65d
f6ab
f6f9
f747
f796
f7e4
f833
f882
f8d1
f920
f96f
f9be
fa0e
fa5d
faad
fafd
fb4d
fb9c
fbec
fc3c
fc8c
fcdd
fd2d
fd7d
fdcd
fe1e
fe6e
febe
ff0f
ff5f
ffb0
0000
0050
00a1
00f1
0142
0192
01e2
0233
0283
02d3
0323
0374
03c4
0414
0464
04b3
0503
0553
05a3
05f2
0642
0691
06e0
072f
077e
07cd
081c
086a
08b9
0907
0955
09a3
09f1
0a3f
0a8c
0ada
0b27
0b74
0bc1
0c0d
0c5a
0ca6
0cf2
0d3e
0d89
0dd5
0e20
0e6b
0eb5
0f00
0f4a
0f94
0fdd
1027
1070
10b9
1101
1149
1191
11d9
1220
1267
12ae
12f5
133b
1381
13c6
140b
1450
1495
14d9
151d
1560
15a3
15e6
1629
166b
16ac
16ee
172f
176f
17af
17ef
182e
186d
18ac
18ea
1928
1965
19a2
19df
1a1b
1a56
1a91
1acc
1b06
1b40
1b7a
1bb3
1beb
1c23
1c5b
1c92
1cc8
1cfe
1d34
1d69
1d9e
1dd2
1e06
1e39
1e6c
1e9e
1ed0
1f01
1f32
1f62
1f91
1fc0
1fef
201d
204b
2078
20a4
20d0
20fb
2126
2150
217a
21a3
21cc
21f4
221b
2242
2269
228e
22b4
22d8
22fc
2320
2343
2365
2387
23a8
23c8
23e8
2408
2427
2445
2462
247f
249c
24b7
24d3
24ed
2507
2520
2539
2551
2569
257f
2596
25ab
25c0
25d5
25e8
25fb
260e
2620
2631
2642
2651
2661
266f
267d
268b
2698
26a4
26af
26ba
26c4
26ce
26d7
26df
26e7
26ee
26f4
26fa
26ff
2703
2707
270a
270c
270e
270f
2710
2710
270f
270e
270c
2709
2706
2702
26fd
26f8
26f2
26eb
26e4
26dc
26d3
26ca
26c1
26b6
26ab
269f
2693
2686
2678
266a
265b
264c
263b
262b
2619
2607
25f4
25e1
25cd
25b8
25a3
258d
2577
2560
2548
2530
2517
24fd
24e3
24c8
24ad
2491
2474
2457
243a
241b
23fc
23dd
23bc
239c
237a
2358
2336
2313
22ef
22cb
22a6
2280
225a
2234
220d
21e5
21bd
2194
216b
2141
2116
20eb
20c0
2093
2067
203a
200c
1fde
1faf
1f7f
1f50
1f1f
1eee
1ebd
1e8b
1e59
1e26
1df3
1dbf
1d8a
1d55
1d20
1cea
1cb4
1c7d
1c46
1c0e
1bd6
1b9d
1b64
1b2b
1af1
1ab6
1a7b
1a40
1a04
19c8
198b
194e
1911
18d3
1895
1856
1817
17d7
1797
1757
1716
16d5
1694
1652
1610
15cd
158a
1547
1503
14c0
147b
1437
13f2
13ac
1367
1321
12da
1294
124d
1206
11be
1176
112e
10e6
109d
1054
100b
0fc2
0f78
0f2e
0ee4
0e99
0e4f
0e04
0db8
0d6d
0d21
0cd6
0c89
0c3d
0bf1
0ba4
0b57
0b0a
0abd
0a6f
0a22
09d4
0986
0938
08ea
089c
084d
07fe
07b0
0761
0712
06c2
0673
0624
05d4
0585
0535
04e5
0496
0446
03f6
03a6
0355
0305
02b5
0265
0215
01c4
0174
0123
00d3
0083
0032
ffe2
ff91
ff41
fef1
fea0
fe50
fe00
fdaf
fd5f
fd0f
fcbf
fc6e
fc1e
fbce
fb7e
fb2f
fadf
fa8f
fa40
f9f0
f9a1
f951
f902
f8b3
f864
f815
f7c7
f778
f72a
f6db
f68d
f63f
f5f2
f5a4
f556
f509
f4bc
f46f
f422
f3d6
f38a
f33d
f2f2
f2a6
f25a
f20f
f1c4
f179
f12f
f0e5
f09b
f051
f007
efbe
ef75
ef2c
eee4
ee9c
ee54
ee0c
edc5
ed7e
ed37
ecf1
ecab
ec65
ec20
ebdb
eb96
eb52
eb0d
eaca
ea86
ea43
ea01
e9be
e97d
e93b
e8fa
e8b9
e879
e839
e7f9
e7ba
e77b
e73d
e6ff
e6c1
e684
e647
e60b
e5cf
e594
e559
e51e
e4e4
e4aa
e471
e438
e400
e3c8
e391
e35a
e323
e2ed
e2b8
e283
e24e
e21a
e1e7
e1b4
e181
e14f
e11e
e0ed
e0bc
e08c
e05d
e02e
e000
dfd2
dfa5
df78
df4b
df20
def5
deca
dea0
de76
de4d
de25
ddfd
ddd6
ddaf
dd89
dd64
dd3f
dd1a
dcf6
dcd3
dcb0
dc8e
dc6d
dc4c
dc2b
dc0c
dbed
dbce
dbb0
db93
db76
db5a
db3e
db23
db09
daef
dad6
dabe
daa6
da8f
da78
da62
da4d
da38
da24
da10
d9fe
d9eb
d9da
d9c9
d9b8
d9a9
d99a
d98b
d97d
d970
d964
d958
d94d
d942
d938
d92f
d926
d91e
d917
d910
d90a
d904
d900
d8fb
d8f8
d8f5
d8f3
d8f1
d8f0
d8f0
d8f0
d8f1
d8f3
d8f5
d8f8
d8fc
d900
d905
d90b
d911
d918
d91f
d927
d930
d939
d943
d94e
d959
d965
d972
d97f
d98d
d99c
d9ab
d9ba
d9cb
d9dc
d9ee
da00
da13
da26
da3b
da4f
da65
da7b
da92
daa9
dac1
dad9
daf3
db0c
db27
db42
db5d
db7a
db96
dbb4
dbd2
dbf0
dc10
dc2f
dc50
dc71
dc92
dcb5
dcd7
dcfb
dd1f
dd43
dd68
dd8e
ddb4
dddb
de02
de2a
de53
de7c
dea5
decf
defa
df25
df51
df7d
dfaa
dfd8
e005
e034
e063
e092
e0c2
e0f3
e124
e156
e188
e1ba
e1ed
e221
e255
e289
e2bf
e2f4
e32a
e361
e398
e3cf
e407
e43f
e478
e4b1
e4eb
e525
e560
e59b
e5d6
e612
e64f
e68c
e6c9
e706
e744
e783
e7c2
e801
e841
e881
e8c1
e902
e943
e985
e9c7
ea09
ea4c
ea8f
ead2
eb16
eb5a
eb9f
ebe3
ec28
ec6e
ecb4
ecfa
ed40
ed87
edce
ee15
ee5d
eea5
eeed
ef35
ef7e
efc7
f010
f05a
f0a4
f0ee
f138
f183
f1ce
f219
f264
f2af
f2fb
f347
f393
f3df
f42c
f479
f4c6
f513
f560
f5ae
f5fb
f649
f697
f6e5
f733
f782
f7d0
f81f
f86e
f8bd
f90c
f95b
f9ab
f9fa
fa4a
fa99
fae9
fb39
fb88
fbd8
fc28
fc78
fcc9
fd19
fd69
fdb9
fe0a
fe5a
feaa
fefb
ff4b
ff9b
ffec
003c
008d
00dd
012e
017e
01ce
021f
026f
02bf
030f
035f
03b0
0400
0450
049f
04ef
053f
058f
05de
062e
067d
06cc
071b
076a
07b9
0808
0857
08a5
08f4
0942
0990
09de
0a2c
0a79
0ac7
0b14
0b61
0bae
0bfa
0c47
0c93
0cdf
0d2b
0d76
0dc2
0e0d
0e58
0ea3
0eed
0f37
0f81
0fcb
1014
105d
10a6
10ef
1137
117f
11c7
120f
1256
129d
12e3
1329
136f
13b5
13fa
143f
1484
14c8
150c
1550
1593
15d6
1618
165a
169c
16dd
171e
175f
179f
17df
181f
185e
189c
18db
1918
1956
1993
19cf
1a0c
1a47
1a83
1abd
1af8
1b32
1b6b
1ba4
1bdd
1c15
1c4d
1c84
1cbb
1cf1
1d27
1d5c
1d91
1dc5
1df9
1e2c
1e5f
1e91
1ec3
1ef5
1f25
1f56
1f85
1fb5
1fe3
2012
203f
206c
2099
20c5
20f0
211b
2146
2170
2199
21c2
21ea
2212
2239
225f
2285
22aa
22cf
22f3
2317
233a
235d
237e
23a0
23c0
23e1
2400
241f
243d
245b
2478
2495
24b1
24cc
24e7
2501
251a
2533
254b
2563
257a
2590
25a6
25bb
25d0
25e3
25f7
2609
261b
262d
263d
264e
265d
266c
267a
2688
2694
26a1
26ac
26b7
26c2
26cb
26d5
26dd
26e5
26ec
26f2
26f8
26fe
2702
2706
2709
270c
270e
270f
2710
2710
270f
270e
270c
270a
2706
2703
26fe
26f9
26f3
26ed
26e6
26de
26d6
26cd
26c3
26b9
26ae
26a2
2696
2689
267c
266e
265f
264f
263f
262f
261e
260c
25f9
25e6
25d2
25be
25a9
2593
257d
2566
254e
2536
251d
2504
24ea
24cf
24b4
2498
247c
245f
2441
2423
2404
23e4
23c4
23a4
2383
2361
233e
231b
22f8
22d4
22af
228a
2264
223d
2216
21ef
21c7
219e
2175
214b
2121
20f6
20ca
209e
2072
2045
2017
1fe9
1fbb
1f8b
1f5c
1f2b
1efb
1ec9
1e98
1e65
1e33
1dff
1dcc
1d97
1d63
1d2d
1cf8
1cc2
1c8b
1c54
1c1c
1be4
1bab
1b72
1b39
1aff
1ac5
1a8a
1a4f
1a13
19d7
199a
195e
1920
18e2
18a4
1866
1827
17e7
17a7
1767
1727
16e6
16a4
1663
1620
15de
159b
1558
1514
14d1
148c
1448
1403
13be
1378
1332
12ec
12a5
125f
1217
11d0
1188
1140
10f8
10af
1067
101d
0fd4
0f8a
0f40
0ef6
0eac
0e61
0e16
0dcb
0d80
0d34
0ce8
0c9c
0c50
0c04
0bb7
0b6a
0b1d
0ad0
0a83
0a35
09e8
099a
094c
08fd
08af
0861
0812
07c3
0774
0725
06d6
0687
0638
05e8
0599
0549
04f9
04a9
045a
040a
03ba
036a
0319
02c9
0279
0229
01d8
0188
0138
00e7
0097
0046
fff6
ffa6
ff55
ff05
feb4
fe64
fe14
fdc3
fd73
fd23
fcd3
fc82
fc32
fbe2
fb92
fb43
faf3
faa3
fa53
fa04
f9b5
f965
f916
f8c7
f878
f829
f7da
f78c
f73d
f6ef
f6a1
f653
f605
f5b7
f56a
f51d
f4cf
f482
f436
f3e9
f39d
f351
f305
f2b9
f26d
f222
f1d7
f18c
f141
f0f7
f0ad
f063
f01a
efd0
ef87
ef3e
eef6
eeae
ee66
ee1e
edd7
ed90
ed49
ed02
ecbc
ec77
ec31
ebec
eba7
eb63
eb1e
eadb
ea97
ea54
ea11
e9cf
e98d
e94b
e90a
e8c9
e889
e849
e809
e7ca
e78b
e74c
e70e
e6d0
e693
e656
e61a
e5de
e5a2
e567
e52d
e4f2
e4b9
e47f
e446
e40e
e3d6
e39e
e367
e331
e2fb
e2c5
e290
e25b
e227
e1f4
e1c1
e18e
e15c
e12a
e0f9
e0c8
e098
e069
e03a
e00b
dfdd
dfb0
df83
df56
df2b
deff
ded5
deaa
de81
de58
de2f
de07
dde0
ddb9
dd93
dd6d
dd48
dd23
dcff
dcdc
dcb9
dc97
dc75
dc54
dc33
dc14
dbf4
dbd6
dbb8
db9a
db7d
db61
db45
db2a
db10
daf6
dadd
dac4
daac
da95
da7e
da68
da52
da3d
da29
da15
da02
d9f0
d9de
d9cd
d9bc
d9ad
d99d
d98f
d981
d974
d967
d95b
d94f
d945
d93b
d931
d928
d920
d918
d912
d90b
d906
d901
d8fc
d8f9
d8f6
d8f3
d8f2
d8f0
d8f0
d8f0
d8f1
d8f3
d8f5
d8f7
d8fb
d8ff
d904
d909
d90f
d916
d91d
d925
d92e
d937
d941
d94b
d956
d962
d96f
d97c
d989
d998
d9a7
d9b6
d9c7
d9d8
d9e9
d9fb
da0e
da21
da36
da4a
da5f
da75
da8c
daa3
dabb
dad3
daec
db06
db20
db3b
db56
db72
db8f
dbac
dbca
dbe9
dc08
dc27
dc48
dc69
dc8a
dcac
dccf
dcf2
dd16
dd3a
dd5f
dd84
ddaa
ddd1
ddf8
de20
de48
de71
de9b
dec5
deef
df1a
df46
df72
df9f
dfcc
dffa
e028
e057
e086
e0b6
e0e7
e118
e149
e17b
e1ae
e1e0
e214
e248
e27c
e2b1
e2e7
e31d
e353
e38a
e3c1
e3f9
e431
e46a
e4a3
e4dd
e517
e551
e58c
e5c8
e603
e640
e67c
e6b9
e6f7
e735
e773
e7b2
e7f1
e831
e871
e8b1
e8f2
e933
e974
e9b6
e9f8
ea3b
ea7e
eac1
eb05
eb49
eb8d
ebd2
ec17
ec5c
eca2
ece8
ed2e
ed75
edbc
ee03
ee4b
ee93
eedb
ef23
ef6c
efb5
effe
f048
f091
f0db
f126
f170
f1bb
f206
f251
f29c
f2e8
f334
f380
f3cc
f419
f466
f4b2
f500
f54d
f59a
f5e8
f636
f684
f6d2
f720
f76e
f7bd
f80c
f85a
f8a9
f8f8
f947
f997
f9e6
fa36
fa85
fad5
fb25
fb74
fbc4
fc14
fc64
fcb5
fd05
fd55
fda5
fdf5
fe46
fe96
fee7
ff37
ff87
ffd8
0028
0079
00c9
0119
016a
01ba
020b
025b
02ab
02fb
034b
039c
03ec
043c
048c
04db
052b
057b
05ca
061a
0669
06b9
0708
0757
07a6
07f4
0843
0892
08e0
092e
097c
09ca
0a18
0a66
0ab3
0b00
0b4e
0b9a
0be7
0c34
0c80
0ccc
0d18
0d64
0daf
0dfa
0e45
0e90
0eda
0f25
0f6f
0fb8
1002
104b
1094
10dd
1125
116d
11b5
11fd
1244
128b
12d2
1318
135e
13a4
13e9
142e
1473
14b7
14fb
153f
1582
15c5
1608
164a
168c
16cd
170e
174f
178f
17cf
180f
184e
188d
18cb
1909
1947
1984
19c0
19fd
1a38
1a74
1aaf
1ae9
1b23
1b5d
1b96
1bcf
1c07
1c3f
1c76
1cad
1ce3
1d19
1d4f
1d84
1db8
1dec
1e20
1e52
1e85
1eb7
1ee8
1f19
1f4a
1f7a
1fa9
1fd8
2006
2034
2061
208e
20ba
20e6
2111
213b
2165
218f
21b8
21e0
2208
222f
2256
227c
22a1
22c6
22ea
230e
2331
2354
2376
2397
23b8
23d9
23f8
2417
2436
2454
2471
248e
24aa
24c5
24e0
24fa
2514
252d
2545
255d
2574
258b
25a1
25b6
25ca
25df
25f2
2605
2617
2628
2639
264a
2659
2668
2677
2684
2691
269e
26aa
26b5
26bf
26c9
26d2
26db
26e3
26ea
26f1
26f7
26fc
2701
2705
2709
270b
270d
270f
2710
2710
2710
270e
270d
270a
2707
2704
26ff
26fa
26f5
26ee
26e8
26e0
26d8
26cf
26c5
26bb
26b1
26a5
2699
268c
267f
2671
2663
2653
2644
2633
2622
2610
25fe
25eb
25d7
25c3
25ae
2598
2582
256b
2554
253c
2523
250a
24f0
24d6
24bb
249f
2483
2466
2448
242a
240c
23ec
23cd
23ac
238b
2369
2347
2324
2301
22dd
22b8
2293
226d
2247
2220
21f9
21d1
21a8
217f
2156
212b
2101
20d5
20aa
207d
2050
2023
1ff5
1fc6
1f97
1f68
1f38
1f07
1ed6
1ea4
1e72
1e3f
1e0c
1dd9
1da5
1d70
1d3b
1d05
1ccf
1c99
1c62
1c2a
1bf2
1bba
1b81
1b47
1b0e
1ad3
1a99
1a5e
1a22
19e6
19aa
196d
1930
18f2
18b4
1875
1836
17f7
17b7
1777
1737
16f6
16b5
1673
1631
15ef
15ac
1569
1525
14e2
149d
1459
1414
13cf
1389
1344
12fe
12b7
1270
1229
11e2
119a
1152
110a
10c2
1079
1030
0fe6
0f9d
0f53
0f09
0ebf
0e74
0e29
0dde
0d93
0d47
0cfb
0caf
0c63
0c17
0bca
0b7e
0b31
0ae3
0a96
0a49
09fb
09ad
095f
0911
08c3
0874
0826
07d7
0788
0739
06ea
069b
064b
05fc
05ad
055d
050d
04bd
046e
041e
03ce
037e
032d
02dd
028d
023d
01ec
019c
014c
00fb
00ab
005a
000a
ffba
ff69
ff19
fec8
fe78
fe28
fdd7
fd87
fd37
fce7
fc96
fc46
fbf6
fba6
fb57
fb07
fab7
fa67
fa18
f9c8
f979
f92a
f8db
f88c
f83d
f7ee
f79f
f751
f703
f6b4
f666
f618
f5cb
f57d
f530
f4e3
f496
f449
f3fc
f3b0
f364
f318
f2cc
f280
f235
f1ea
f19f
f154
f10a
f0c0
f076
f02c
efe3
ef99
ef51
ef08
eec0
ee78
ee30
ede9
eda1
ed5b
ed14
ecce
ec88
ec42
ebfd
ebb8
eb74
eb2f
eaec
eaa8
ea65
ea22
e9e0
e99d
e95c
e91a
e8d9
e899
e859
e819
e7d9
e79a
e75c
e71e
e6e0
e6a2
e666
e629
e5ed
e5b1
e576
e53b
e501
e4c7
e48e
e455
e41c
e3e4
e3ac
e375
e33e
e308
e2d3
e29d
e269
e234
e201
e1cd
e19b
e168
e137
e105
e0d5
e0a4
e075
e045
e017
dfe9
dfbb
df8e
df62
df36
df0a
dedf
deb5
de8b
de62
de39
de11
ddea
ddc3
dd9c
dd76
dd51
dd2c
dd08
dce5
dcc2
dc9f
dc7d
dc5c
dc3c
dc1c
dbfc
dbdd
dbbf
dba1
db84
db68
db4c
db31
db16
dafc
dae3
daca
dab2
da9a
da83
da6d
da57
da42
da2e
da1a
da07
d9f4
d9e2
d9d1
d9c1
d9b1
d9a1
d992
d984
d977
d96a
d95e
d952
d947
d93d
d933
d92a
d922
d91a
d913
d90d
d907
d902
d8fd
d8fa
d8f6
d8f4
d8f2
d8f1
d8f0
d8f0
d8f1
d8f2
d8f4
d8f7
d8fa
d8fe
d902
d908
d90e
d914
d91b
d923
d92b
d935
d93e
d949
d954
d95f
d96c
d978
d986
d994
d9a3
d9b2
d9c3
d9d3
d9e5
d9f7
da09
da1d
da30
da45
da5a
da70
da86
da9d
dab5
dacd
dae6
daff
db19
db34
db4f
db6b
db88
dba5
dbc3
dbe1
dc00
dc1f
dc40
dc60
dc82
dca3
dcc6
dce9
dd0d
dd31
dd56
dd7b
dda1
ddc7
ddee
de16
de3e
de67
de90
deba
dee5
df10
df3b
df67
df94
dfc1
dfee
e01d
e04b
e07b
e0aa
e0db
e10b
e13d
e16f
e1a1
e1d4
e207
e23b
e26f
e2a4
e2d9
e30f
e345
e37c
e3b3
e3eb
e423
e45c
e495
e4ce
e508
e543
e57d
e5b9
e5f4
e631
e66d
e6aa
e6e8
e725
e764
e7a2
e7e1
e821
e861
e8a1
e8e2
e923
e964
e9a6
e9e8
ea2a
ea6d
eab0
eaf4
eb38
eb7c
ebc1
ec06
ec4b
ec91
ecd7
ed1d
ed63
edaa
edf1
ee39
ee81
eec9
ef11
ef5a
efa3
efec
f035
f07f
f0c9
f113
f15d
f1a8
f1f3
f23e
f28a
f2d5
f321
f36d
f3b9
f406
f452
f49f
f4ec
f539
f587
f5d4
f622
f670
f6be
f70c
f75b
f7a9
f7f8
f847
f896
f8e5
f934
f983
f9d2
fa22
fa71
fac1
fb11
fb61
fbb0
fc00
fc50
fca1
fcf1
fd41
fd91
fde1
fe32
fe82
fed2
ff23
ff73
ffc4
0014
0065
00b5
0105
0156
01a6
01f6
0247
0297
02e7
0337
0388
03d8
0428
0478
04c7
0517
0567
05b6
0606
0655
06a5
06f4
0743
0792
07e1
0830
087e
08cd
091b
0969
09b7
0a05
0a52
0aa0
0aed
0b3a
0b87
0bd4
0c21
0c6d
0cb9
0d05
0d51
0d9c
0de7
0e32
0e7d
0ec8
0f12
0f5c
0fa6
0ff0
1039
1082
10cb
1113
115b
11a3
11eb
1232
1279
12c0
1306
134c
1392
13d8
141d
1461
14a6
14ea
152e
1571
15b4
15f7
1639
167b
16bd
16fe
173f
177f
17bf
17ff
183e
187d
18bc
18fa
1937
1974
19b1
19ee
1a2a
1a65
1aa0
1adb
1b15
1b4f
1b88
1bc1
1bf9
1c31
1c68
1c9f
1cd6
1d0c
1d41
1d77
1dab
1ddf
1e13
1e46
1e78
1eaa
1edc
1f0d
1f3e
1f6e
1f9d
1fcc
1ffb
2028
2056
2083
20af
20db
2106
2131
215b
2184
21ad
21d6
21fe
2225
224c
2272
2298
22bd
22e1
2305
2329
234b
236e
238f
23b0
23d1
23f0
2410
242e
244c
246a
2486
24a3
24be
24d9
24f4
250d
2527
253f
2557
256e
2585
259b
25b1
25c5
25da
25ed
2600
2612
2624
2635
2646
2655
2664
2673
2681
268e
269b
26a7
26b2
26bd
26c7
26d0
26d9
26e1
26e8
26ef
26f5
26fb
2700
2704
2708
270b
270d
270f
2710
2710
2710
270f
270d
270b
2708
2705
2700
26fc
26f6
26f0
26e9
26e2
26da
26d1
26c8
26be
26b3
26a8
269c
2690
2683
2675
2666
2657
2648
2637
2626
2615
2602
25f0
25dc
25c8
25b3
259e
2588
2571
255a
2542
252a
2511
24f7
24dd
24c2
24a6
248a
246d
2450
2432
2413
23f4
23d5
23b4
2393
2372
2350
232d
230a
22e6
22c1
229c
2277
2251
222a
2203
21db
21b3
218a
2160
2136
210b
20e0
20b5
2088
205b
202e
2000
1fd2
1fa3
1f74
1f44
1f13
1ee2
1eb1
1e7f
1e4c
1e19
1de6
1db2
1d7d
1d48
1d13
1cdd
1ca6
1c6f
1c38
1c00
1bc8
1b8f
1b56
1b1c
1ae2
1aa7
1a6c
1a31
19f5
19b9
197c
193f
1901
18c3
1885
1846
1807
17c7
1787
1747
1706
16c5
1683
1642
15ff
15bd
157a
1536
14f3
14ae
146a
1425
13e0
139b
1355
130f
12c9
1282
123b
11f4
11ac
1164
111c
10d4
108b
1042
0ff9
0faf
0f65
0f1b
0ed1
0e87
0e3c
0df1
0da6
0d5a
0d0e
0cc3
0c76
0c2a
0bde
0b91
0b44
0af7
0aaa
0a5c
0a0e
09c1
0973
0925
08d6
0888
0839
07eb
079c
074d
06fe
06af
065f
0610
05c0
0571
0521
04d1
0482
0432
03e2
0392
0341
02f1
02a1
0251
0200
01b0
0160
010f
00bf
006f
001e
ffce
ff7d
ff2d
fedd
fe8c
fe3c
fdeb
fd9b
fd4b
fcfb
fcab
fc5a
fc0a
fbba
fb6a
fb1b
facb
fa7b
fa2c
f9dc
f98d
f93e
f8ee
f89f
f850
f802
f7b3
f764
f716
f6c8
f67a
f62c
f5de
f591
f543
f4f6
f4a9
f45c
f40f
f3c3
f377
f32a
f2df
f293
f248
f1fc
f1b1
f167
f11c
f0d2
f088
f03e
eff5
efac
ef63
ef1a
eed2
ee8a
ee42
edfa
edb3
ed6c
ed26
ecdf
ec99
ec54
ec0e
ebc9
eb85
eb40
eafd
eab9
ea76
ea33
e9f0
e9ae
e96c
e92b
e8ea
e8a9
e869
e829
e7e9
e7aa
e76b
e72d
e6ef
e6b2
e675
e638
e5fc
e5c0
e585
e54a
e50f
e4d5
e49c
e463
e42a
e3f2
e3ba
e383
e34c
e316
e2e0
e2ab
e276
e241
e20d
e1da
e1a7
e175
e143
e112
e0e1
e0b0
e081
e051
e022
dff4
dfc6
df99
df6d
df40
df15
deea
debf
de95
de6c
de43
de1b
ddf3
ddcc
dda6
dd80
dd5a
dd35
dd11
dced
dcca
dca8
dc86
dc64
dc44
dc23
dc04
dbe5
dbc6
dba9
db8c
db6f
db53
db38
db1d
db03
dae9
dad0
dab8
daa0
da89
da73
da5d
da48
da33
da1f
da0c
d9f9
d9e7
d9d5
d9c5
d9b4
d9a5
d996
d988
d97a
d96d
d961
d955
d94a
d93f
d936
d92d
d924
d91c
d915
d90e
d908
d903
d8fe
d8fa
d8f7
d8f4
d8f2
d8f1
d8f0
d8f0
d8f1
d8f2
d8f4
d8f6
d8f9
d8fd
d901
d906
d90c
d912
d919
d921
d929
d932
d93c
d946
d951
d95c
d968
d975
d983
d991
d99f
d9af
d9be
d9cf
d9e0
d9f2
da05
da18
da2b
da40
da55
da6a
da81
da97
daaf
dac7
dae0
daf9
db13
db2d
db49
db64
db81
db9e
dbbb
dbd9
dbf8
dc18
dc38
dc58
dc79
dc9b
dcbd
dce0
dd04
dd28
dd4c
dd72
dd97
ddbe
dde5
de0c
de34
de5d
de86
deb0
deda
df05
df30
df5c
df88
dfb5
dfe3
e011
e040
e06f
e09e
e0ce
e0ff
e130
e162
e194
e1c7
e1fa
e22e
e262
e297
e2cc
e302
e338
e36e
e3a5
e3dd
e415
e44d
e486
e4c0
e4fa
e534
e56f
e5aa
e5e5
e621
e65e
e69b
e6d8
e716
e754
e793
e7d2
e811
e851
e891
e8d1
e912
e954
e995
e9d7
ea1a
ea5d
eaa0
eae3
eb27
eb6b
ebb0
ebf5
ec3a
ec7f
ecc5
ed0b
ed52
ed99
ede0
ee27
ee6f
eeb7
eeff
ef47
ef90
efd9
f023
f06c
f0b6
f100
f14b
f195
f1e0
f22b
f277
f2c2
f30e
f35a
f3a6
f3f3
f43f
f48c
f4d9
f526
f574
f5c1
f60f
f65d
f6ab
f6f9
f747
f796
f7e4
f833
f882
f8d1
f920
f96f
f9be
fa0e
fa5d
faad
fafd
fb4d
fb9c
fbec
fc3c
fc8c
fcdd
fd2d
fd7d
fdcd
fe1e
fe6e
febe
ff0f
ff5f
ffb0
0000
0050
00a1
00f1
0142
0192
01e2
0233
0283
02d3
0323
0374
03c4
0414
0464
04b3
0503
0553
05a3
05f2
0642
0691
06e0
072f
077e
07cd
081c
086a
08b9
0907
0955
09a3
09f1
0a3f
0a8c
0ada
0b27
0b74
0bc1
0c0d
0c5a
0ca6
0cf2
0d3e
0d89
0dd5
0e20
0e6b
0eb5
0f00
0f4a
0f94
0fdd
1027
1070
10b9
1101
1149
1191
11d9
1220
1267
12ae
12f5
133b
1381
13c6
140b
1450
1495
14d9
151d
1560
15a3
15e6
1629
166b
16ac
16ee
172f
176f
17af
17ef
182e
186d
18ac
18ea
1928
1965
19a2
19df
1a1b
1a56
1a91
1acc
1b06
1b40
1b7a
1bb3
1beb
1c23
1c5b
1c92
1cc8
1cfe
1d34
1d69
1d9e
1dd2
1e06
1e39
1e6c
1e9e
1ed0
1f01
1f32
1f62
1f91
1fc0
1fef
201d
204b
2078
20a4
20d0
20fb
2126
2150
217a
21a3
21cc
21f4
221b
2242
2269
228e
22b4
22d8
22fc
2320
2343
2365
2387
23a8
23c8
23e8
2408
2427
2445
2462
247f
249c
24b7
24d3
24ed
2507
2520
2539
2551
2569
257f
2596
25ab
25c0
25d5
25e8
25fb
260e
2620
2631
2642
2651
2661
266f
267d
268b
2698
26a4
26af
26ba
26c4
26ce
26d7
26df
26e7
26ee
26f4
26fa
26ff
2703
2707
270a
270c
270e
270f
2710
2710
270f
270e
270c
2709
2706
2702
26fd
26f8
26f2
26eb
26e4
26dc
26d3
26ca
26c1
26b6
26ab
269f
2693
2686
2678
266a
265b
264c
263b
262b
2619
2607
25f4
25e1
25cd
25b8
25a3
258d
2577
2560
2548
2530
2517
24fd
24e3
24c8
24ad
2491
2474
2457
243a
241b
23fc
23dd
23bc
239c
237a
2358
2336
2313
22ef
22cb
22a6
2280
225a
2234
220d
21e5
21bd
2194
216b
2141
2116
20eb
20c0
2093
2067
203a
200c
1fde
1faf
1f7f
1f50
1f1f
1eee
1ebd
1e8b
1e59
1e26
1df3
1dbf
1d8a
1d55
1d20
1cea
1cb4
1c7d
1c46
1c0e
1bd6
1b9d
1b64
1b2b
1af1
1ab6
1a7b
1a40
1a04
19c8
198b
194e
1911
18d3
1895
1856
1817
17d7
1797
1757
1716
16d5
1694
1652
1610
15cd
158a
1547
1503
14c0
147b
1437
13f2
13ac
1367
1321
12da
1294
124d
1206
11be
1176
112e
10e6
109d
1054
100b
0fc2
0f78
0f2e
0ee4
0e99
0e4f
0e04
0db8
0d6d
0d21
0cd6
0c89
0c3d
0bf1
0ba4
0b57
0b0a
0abd
0a6f
0a22
09d4
0986
0938
08ea
089c
084d
07fe
07b0
0761
0712
06c2
0673
0624
05d4
0585
0535
04e5
0496
0446
03f6
03a6
0355
0305
02b5
0265
0215
01c4
0174
0123
00d3
0083
0032
ffe2
ff91
ff41
fef1
fea0
fe50
fe00
fdaf
fd5f
fd0f
fcbf
fc6e
fc1e
fbce
fb7e
fb2f
fadf
fa8f
fa40
f9f0
f9a1
f951
f902
f8b3
f864
f815
f7c7
f778
f72a
f6db
f68d
f63f
f5f2
f5a4
f556
f509
f4bc
f46f
f422
f3d6
f38a
f33d
f2f2
f2a6
f25a
f20f
f1c4
f179
f12f
f0e5
f09b
f051
f007
efbe
ef75
ef2c
eee4
ee9c
ee54
ee0c
edc5
ed7e
ed37
ecf1
ecab
ec65
ec20
ebdb
eb96
eb52
eb0d
eaca
ea86
ea43
ea01
e9be
e97d
e93b
e8fa
e8b9
e879
e839
e7f9
e7ba
e77b
e73d
e6ff
e6c1
e684
e647
e60b
e5cf
e594
e559
e51e
e4e4
e4aa
e471
e438
e400
e3c8
e391
e35a
e323
e2ed
e2b8
e283
e24e
e21a
e1e7
e1b4
e181
e14f
e11e
e0ed
e0bc
e08c
e05d
e02e
e000
dfd2
dfa5
df78
df4b
df20
def5
deca
dea0
de76
de4d
de25
ddfd
ddd6
ddaf
dd89
dd64
dd3f
dd1a
dcf6
dcd3
dcb0
dc8e
dc6d
dc4c
dc2b
dc0c
dbed
dbce
dbb0
db93
db76
db5a
db3e
db23
db09
daef
dad6
dabe
daa6
da8f
da78
da62
da4d
da38
da24
da10
d9fe
d9eb
d9da
d9c9
d9b8
d9a9
d99a
d98b
d97d
d970
d964
d958
d94d
d942
d938
d92f
d926
d91e
d917
d910
d90a
d904
d900
d8fb
d8f8
d8f5
d8f3
d8f1
d8f0
d8f0
d8f0
d8f1
d8f3
d8f5
d8f8
d8fc
d900
d905
d90b
d911
d918
d91f
d927
d930
d939
d943
d94e
d959
d965
d972
d97f
d98d
d99c
d9ab
d9ba
d9cb
d9dc
d9ee
da00
da13
da26
da3b
da4f
da65
da7b
da92
daa9
dac1
dad9
daf3
db0c
db27
db42
db5d
db7a
db96
dbb4
dbd2
dbf0
dc10
dc2f
dc50
dc71
dc92
dcb5
dcd7
dcfb
dd1f
dd43
dd68
dd8e
ddb4
dddb
de02
de2a
de53
de7c
dea5
decf
defa
df25
df51
df7d
dfaa
dfd8
e005
e034
e063
e092
e0c2
e0f3
e124
e156
e188
e1ba
e1ed
e221
e255
e289
e2bf
e2f4
e32a
e361
e398
e3cf
e407
e43f
e478
e4b1
e4eb
e525
e560
e59b
e5d6
e612
e64f
e68c
e6c9
e706
e744
e783
e7c2
e801
e841
e881
e8c1
e902
e943
e985
e9c7
ea09
ea4c
ea8f
ead2
eb16
eb5a
eb9f
ebe3
ec28
ec6e
ecb4
ecfa
ed40
ed87
edce
ee15
ee5d
eea5
eeed
ef35
ef7e
efc7
f010
f05a
f0a4
f0ee
f138
f183
f1ce
f219
f264
f2af
f2fb
f347
f393
f3df
f42c
f479
f4c6
f513
f560
f5ae
f5fb
f649
f697
f6e5
f733
f782
f7d0
f81f
f86e
f8bd
f90c
f95b
f9ab
f9fa
fa4a
fa99
fae9
fb39
fb88
fbd8
fc28
fc78
fcc9
fd19
fd69
fdb9
fe0a
fe5a
feaa
fefb
ff4b
ff9b
ffec
003c
008d
00dd
012e
017e
01ce
021f
026f
02bf
030f
035f
03b0
0400
0450
049f
04ef
053f
058f
05de
062e
067d
06cc
071b
076a
07b9
0808
0857
08a5
08f4
0942
0990
09de
0a2c
0a79
0ac7
0b14
0b61
0bae
0bfa
0c47
0c93
0cdf
0d2b
0d76
0dc2
0e0d
0e58
0ea3
0eed
0f37
0f81
0fcb
1014
105d
10a6
10ef
1137
117f
11c7
120f
1256
129d
12e3
1329
136f
13b5
13fa
143f
1484
14c8
150c
1550
1593
15d6
1618
165a
169c
16dd
171e
175f
179f
17df
181f
185e
189c
18db
1918
1956
1993
19cf
1a0c
1a47
1a83
1abd
1af8
1b32
1b6b
1ba4
1bdd
1c15
1c4d
1c84
1cbb
1cf1
1d27
1d5c
1d91
1dc5
1df9
1e2c
1e5f
1e91
1ec3
1ef5
1f25
1f56
1f85
1fb5
1fe3
2012
203f
206c
2099
20c5
20f0
211b
2146
2170
2199
21c2
21ea
2212
2239
225f
2285
22aa
22cf
22f3
2317
233a
235d
237e
23a0
23c0
23e1
2400
241f
243d
245b
2478
2495
24b1
24cc
24e7
2501
251a
2533
254b
2563
257a
2590
25a6
25bb
25d0
25e3
25f7
2609
261b
262d
263d
264e
265d
266c
267a
2688
2694
26a1
26ac
26b7
26c2
26cb
26d5
26dd
26e5
26ec
26f2
26f8
26fe
2702
2706
2709
270c
270e
270f
2710
2710
270f
270e
270c
270a
2706
2703
26fe
26f9
26f3
26ed
26e6
26de
26d6
26cd
26c3
26b9
26ae
26a2
2696
2689
267c
266e
265f
264f
263f
262f
261e
260c
25f9
25e6
25d2
25be
25a9
2593
257d
2566
254e
2536
251d
2504
24ea
24cf
24b4
2498
247c
245f
2441
2423
2404
23e4
23c4
23a4
2383
2361
233e
231b
22f8
22d4
22af
228a
2264
223d
2216
21ef
21c7
219e
2175
214b
2121
20f6
20ca
209e
2072
2045
2017
1fe9
1fbb
1f8b
1f5c
1f2b
1efb
1ec9
1e98
1e65
1e33
1dff
1dcc
1d97
1d63
1d2d
1cf8
1cc2
1c8b
1c54
1c1c
1be4
1bab
1b72
1b39
1aff
1ac5
1a8a
1a4f
1a13
19d7
199a
195e
1920
18e2
18a4
1866
1827
17e7
17a7
1767
1727
16e6
16a4
1663
1620
15de
159b
1558
1514
14d1
148c
1448
1403
13be
1378
1332
12ec
12a5
125f
1217
11d0
1188
1140
10f8
10af
1067
101d
0fd4
0f8a
0f40
0ef6
0eac
0e61
0e16
0dcb
0d80
0d34
0ce8
0c9c
0c50
0c04
0bb7
0b6a
0b1d
0ad0
0a83
0a35
09e8
099a
094c
08fd
08af
0861
0812
07c3
0774
0725
06d6
0687
0638
05e8
0599
0549
04f9
04a9
045a
040a
03ba
036a
0319
02c9
0279
0229
01d8
0188
0138
00e7
0097
0046
fff6
ffa6
ff55
ff05
feb4
fe64
fe14
fdc3
fd73
fd23
fcd3
fc82
fc32
fbe2
fb92
fb43
faf3
faa3
fa53
fa04
f9b5
f965
f916
f8c7
f878
f829
f7da
f78c
f73d
f6ef
f6a1
f653
f605
f5b7
f56a
f51d
f4cf
f482
f436
f3e9
f39d
f351
f305
f2b9
f26d
f222
f1d7
f18c
f141
f0f7
f0ad
f063
f01a
efd0
ef87
ef3e
eef6
eeae
ee66
ee1e
edd7
ed90
ed49
ed02
ecbc
ec77
ec31
ebec
eba7
eb63
eb1e
eadb
ea97
ea54
ea11
e9cf
e98d
e94b
e90a
e8c9
e889
e849
e809
e7ca
e78b
e74c
e70e
e6d0
e693
e656
e61a
e5de
e5a2
e567
e52d
e4f2
e4b9
e47f
e446
e40e
e3d6
e39e
e367
e331
e2fb
e2c5
e290
e25b
e227
e1f4
e1c1
e18e
e15c
e12a
e0f9
e0c8
e098
e069
e03a
e00b
dfdd
dfb0
df83
df56
df2b
deff
ded5
deaa
de81
de58
de2f
de07
dde0
ddb9
dd93
dd6d
dd48
dd23
dcff
dcdc
dcb9
dc97
dc75
dc54
dc33
dc14
dbf4
dbd6
dbb8
db9a
db7d
db61
db45
db2a
db10
daf6
dadd
dac4
daac
da95
da7e
da68
da52
da3d
da29
da15
da02
d9f0
d9de
d9cd
d9bc
d9ad
d99d
d98f
d981
d974
d967
d95b
d94f
d945
d93b
d931
d928
d920
d918
d912
d90b
d906
d901
d8fc
d8f9
d8f6
d8f3
d8f2
d8f0
d8f0
d8f0
d8f1
d8f3
d8f5
d8f7
d8fb
d8ff
d904
d909
d90f
d916
d91d
d925
d92e
d937
d941
d94b
d956
d962
d96f
d97c
d989
d998
d9a7
d9b6
d9c7
d9d8
d9e9
d9fb
da0e
da21
da36
da4a
da5f
da75
da8c
daa3
dabb
dad3
daec
db06
db20
db3b
db56
db72
db8f
dbac
dbca
dbe9
dc08
dc27
dc48
dc69
dc8a
dcac
dccf
dcf2
dd16
dd3a
dd5f
dd84
ddaa
ddd1
ddf8
de20
de48
de71
de9b
dec5
deef
df1a
df46
df72
df9f
dfcc
dffa
e028
e057
e086
e0b6
e0e7
e118
e149
e17b
e1ae
e1e0
e214
e248
e27c
e2b1
e2e7
e31d
e353
e38a
e3c1
e3f9
e431
e46a
e4a3
e4dd
e517
e551
e58c
e5c8
e603
e640
e67c
e6b9
e6f7
e735
e773
e7b2
e7f1
e831
e871
e8b1
e8f2
e933
e974
e9b6
e9f8
ea3b
ea7e
eac1
eb05
eb49
eb8d
ebd2
ec17
ec5c
eca2
ece8
ed2e
ed75
edbc
ee03
ee4b
ee93
eedb
ef23
ef6c
efb5
effe
f048
f091
f0db
f126
f170
f1bb
f206
f251
f29c
f2e8
f334
f380
f3cc
f419
f466
f4b2
f500
f54d
f59a
f5e8
f636
f684
f6d2
f720
f76e
f7bd
f80c
f85a
f8a9
f8f8
f947
f997
f9e6
fa36
fa85
fad5
fb25
fb74
fbc4
fc14
fc64
fcb5
fd05
fd55
fda5
fdf5
fe46
fe96
fee7
ff37
ff87
ffd8
0028
0079
00c9
0119
016a
01ba
020b
025b
02ab
02fb
034b
039c
03ec
043c
048c
04db
052b
057b
05ca
061a
0669
06b9
0708
0757
07a6
07f4
0843
0892
08e0
092e
097c
09ca
0a18
0a66
0ab3
0b00
0b4e
0b9a
0be7
0c34
0c80
0ccc
0d18
0d64
0daf
0dfa
0e45
0e90
0eda
0f25
0f6f
0fb8
1002
104b
1094
10dd
1125
116d
11b5
11fd
1244
128b
12d2
1318
135e
13a4
13e9
142e
1473
14b7
14fb
153f
1582
15c5
1608
164a
168c
16cd
170e
174f
178f
17cf
180f
184e
188d
18cb
1909
1947
1984
19c0
19fd
1a38
1a74
1aaf
1ae9
1b23
1b5d
1b96
1bcf
1c07
1c3f
1c76
1cad
1ce3
1d19
1d4f
1d84
1db8
1dec
1e20
1e52
1e85
1eb7
1ee8
1f19
1f4a
1f7a
1fa9
1fd8
2006
2034
2061
208e
20ba
20e6
2111
213b
2165
218f
21b8
21e0
2208
222f
2256
227c
22a1
22c6
22ea
230e
2331
2354
2376
2397
23b8
23d9
23f8
2417
2436
2454
2471
248e
24aa
24c5
24e0
24fa
2514
252d
2545
255d
2574
258b
25a1
25b6
25ca
25df
25f2
2605
2617
2628
2639
264a
2659
2668
2677
2684
2691
269e
26aa
26b5
26bf
26c9
26d2
26db
26e3
26ea
26f1
26f7
26fc
2701
2705
2709
270b
270d
270f
2710
2710
2710
270e
270d
270a
2707
2704
26ff
26fa
26f5
26ee
26e8
26e0
26d8
26cf
26c5
26bb
26b1
26a5
2699
268c
267f
2671
2663
2653
2644
2633
2622
2610
25fe
25eb
25d7
25c3
25ae
2598
2582
256b
2554
253c
2523
250a
24f0
24d6
24bb
249f
2483
2466
2448
242a
240c
23ec
23cd
23ac
238b
2369
2347
2324
2301
22dd
22b8
2293
226d
2247
2220
21f9
21d1
21a8
217f
2156
212b
2101
20d5
20aa
207d
2050
2023
1ff5
1fc6
1f97
1f68
1f38
1f07
1ed6
1ea4
1e72
1e3f
1e0c
1dd9
1da5
1d70
1d3b
1d05
1ccf
1c99
1c62
1c2a
1bf2
1bba
1b81
1b47
1b0e
1ad3
1a99
1a5e
1a22
19e6
19aa
196d
1930
18f2
18b4
1875
1836
17f7
17b7
1777
1737
16f6
16b5
1673
1631
15ef
15ac
1569
1525
14e2
149d
1459
1414
13cf
1389
1344
12fe
12b7
1270
1229
11e2
119a
1152
110a
10c2
1079
1030
0fe6
0f9d
0f53
0f09
0ebf
0e74
0e29
0dde
0d93
0d47
0cfb
0caf
0c63
0c17
0bca
0b7e
0b31
0ae3
0a96
0a49
09fb
09ad
095f
0911
08c3
0874
0826
07d7
0788
0739
06ea
069b
064b
05fc
05ad
055d
050d
04bd
046e
041e
03ce
037e
032d
02dd
028d
023d
01ec
019c
014c
00fb
00ab
005a
000a
ffba
ff69
ff19
fec8
fe78
fe28
fdd7
fd87
fd37
fce7
fc96
fc46
fbf6
fba6
fb57
fb07
fab7
fa67
fa18
f9c8
f979
f92a
f8db
f88c
f83d
f7ee
f79f
f751
f703
f6b4
f666
f618
f5cb
f57d
f530
f4e3
f496
f449
f3fc
f3b0
f364
f318
f2cc
f280
f235
f1ea
f19f
f154
f10a
f0c0
f076
f02c
efe3
ef99
ef51
ef08
eec0
ee78
ee30
ede9
eda1
ed5b
ed14
ecce
ec88
ec42
ebfd
ebb8
eb74
eb2f
eaec
eaa8
ea65
ea22
e9e0
e99d
e95c
e91a
e8d9
e899
e859
e819
e7d9
e79a
e75c
e71e
e6e0
e6a2
e666
e629
e5ed
e5b1
e576
e53b
e501
e4c7
e48e
e455
e41c
e3e4
e3ac
e375
e33e
e308
e2d3
e29d
e269
e234
e201
e1cd
e19b
e168
e137
e105
e0d5
e0a4
e075
e045
e017
dfe9
dfbb
df8e
df62
df36
df0a
dedf
deb5
de8b
de62
de39
de11
ddea
ddc3
dd9c
dd76
dd51
dd2c
dd08
dce5
dcc2
dc9f
dc7d
dc5c
dc3c
dc1c
dbfc
dbdd
dbbf
dba1
db84
db68
db4c
db31
db16
dafc
dae3
daca
dab2
da9a
da83
da6d
da57
da42
da2e
da1a
da07
d9f4
d9e2
d9d1
d9c1
d9b1
d9a1
d992
d984
d977
d96a
d95e
d952
d947
d93d
d933
d92a
d922
d91a
d913
d90d
d907
d902
d8fd
d8fa
d8f6
d8f4
d8f2
d8f1
d8f0
d8f0
d8f1
d8f2
d8f4
d8f7
d8fa
d8fe
d902
d908
d90e
d914
d91b
d923
d92b
d935
d93e
d949
d954
d95f
d96c
d978
d986
d994
d9a3
d9b2
d9c3
d9d3
d9e5
d9f7
da09
da1d
da30
da45
da5a
da70
da86
da9d
dab5
dacd
dae6
daff
db19
db34
db4f
db6b
db88
dba5
dbc3
dbe1
dc00
dc1f
dc40
dc60
dc82
dca3
dcc6
dce9
dd0d
dd31
dd56
dd7b
dda1
ddc7
ddee
de16
de3e
de67
de90
deba
dee5
df10
df3b
df67
df94
dfc1
dfee
e01d
e04b
e07b
e0aa
e0db
e10b
e13d
e16f
e1a1
e1d4
e207
e23b
e26f
e2a4
e2d9
e30f
e345
e37c
e3b3
e3eb
e423
e45c
e495
e4ce
e508
e543
e57d
e5b9
e5f4
e631
e66d
e6aa
e6e8
e725
e764
e7a2
e7e1
e821
e861
e8a1
e8e2
e923
e964
e9a6
e9e8
ea2a
ea6d
eab0
eaf4
eb38
eb7c
ebc1
ec06
ec4b
ec91
ecd7
ed1d
ed63
edaa
edf1
ee39
ee81
eec9
ef11
ef5a
efa3
efec
f035
f07f
f0c9
f113
f15d
f1a8
f1f3
f23e
f28a
f2d5
f321
f36d
f3b9
f406
f452
f49f
f4ec
f539
f587
f5d4
f622
f670
f6be
f70c
f75b
f7a9
f7f8
f847
f896
f8e5
f934
f983
f9d2
fa22
fa71
fac1
fb11
fb61
fbb0
fc00
fc50
fca1
fcf1
fd41
fd91
fde1
fe32
fe82
fed2
ff23
ff73
ffc4
0014
0065
00b5
0105
0156
01a6
01f6
0247
0297
02e7
0337
0388
03d8
0428
0478
04c7
0517
0567
05b6
0606
0655
06a5
06f4
0743
0792
07e1
0830
087e
08cd
091b
0969
09b7
0a05
0a52
0aa0
0aed
0b3a
0b87
0bd4
0c21
0c6d
0cb9
0d05
0d51
0d9c
0de7
0e32
0e7d
0ec8
0f12
0f5c
0fa6
0ff0
1039
1082
10cb
1113
115b
11a3
11eb
1232
1279
12c0
1306
134c
1392
13d8
141d
1461
14a6
14ea
152e
1571
15b4
15f7
1639
167b
16bd
16fe
173f
177f
17bf
17ff
183e
187d
18bc
18fa
1937
1974
19b1
19ee
1a2a
1a65
1aa0
1adb
1b15
1b4f
1b88
1bc1
1bf9
1c31
1c68
1c9f
1cd6
1d0c
1d41
1d77
1dab
1ddf
1e13
1e46
1e78
1eaa
1edc
1f0d
1f3e
1f6e
1f9d
1fcc
1ffb
2028
2056
2083
20af
20db
2106
2131
215b
2184
21ad
21d6
21fe
2225
224c
2272
2298
22bd
22e1
2305
2329
234b
236e
238f
23b0
23d1
23f0
2410
242e
244c
246a
2486
24a3
24be
24d9
24f4
250d
2527
253f
2557
256e
2585
259b
25b1
25c5
25da
25ed
2600
2612
2624
2635
2646
2655
2664
2673
2681
268e
269b
26a7
26b2
26bd
26c7
26d0
26d9
26e1
26e8
26ef
26f5
26fb
2700
2704
2708
270b
270d
270f
2710
2710
2710
270f
270d
270b
2708
2705
2700
26fc
26f6
26f0
26e9
26e2
26da
26d1
26c8
26be
26b3
26a8
269c
2690
2683
2675
2666
2657
2648
2637
2626
2615
2602
25f0
25dc
25c8
25b3
259e
2588
2571
255a
2542
252a
2511
24f7
24dd
24c2
24a6
248a
246d
2450
2432
2413
23f4
23d5
23b4
2393
2372
2350
232d
230a
22e6
22c1
229c
2277
2251
222a
2203
21db
21b3
218a
2160
2136
210b
20e0
20b5
2088
205b
202e
2000
1fd2
1fa3
1f74
1f44
1f13
1ee2
1eb1
1e7f
1e4c
1e19
1de6
1db2
1d7d
1d48
1d13
1cdd
1ca6
1c6f
1c38
1c00
1bc8
1b8f
1b56
1b1c
1ae2
1aa7
1a6c
1a31
19f5
19b9
197c
193f
1901
18c3
1885
1846
1807
17c7
1787
1747
1706
16c5
1683
1642
15ff
15bd
157a
1536
14f3
14ae
146a
1425
13e0
139b
1355
130f
12c9
1282
123b
11f4
11ac
1164
111c
10d4
108b
1042
0ff9
0faf
0f65
0f1b
0ed1
0e87
0e3c
0df1
0da6
0d5a
0d0e
0cc3
0c76
0c2a
0bde
0b91
0b44
0af7
0aaa
0a5c
0a0e
09c1
0973
0925
08d6
0888
0839
07eb
079c
074d
06fe
06af
065f
0610
05c0
0571
0521
04d1
0482
0432
03e2
0392
0341
02f1
02a1
0251
0200
01b0
0160
010f
00bf
006f
001e
ffce
ff7d
ff2d
fedd
fe8c
fe3c
fdeb
fd9b
fd4b
fcfb
fcab
fc5a
fc0a
fbba
fb6a
fb1b
facb
fa7b
fa2c
f9dc
f98d
f93e
f8ee
f89f
f850
f802
f7b3
f764
f716
f6c8
f67a
f62c
f5de
f591
f543
f4f6
f4a9
f45c
f40f
f3c3
f377
f32a
f2df
f293
f248
f1fc
f1b1
f167
f11c
f0d2
f088
f03e
eff5
efac
ef63
ef1a
eed2
ee8a
ee42
edfa
edb3
ed6c
ed26
ecdf
ec99
ec54
ec0e
ebc9
eb85
eb40
eafd
eab9
ea76
ea33
e9f0
e9ae
e96c
e92b
e8ea
e8a9
e869
e829
e7e9
e7aa
e76b
e72d
e6ef
e6b2
e675
e638
e5fc
e5c0
e585
e54a
e50f
e4d5
e49c
e463
e42a
e3f2
e3ba
e383
e34c
e316
e2e0
e2ab
e276
e241
e20d
e1da
e1a7
e175
e143
e112
e0e1
e0b0
e081
e051
e022
dff4
dfc6
df99
df6d
df40
df15
deea
debf
de95
de6c
de43
de1b
ddf3
ddcc
dda6
dd80
dd5a
dd35
dd11
dced
dcca
dca8
dc86
dc64
dc44
dc23
dc04
dbe5
dbc6
dba9
db8c
db6f
db53
db38
db1d
db03
dae9
dad0
dab8
daa0
da89
da73
da5d
da48
da33
da1f
da0c
d9f9
d9e7
d9d5
d9c5
d9b4
d9a5
d996
d988
d97a
d96d
d961
d955
d94a
d93f
d936
d92d
d924
d91c
d915
d90e
d908
d903
d8fe
d8fa
d8f7
d8f4
d8f2
d8f1
d8f0
d8f0
d8f1
d8f2
d8f4
d8f6
d8f9
d8fd
d901
d906
d90c
d912
d919
d921
d929
d932
d93c
d946
d951
d95c
d968
d975
d983
d991
d99f
d9af
d9be
d9cf
d9e0
d9f2
da05
da18
da2b
da40
da55
da6a
da81
da97
daaf
dac7
dae0
daf9
db13
db2d
db49
db64
db81
db9e
dbbb
dbd9
dbf8
dc18
dc38
dc58
dc79
dc9b
dcbd
dce0
dd04
dd28
dd4c
dd72
dd97
ddbe
dde5
de0c
de34
de5d
de86
deb0
deda
df05
df30
df5c
df88
dfb5
dfe3
e011
e040
e06f
e09e
e0ce
e0ff
e130
e162
e194
e1c7
e1fa
e22e
e262
e297
e2cc
e302
e338
e36e
e3a5
e3dd
e415
e44d
e486
e4c0
e4fa
e534
e56f
e5aa
e5e5
e621
e65e
e69b
e6d8
e716
e754
e793
e7d2
e811
e851
e891
e8d1
e912
e954
e995
e9d7
ea1a
ea5d
eaa0
eae3
eb27
eb6b
ebb0
ebf5
ec3a
ec7f
ecc5
ed0b
ed52
ed99
ede0
ee27
ee6f
eeb7
eeff
ef47
ef90
efd9
f023
f06c
f0b6
f100
f14b
f195
f1e0
f22b
f277
f2c2
f30e
f35a
f3a6
f3f3
f43f
f48c
f4d9
f526
f574
f5c1
f60f
f65d
f6ab
f6f9
f747
f796
f7e4
f833
f882
f8d1
f920
f96f
f9be
fa0e
fa5d
faad
fafd
fb4d
fb9c
fbec
fc3c
fc8c
fcdd
fd2d
fd7d
fdcd
fe1e
fe6e
febe
ff0f
ff5f
ffb0
0000
0050
00a1
00f1
0142
0192
01e2
0233
0283
02d3
0323
0374
03c4
0414
0464
04b3
0503
0553
05a3
05f2
0642
0691
06e0
072f
077e
07cd
081c
086a
08b9
0907
0955
09a3
09f1
0a3f
0a8c
0ada
0b27
0b74
0bc1
0c0d
0c5a
0ca6
0cf2
0d3e
0d89
0dd5
0e20
0e6b
0eb5
0f00
0f4a
0f94
0fdd
1027
1070
10b9
1101
1149
1191
11d9
1220
1267
12ae
12f5
133b
1381
13c6
140b
1450
1495
14d9
151d
1560
15a3
15e6
1629
166b
16ac
16ee
172f
176f
17af
17ef
182e
186d
18ac
18ea
1928
1965
19a2
19df
1a1b
1a56
1a91
1acc
1b06
1b40
1b7a
1bb3
1beb
1c23
1c5b
1c92
1cc8
1cfe
1d34
1d69
1d9e
1dd2
1e06
1e39
1e6c
1e9e
1ed0
1f01
1f32
1f62
1f91
1fc0
1fef
201d
204b
2078
20a4
20d0
20fb
2126
2150
217a
21a3
21cc
21f4
221b
2242
2269
228e
22b4
22d8
22fc
2320
2343
2365
2387
23a8
23c8
23e8
2408
2427
2445
2462
247f
249c
24b7
24d3
24ed
2507
2520
2539
2551
2569
257f
2596
25ab
25c0
25d5
25e8
25fb
260e
2620
2631
2642
2651
2661
266f
267d
268b
2698
26a4
26af
26ba
26c4
26ce
26d7
26df
26e7
26ee
26f4
26fa
26ff
2703
2707
270a
270c
270e
270f
2710
2710
270f
270e
270c
2709
2706
2702
26fd
26f8
26f2
26eb
26e4
26dc
26d3
26ca
26c1
26b6
26ab
269f
2693
2686
2678
266a
265b
264c
263b
262b
2619
2607
25f4
25e1
25cd
25b8
25a3
258d
2577
2560
2548
2530
2517
24fd
24e3
24c8
24ad
2491
2474
2457
243a
241b
23fc
23dd
23bc
239c
237a
2358
2336
2313
22ef
22cb
22a6
2280
225a
2234
220d
21e5
21bd
2194
216b
2141
2116
20eb
20c0
2093
2067
203a
200c
1fde
1faf
1f7f
1f50
1f1f
1eee
1ebd
1e8b
1e59
1e26
1df3
1dbf
1d8a
1d55
1d20
1cea
1cb4
1c7d
1c46
1c0e
1bd6
1b9d
1b64
1b2b
1af1
1ab6
1a7b
1a40
1a04
19c8
198b
194e
1911
18d3
1895
1856
1817
17d7
1797
1757
1716
16d5
1694
1652
1610
15cd
158a
1547
1503
14c0
147b
1437
13f2
13ac
1367
1321
12da
1294
124d
1206
11be
1176
112e
10e6
109d
1054
100b
0fc2
0f78
0f2e
0ee4
0e99
0e4f
0e04
0db8
0d6d
0d21
0cd6
0c89
0c3d
0bf1
0ba4
0b57
0b0a
0abd
0a6f
0a22
09d4
0986
0938
08ea
089c
084d
07fe
07b0
0761
0712
06c2
0673
0624
05d4
0585
0535
04e5
0496
0446
03f6
03a6
0355
0305
02b5
0265
0215
01c4
0174
0123
00d3
0083
0032
ffe2
ff91
ff41
fef1
fea0
fe50
fe00
fdaf
fd5f
fd0f
fcbf
fc6e
fc1e
fbce
fb7e
fb2f
fadf
fa8f
fa40
f9f0
f9a1
f951
f902
f8b3
f864
f815
f7c7
f778
f72a
f6db
f68d
f63f
f5f2
f5a4
f556
f509
f4bc
f46f
f422
f3d6
f38a
f33d
f2f2
f2a6
f25a
f20f
f1c4
f179
f12f
f0e5
f09b
f051
f007
efbe
ef75
ef2c
eee4
ee9c
ee54
ee0c
edc5
ed7e
ed37
ecf1
ecab
ec65
ec20
ebdb
eb96
eb52
eb0d
eaca
ea86
ea43
ea01
e9be
e97d
e93b
e8fa
e8b9
e879
e839
e7f9
e7ba
e77b
e73d
e6ff
e6c1
e684
e647
e60b
e5cf
e594
e559
e51e
e4e4
e4aa
e471
e438
e400
e3c8
e391
e35a
e323
e2ed
e2b8
e283
e24e
e21a
e1e7
e1b4
e181
e14f
e11e
e0ed
e0bc
e08c
e05d
e02e
e000
dfd2
dfa5
df78
df4b
df20
def5
deca
dea0
de76
de4d
de25
ddfd
ddd6
ddaf
dd89
dd64
dd3f
dd1a
dcf6
dcd3
dcb0
dc8e
dc6d
dc4c
dc2b
dc0c
dbed
dbce
dbb0
db93
db76
db5a
db3e
db23
db09
daef
dad6
dabe
daa6
da8f
da78
da62
da4d
da38
da24
da10
d9fe
d9eb
d9da
d9c9
d9b8
d9a9
d99a
d98b
d97d
d970
d964
d958
d94d
d942
d938
d92f
d926
d91e
d917
d910
d90a
d904
d900
d8fb
d8f8
d8f5
d8f3
d8f1
d8f0
d8f0
d8f0
d8f1
d8f3
d8f5
d8f8
d8fc
d900
d905
d90b
d911
d918
d91f
d927
d930
d939
d943
d94e
d959
d965
d972
d97f
d98d
d99c
d9ab
d9ba
d9cb
d9dc
d9ee
da00
da13
da26
da3b
da4f
da65
da7b
da92
daa9
dac1
dad9
daf3
db0c
db27
db42
db5d
db7a
db96
dbb4
dbd2
dbf0
dc10
dc2f
dc50
dc71
dc92
dcb5
dcd7
dcfb
dd1f
dd43
dd68
dd8e
ddb4
dddb
de02
de2a
de53
de7c
dea5
decf
defa
df25
df51
df7d
dfaa
dfd8
e005
e034
e063
e092
e0c2
e0f3
e124
e156
e188
e1ba
e1ed
e221
e255
e289
e2bf
e2f4
e32a
e361
e398
e3cf
e407
e43f
e478
e4b1
e4eb
e525
e560
e59b
e5d6
e612
e64f
e68c
e6c9
e706
e744
e783
e7c2
e801
e841
e881
e8c1
e902
e943
e985
e9c7
ea09
ea4c
ea8f
ead2
eb16
eb5a
eb9f
ebe3
ec28
ec6e
ecb4
ecfa
ed40
ed87
edce
ee15
ee5d
eea5
eeed
ef35
ef7e
efc7
f010
f05a
f0a4
f0ee
f138
f183
f1ce
f219
f264
f2af
f2fb
f347
f393
f3df
f42c
f479
f4c6
f513
f560
f5ae
f5fb
f649
f697
f6e5
f733
f782
f7d0
f81f
f86e
f8bd
f90c
f95b
f9ab
f9fa
fa4a
fa99
fae9
fb39
fb88
fbd8
fc28
fc78
fcc9
fd19
fd69
fdb9
fe0a
fe5a
feaa
fefb
ff4b
ff9b
ffec
003c
008d
00dd
012e
017e
01ce
021f
026f
02bf
030f
035f
03b0
0400
0450
049f
04ef
053f
058f
05de
062e
067d
06cc
071b
076a
07b9
0808
0857
08a5
08f4
0942
0990
09de
0a2c
0a79
0ac7
0b14
0b61
0bae
0bfa
0c47
0c93
0cdf
0d2b
0d76
0dc2
0e0d
0e58
0ea3
0eed
0f37
0f81
0fcb
1014
105d
10a6
10ef
1137
117f
11c7
120f
1256
129d
12e3
1329
136f
13b5
13fa
143f
1484
14c8
150c
1550
1593
15d6
1618
165a
169c
16dd
171e
175f
179f
17df
181f
185e
189c
18db
1918
1956
1993
19cf
1a0c
1a47
1a83
1abd
1af8
1b32
1b6b
1ba4
1bdd
1c15
1c4d
1c84
1cbb
1cf1
1d27
1d5c
1d91
1dc5
1df9
1e2c
1e5f
1e91
1ec3
1ef5
1f25
1f56
1f85
1fb5
1fe3
2012
203f
206c
2099
20c5
20f0
211b
2146
2170
2199
21c2
21ea
2212
2239
225f
2285
22aa
22cf
22f3
2317
233a
235d
237e
23a0
23c0
23e1
2400
241f
243d
245b
2478
2495
24b1
24cc
24e7
2501
251a
2533
254b
2563
257a
2590
25a6
25bb
25d0
25e3
25f7
2609
261b
262d
263d
264e
265d
266c
267a
2688
2694
26a1
26ac
26b7
26c2
26cb
26d5
26dd
26e5
26ec
26f2
26f8
26fe
2702
2706
2709
270c
270e
270f
2710
2710
270f
270e
270c
270a
2706
2703
26fe
26f9
26f3
26ed
26e6
26de
26d6
26cd
26c3
26b9
26ae
26a2
2696
2689
267c
266e
265f
264f
263f
262f
261e
260c
25f9
25e6
25d2
25be
25a9
2593
257d
2566
254e
2536
251d
2504
24ea
24cf
24b4
2498
247c
245f
2441
2423
2404
23e4
23c4
23a4
2383
2361
233e
231b
22f8
22d4
22af
228a
2264
223d
2216
21ef
21c7
219e
2175
214b
2121
20f6
20ca
209e
2072
2045
2017
1fe9
1fbb
1f8b
1f5c
1f2b
1efb
1ec9
1e98
1e65
1e33
1dff
1dcc
1d97
1d63
1d2d
1cf8
1cc2
1c8b
1c54
1c1c
1be4
1bab
1b72
1b39
1aff
1ac5
1a8a
1a4f
1a13
19d7
199a
195e
1920
18e2
18a4
1866
1827
17e7
17a7
1767
1727
16e6
16a4
1663
1620
15de
159b
1558
1514
14d1
148c
1448
1403
13be
1378
1332
12ec
12a5
125f
1217
11d0
1188
1140
10f8
10af
1067
101d
0fd4
0f8a
0f40
0ef6
0eac
0e61
0e16
0dcb
0d80
0d34
0ce8
0c9c
0c50
0c04
0bb7
0b6a
0b1d
0ad0
0a83
0a35
09e8
099a
094c
08fd
08af
0861
0812
07c3
0774
0725
06d6
0687
0638
05e8
0599
0549
04f9
04a9
045a
040a
03ba
036a
0319
02c9
0279
0229
01d8
0188
0138
00e7
0097
0046
fff6
ffa6
ff55
ff05
feb4
fe64
fe14
fdc3
fd73
fd23
fcd3
fc82
fc32
fbe2
fb92
fb43
faf3
faa3
fa53
fa04
f9b5
f965
f916
f8c7
f878
f829
f7da
f78c
f73d
f6ef
f6a1
f653
f605
f5b7
f56a
f51d
f4cf
f482
f436
f3e9
f39d
f351
f305
f2b9
f26d
f222
f1d7
f18c
f141
f0f7
f0ad
f063
f01a
efd0
ef87
ef3e
eef6
eeae
ee66
ee1e
edd7
ed90
ed49
ed02
ecbc
ec77
ec31
ebec
eba7
eb63
eb1e
eadb
ea97
ea54
ea11
e9cf
e98d
e94b
e90a
e8c9
e889
e849
e809
e7ca
e78b
e74c
e70e
e6d0
e693
e656
e61a
e5de
e5a2
e567
e52d
e4f2
e4b9
e47f
e446
e40e
e3d6
e39e
e367
e331
e2fb
e2c5
e290
e25b
e227
e1f4
e1c1
e18e
e15c
e12a
e0f9
e0c8
e098
e069
e03a
e00b
dfdd
dfb0
df83
df56
df2b
deff
ded5
deaa
de81
de58
de2f
de07
dde0
ddb9
dd93
dd6d
dd48
dd23
dcff
dcdc
dcb9
dc97
dc75
dc54
dc33
dc14
dbf4
dbd6
dbb8
db9a
db7d
db61
db45
db2a
db10
daf6
dadd
dac4
daac
da95
da7e
da68
da52
da3d
da29
da15
da02
d9f0
d9de
d9cd
d9bc
d9ad
d99d
d98f
d981
d974
d967
d95b
d94f
d945
d93b
d931
d928
d920
d918
d912
d90b
d906
d901
d8fc
d8f9
d8f6
d8f3
d8f2
d8f0
d8f0
d8f0
d8f1
d8f3
d8f5
d8f7
d8fb
d8ff
d904
d909
d90f
d916
d91d
d925
d92e
d937
d941
d94b
d956
d962
d96f
d97c
d989
d998
d9a7
d9b6
d9c7
d9d8
d9e9
d9fb
da0e
da21
da36
da4a
da5f
da75
da8c
daa3
dabb
dad3
daec
db06
db20
db3b
db56
db72
db8f
dbac
dbca
dbe9
dc08
dc27
dc48
dc69
dc8a
dcac
dccf
dcf2
dd16
dd3a
dd5f
dd84
ddaa
ddd1
ddf8
de20
de48
de71
de9b
dec5
deef
df1a
df46
df72
df9f
dfcc
dffa
e028
e057
e086
e0b6
e0e7
e118
e149
e17b
e1ae
e1e0
e214
e248
e27c
e2b1
e2e7
e31d
e353
e38a
e3c1
e3f9
e431
e46a
e4a3
e4dd
e517
e551
e58c
e5c8
e603
e640
e67c
e6b9
e6f7
e735
e773
e7b2
e7f1
e831
e871
e8b1
e8f2
e933
e974
e9b6
e9f8
ea3b
ea7e
eac1
eb05
eb49
eb8d
ebd2
ec17
ec5c
eca2
ece8
ed2e
ed75
edbc
ee03
ee4b
ee93
eedb
ef23
ef6c
efb5
effe
f048
f091
f0db
f126
f170
f1bb
f206
f251
f29c
f2e8
f334
f380
f3cc
f419
f466
f4b2
f500
f54d
f59a
f5e8
f636
f684
f6d2
f720
f76e
f7bd
f80c
f85a
f8a9
f8f8
f947
f997
f9e6
fa36
fa85
fad5
fb25
fb74
fbc4
fc14
fc64
fcb5
fd05
fd55
fda5
fdf5
fe46
fe96
fee7
ff37
ff87
ffd8
0028
0079
00c9
0119
016a
01ba
020b
025b
02ab
02fb
034b
039c
03ec
043c
048c
04db
052b
057b
05ca
061a
0669
06b9
0708
0757
07a6
07f4
0843
0892
08e0
092e
097c
09ca
0a18
0a66
0ab3
0b00
0b4e
0b9a
0be7
0c34
0c80
0ccc
0d18
0d64
0daf
0dfa
0e45
0e90
0eda
0f25
0f6f
0fb8
1002
104b
1094
10dd
1125
116d
11b5
11fd
1244
128b
12d2
1318
135e
13a4
13e9
142e
1473
14b7
14fb
153f
1582
15c5
1608
164a
168c
16cd
170e
174f
178f
17cf
180f
184e
188d
18cb
1909
1947
1984
19c0
19fd
1a38
1a74
1aaf
1ae9
1b23
1b5d
1b96
1bcf
1c07
1c3f
1c76
1cad
1ce3
1d19
1d4f
1d84
1db8
1dec
1e20
1e52
1e85
1eb7
1ee8
1f19
1f4a
1f7a
1fa9
1fd8
2006
2034
2061
208e
20ba
20e6
2111
213b
2165
218f
21b8
21e0
2208
222f
2256
227c
22a1
22c6
22ea
230e
2331
2354
2376
2397
23b8
23d9
23f8
2417
2436
2454
2471
248e
24aa
24c5
24e0
24fa
2514
252d
2545
255d
2574
258b
25a1
25b6
25ca
25df
25f2
2605
2617
2628
2639
264a
2659
2668
2677
2684
2691
269e
26aa
26b5
26bf
26c9
26d2
26db
26e3
26ea
26f1
26f7
26fc
2701
2705
2709
270b
270d
270f
2710
2710
2710
270e
270d
270a
2707
2704
26ff
26fa
26f5
26ee
26e8
26e0
26d8
26cf
26c5
26bb
26b1
26a5
2699
268c
267f
2671
2663
2653
2644
2633
2622
2610
25fe
25eb
25d7
25c3
25ae
2598
2582
256b
2554
253c
2523
250a
24f0
24d6
24bb
249f
2483
2466
2448
242a
240c
23ec
23cd
23ac
238b
2369
2347
2324
2301
22dd
22b8
2293
226d
2247
2220
21f9
21d1
21a8
217f
2156
212b
2101
20d5
20aa
207d
2050
2023
1ff5
1fc6
1f97
1f68
1f38
1f07
1ed6
1ea4
1e72
1e3f
1e0c
1dd9
1da5
1d70
1d3b
1d05
1ccf
1c99
1c62
1c2a
1bf2
1bba
1b81
1b47
1b0e
1ad3
1a99
1a5e
1a22
19e6
19aa
196d
1930
18f2
18b4
1875
1836
17f7
17b7
1777
1737
16f6
16b5
1673
1631
15ef
15ac
1569
1525
14e2
149d
1459
1414
13cf
1389
1344
12fe
12b7
1270
1229
11e2
119a
1152
110a
10c2
1079
1030
0fe6
0f9d
0f53
0f09
0ebf
0e74
0e29
0dde
0d93
0d47
0cfb
0caf
0c63
0c17
0bca
0b7e
0b31
0ae3
0a96
0a49
09fb
09ad
095f
0911
08c3
0874
0826
07d7
0788
0739
06ea
069b
064b
05fc
05ad
055d
050d
04bd
046e
041e
03ce
037e
032d
02dd
028d
023d
01ec
019c
014c
00fb
00ab
005a
000a
ffba
ff69
ff19
fec8
fe78
fe28
fdd7
fd87
fd37
fce7
fc96
fc46
fbf6
fba6
fb57
fb07
fab7
fa67
fa18
f9c8
f979
f92a
f8db
f88c
f83d
f7ee
f79f
f751
f703
f6b4
f666
f618
f5cb
f57d
f530
f4e3
f496
f449
f3fc
f3b0
f364
f318
f2cc
f280
f235
f1ea
f19f
f154
f10a
f0c0
f076
f02c
efe3
ef99
ef51
ef08
eec0
ee78
ee30
ede9
eda1
ed5b
ed14
ecce
ec88
ec42
ebfd
ebb8
eb74
eb2f
eaec
eaa8
ea65
ea22
e9e0
e99d
e95c
e91a
e8d9
e899
e859
e819
e7d9
e79a
e75c
e71e
e6e0
e6a2
e666
e629
e5ed
e5b1
e576
e53b
e501
e4c7
e48e
e455
e41c
e3e4
e3ac
e375
e33e
e308
e2d3
e29d
e269
e234
e201
e1cd
e19b
e168
e137
e105
e0d5
e0a4
e075
e045
e017
dfe9
dfbb
df8e
df62
df36
df0a
dedf
deb5
de8b
de62
de39
de11
ddea
ddc3
dd9c
dd76
dd51
dd2c
dd08
dce5
dcc2
dc9f
dc7d
dc5c
dc3c
dc1c
dbfc
dbdd
dbbf
dba1
db84
db68
db4c
db31
db16
dafc
dae3
daca
dab2
da9a
da83
da6d
da57
da42
da2e
da1a
da07
d9f4
d9e2
d9d1
d9c1
d9b1
d9a1
d992
d984
d977
d96a
d95e
d952
d947
d93d
d933
d92a
d922
d91a
d913
d90d
d907
d902
d8fd
d8fa
d8f6
d8f4
d8f2
d8f1
d8f0
d8f0
d8f1
d8f2
d8f4
d8f7
d8fa
d8fe
d902
d908
d90e
d914
d91b
d923
d92b
d935
d93e
d949
d954
d95f
d96c
d978
d986
d994
d9a3
d9b2
d9c3
d9d3
d9e5
d9f7
da09
da1d
da30
da45
da5a
da70
da86
da9d
dab5
dacd
dae6
daff
db19
db34
db4f
db6b
db88
dba5
dbc3
dbe1
dc00
dc1f
dc40
dc60
dc82
dca3
dcc6
dce9
dd0d
dd31
dd56
dd7b
dda1
ddc7
ddee
de16
de3e
de67
de90
deba
dee5
df10
df3b
df67
df94
dfc1
dfee
e01d
e04b
e07b
e0aa
e0db
e10b
e13d
e16f
e1a1
e1d4
e207
e23b
e26f
e2a4
e2d9
e30f
e345
e37c
e3b3
e3eb
e423
e45c
e495
e4ce
e508
e543
e57d
e5b9
e5f4
e631
e66d
e6aa
e6e8
e725
e764
e7a2
e7e1
e821
e861
e8a1
e8e2
e923
e964
e9a6
e9e8
ea2a
ea6d
eab0
eaf4
eb38
eb7c
ebc1
ec06
ec4b
ec91
ecd7
ed1d
ed63
edaa
edf1
ee39
ee81
eec9
ef11
ef5a
efa3
efec
f035
f07f
f0c9
f113
f15d
f1a8
f1f3
f23e
f28a
f2d5
f321
f36d
f3b9
f406
f452
f49f
f4ec
f539
f587
f5d4
f622
f670
f6be
f70c
f75b
f7a9
f7f8
f847
f896
f8e5
f934
f983
f9d2
fa22
fa71
fac1
fb11
fb61
fbb0
fc00
fc50
fca1
fcf1
fd41
fd91
fde1
fe32
fe82
fed2
ff23
ff73
ffc4
0014
0065
00b5
0105
0156
01a6
01f6
0247
0297
02e7
0337
0388
03d8
0428
0478
04c7
0517
0567
05b6
0606
0655
06a5
06f4
0743
0792
07e1
0830
087e
08cd
091b
0969
09b7
0a05
0a52
0aa0
0aed
0b3a
0b87
0bd4
0c21
0c6d
0cb9
0d05
0d51
0d9c
0de7
0e32
0e7d
0ec8
0f12
0f5c
0fa6
0ff0
1039
1082
10cb
1113
115b
11a3
11eb
1232
1279
12c0
1306
134c
1392
13d8
141d
1461
14a6
14ea
152e
1571
15b4
15f7
1639
167b
16bd
16fe
173f
177f
17bf
17ff
183e
187d
18bc
18fa
1937
1974
19b1
19ee
1a2a
1a65
1aa0
1adb
1b15
1b4f
1b88
1bc1
1bf9
1c31
1c68
1c9f
1cd6
1d0c
1d41
1d77
1dab
1ddf
1e13
1e46
1e78
1eaa
1edc
1f0d
1f3e
1f6e
1f9d
1fcc
1ffb
2028
2056
2083
20af
20db
2106
2131
215b
2184
21ad
21d6
21fe
2225
224c
2272
2298
22bd
22e1
2305
2329
234b
236e
238f
23b0
23d1
23f0
2410
242e
244c
246a
2486
24a3
24be
24d9
24f4
250d
2527
253f
2557
256e
2585
259b
25b1
25c5
25da
25ed
2600
2612
2624
2635
2646
2655
2664
2673
2681
268e
269b
26a7
26b2
26bd
26c7
26d0
26d9
26e1
26e8
26ef
26f5
26fb
2700
2704
2708
270b
270d
270f
2710
2710
2710
270f
270d
270b
2708
2705
2700
26fc
26f6
26f0
26e9
26e2
26da
26d1
26c8
26be
26b3
26a8
269c
2690
2683
2675
2666
2657
2648
2637
2626
2615
2602
25f0
25dc
25c8
25b3
259e
2588
2571
255a
2542
252a
2511
24f7
24dd
24c2
24a6
248a
246d
2450
2432
2413
23f4
23d5
23b4
2393
2372
2350
232d
230a
22e6
22c1
229c
2277
2251
222a
2203
21db
21b3
218a
2160
2136
210b
20e0
20b5
2088
205b
202e
2000
1fd2
1fa3
1f74
1f44
1f13
1ee2
1eb1
1e7f
1e4c
1e19
1de6
1db2
1d7d
1d48
1d13
1cdd
1ca6
1c6f
1c38
1c00
1bc8
1b8f
1b56
1b1c
1ae2
1aa7
1a6c
1a31
19f5
19b9
197c
193f
1901
18c3
1885
1846
1807
17c7
1787
1747
1706
16c5
1683
1642
15ff
15bd
157a
1536
14f3
14ae
146a
1425
13e0
139b
1355
130f
12c9
1282
123b
11f4
11ac
1164
111c
10d4
108b
1042
0ff9
0faf
0f65
0f1b
0ed1
0e87
0e3c
0df1
0da6
0d5a
0d0e
0cc3
0c76
0c2a
0bde
0b91
0b44
0af7
0aaa
0a5c
0a0e
09c1
0973
0925
08d6
0888
0839
07eb
079c
074d
06fe
06af
065f
0610
05c0
0571
0521
04d1
0482
0432
03e2
0392
0341
02f1
02a1
0251
0200
01b0
0160
010f
00bf
006f
001e
ffce
ff7d
ff2d
fedd
fe8c
fe3c
fdeb
fd9b
fd4b
fcfb
fcab
fc5a
fc0a
fbba
fb6a
fb1b
facb
fa7b
fa2c
f9dc
f98d
f93e
f8ee
f89f
f850
f802
f7b3
f764
f716
f6c8
f67a
f62c
f5de
f591
f543
f4f6
f4a9
f45c
f40f
f3c3
f377
f32a
f2df
f293
f248
f1fc
f1b1
f167
f11c
f0d2
f088
f03e
eff5
efac
ef63
ef1a
eed2
ee8a
ee42
edfa
edb3
ed6c
ed26
ecdf
ec99
ec54
ec0e
ebc9
eb85
eb40
eafd
eab9
ea76
ea33
e9f0
e9ae
e96c
e92b
e8ea
e8a9
e869
e829
e7e9
e7aa
e76b
e72d
e6ef
e6b2
e675
e638
e5fc
e5c0
e585
e54a
e50f
e4d5
e49c
e463
e42a
e3f2
e3ba
e383
e34c
e316
e2e0
e2ab
e276
e241
e20d
e1da
e1a7
e175
e143
e112
e0e1
e0b0
e081
e051
e022
dff4
dfc6
df99
df6d
df40
df15
deea
debf
de95
de6c
de43
de1b
ddf3
ddcc
dda6
dd80
dd5a
dd35
dd11
dced
dcca
dca8
dc86
dc64
dc44
dc23
dc04
dbe5
dbc6
dba9
db8c
db6f
db53
db38
db1d
db03
dae9
dad0
dab8
daa0
da89
da73
da5d
da48
da33
da1f
da0c
d9f9
d9e7
d9d5
d9c5
d9b4
d9a5
d996
d988
d97a
d96d
d961
d955
d94a
d93f
d936
d92d
d924
d91c
d915
d90e
d908
d903
d8fe
d8fa
d8f7
d8f4
d8f2
d8f1
d8f0
d8f0
d8f1
d8f2
d8f4
d8f6
d8f9
d8fd
d901
d906
d90c
d912
d919
d921
d929
d932
d93c
d946
d951
d95c
d968
d975
d983
d991
d99f
d9af
d9be
d9cf
d9e0
d9f2
da05
da18
da2b
da40
da55
da6a
da81
da97
daaf
dac7
dae0
daf9
db13
db2d
db49
db64
db81
db9e
dbbb
dbd9
dbf8
dc18
dc38
dc58
dc79
dc9b
dcbd
dce0
dd04
dd28
dd4c
dd72
dd97
ddbe
dde5
de0c
de34
de5d
de86
deb0
deda
df05
df30
df5c
df88
dfb5
dfe3
e011
e040
e06f
e09e
e0ce
e0ff
e130
e162
e194
e1c7
e1fa
e22e
e262
e297
e2cc
e302
e338
e36e
e3a5
e3dd
e415
e44d
e486
e4c0
e4fa
e534
e56f
e5aa
e5e5
e621
e65e
e69b
e6d8
e716
e754
e793
e7d2
e811
e851
e891
e8d1
e912
e954
e995
e9d7
ea1a
ea5d
eaa0
eae3
eb27
eb6b
ebb0
ebf5
ec3a
ec7f
ecc5
ed0b
ed52
ed99
ede0
ee27
ee6f
eeb7
eeff
ef47
ef90
efd9
f023
f06c
f0b6
f100
f14b
f195
f1e0
f22b
f277
f2c2
f30e
f35a
f3a6
f3f3
f43f
f48c
f4d9
f526
f574
f5c1
f60f
f65d
f6ab
f6f9
f747
f796
f7e4
f833
f882
f8d1
f920
f96f
f9be
fa0e
fa5d
faad
fafd
fb4d
fb9c
fbec
fc3c
fc8c
fcdd
fd2d
fd7d
fdcd
fe1e
fe6e
febe
ff0f
ff5f
ffb0
0000
0050
00a1
00f1
0142
0192
01e2
0233
0283
02d3
0323
0374
03c4
0414
0464
04b3
0503
0553
05a3
05f2
0642
0691
06e0
072f
077e
07cd
081c
086a
08b9
0907
0955
09a3
09f1
0a3f
0a8c
0ada
0b27
0b74
0bc1
0c0d
0c5a
0ca6
0cf2
0d3e
0d89
0dd5
0e20
0e6b
0eb5
0f00
0f4a
0f94
0fdd
1027
1070
10b9
1101
1149
1191
11d9
1220
1267
12ae
12f5
133b
1381
13c6
140b
1450
1495
14d9
151d
1560
15a3
15e6
1629
166b
16ac
16ee
172f
176f
17af
17ef
182e
186d
18ac
18ea
1928
1965
19a2
19df
1a1b
1a56
1a91
1acc
1b06
1b40
1b7a
1bb3
1beb
1c23
1c5b
1c92
1cc8
1cfe
1d34
1d69
1d9e
1dd2
1e06
1e39
1e6c
1e9e
1ed0
1f01
1f32
1f62
1f91
1fc0
1fef
201d
204b
2078
20a4
20d0
20fb
2126
2150
217a
21a3
21cc
21f4
221b
2242
2269
228e
22b4
22d8
22fc
2320
2343
2365
2387
23a8
23c8
23e8
2408
2427
2445
2462
247f
249c
24b7
24d3
24ed
2507
2520
2539
2551
2569
257f
2596
25ab
25c0
25d5
25e8
25fb
260e
2620
2631
2642
2651
2661
266f
267d
268b
2698
26a4
26af
26ba
26c4
26ce
26d7
26df
26e7
26ee
26f4
26fa
26ff
2703
2707
270a
270c
270e
270f
2710
2710
270f
270e
270c
2709
2706
2702
26fd
26f8
26f2
26eb
26e4
26dc
26d3
26ca
26c1
26b6
26ab
269f
2693
2686
2678
266a
265b
264c
263b
262b
2619
2607
25f4
25e1
25cd
25b8
25a3
258d
2577
2560
2548
2530
2517
24fd
24e3
24c8
24ad
2491
2474
2457
243a
241b
23fc
23dd
23bc
239c
237a
2358
2336
2313
22ef
22cb
22a6
2280
225a
2234
220d
21e5
21bd
2194
216b
2141
2116
20eb
20c0
2093
2067
203a
200c
1fde
1faf
1f7f
1f50
1f1f
1eee
1ebd
1e8b
1e59
1e26
1df3
1dbf
1d8a
1d55
1d20
1cea
1cb4
1c7d
1c46
1c0e
1bd6
1b9d
1b64
1b2b
1af1
1ab6
1a7b
1a40
1a04
19c8
198b
194e
1911
18d3
1895
1856
1817
17d7
1797
1757
1716
16d5
1694
1652
1610
15cd
158a
1547
1503
14c0
147b
1437
13f2
13ac
1367
1321
12da
1294
124d
1206
11be
1176
112e
10e6
109d
1054
100b
0fc2
0f78
0f2e
0ee4
0e99
0e4f
0e04
0db8
0d6d
0d21
0cd6
0c89
0c3d
0bf1
0ba4
0b57
0b0a
0abd
0a6f
0a22
09d4
0986
0938
08ea
089c
084d
07fe
07b0
0761
0712
06c2
0673
0624
05d4
0585
0535
04e5
0496
0446
03f6
03a6
0355
0305
02b5
0265
0215
01c4
0174
0123
00d3
0083
0032
ffe2
ff91
ff41
fef1
fea0
fe50
fe00
fdaf
fd5f
fd0f
fcbf
fc6e
fc1e
fbce
fb7e
fb2f
fadf
fa8f
fa40
f9f0
f9a1
f951
f902
f8b3
f864
f815
f7c7
f778
f72a
f6db
f68d
f63f
f5f2
f5a4
f556
f509
f4bc
f46f
f422
f3d6
f38a
f33d
f2f2
f2a6
f25a
f20f
f1c4
f179
f12f
f0e5
f09b
f051
f007
efbe
ef75
ef2c
eee4
ee9c
ee54
ee0c
edc5
ed7e
ed37
ecf1
ecab
ec65
ec20
ebdb
eb96
eb52
eb0d
eaca
ea86
ea43
ea01
e9be
e97d
e93b
e8fa
e8b9
e879
e839
e7f9
e7ba
e77b
e73d
e6ff
e6c1
e684
e647
e60b
e5cf
e594
e559
e51e
e4e4
e4aa
e471
e438
e400
e3c8
e391
e35a
e323
e2ed
e2b8
e283
e24e
e21a
e1e7
e1b4
e181
e14f
e11e
e0ed
e0bc
e08c
e05d
e02e
e000
dfd2
dfa5
df78
df4b
df20
def5
deca
dea0
de76
de4d
de25
ddfd
ddd6
ddaf
dd89
dd64
dd3f
dd1a
dcf6
dcd3
dcb0
dc8e
dc6d
dc4c
dc2b
dc0c
dbed
dbce
dbb0
db93
db76
db5a
db3e
db23
db09
daef
dad6
dabe
daa6
da8f
da78
da62
da4d
da38
da24
da10
d9fe
d9eb
d9da
d9c9
d9b8
d9a9
d99a
d98b
d97d
d970
d964
d958
d94d
d942
d938
d92f
d926
d91e
d917
d910
d90a
d904
d900
d8fb
d8f8
d8f5
d8f3
d8f1
d8f0
d8f0
d8f0
d8f1
d8f3
d8f5
d8f8
d8fc
d900
d905
d90b
d911
d918
d91f
d927
d930
d939
d943
d94e
d959
d965
d972
d97f
d98d
d99c
d9ab
d9ba
d9cb
d9dc
d9ee
da00
da13
da26
da3b
da4f
da65
da7b
da92
daa9
dac1
dad9
daf3
db0c
db27
db42
db5d
db7a
db96
dbb4
dbd2
dbf0
dc10
dc2f
dc50
dc71
dc92
dcb5
dcd7
dcfb
dd1f
dd43
dd68
dd8e
ddb4
dddb
de02
de2a
de53
de7c
dea5
decf
defa
df25
df51
df7d
dfaa
dfd8
e005
e034
e063
e092
e0c2
e0f3
e124
e156
e188
e1ba
e1ed
e221
e255
e289
e2bf
e2f4
e32a
e361
e398
e3cf
e407
e43f
e478
e4b1
e4eb
e525
e560
e59b
e5d6
e612
e64f
e68c
e6c9
e706
e744
e783
e7c2
e801
e841
e881
e8c1
e902
e943
e985
e9c7
ea09
ea4c
ea8f
ead2
eb16
eb5a
eb9f
ebe3
ec28
ec6e
ecb4
ecfa
ed40
ed87
edce
ee15
ee5d
eea5
eeed
ef35
ef7e
efc7
f010
f05a
f0a4
f0ee
f138
f183
f1ce
f219
f264
f2af
f2fb
f347
f393
f3df
f42c
f479
f4c6
f513
f560
f5ae
f5fb
f649
f697
f6e5
f733
f782
f7d0
f81f
f86e
f8bd
f90c
f95b
f9ab
f9fa
fa4a
fa99
fae9
fb39
fb88
fbd8
fc28
fc78
fcc9
fd19
fd69
fdb9
fe0a
fe5a
feaa
fefb
ff4b
ff9b
ffec
003c
008d
00dd
012e
017e
01ce
021f
026f
02bf
030f
035f
03b0
0400
0450
049f
04ef
053f
058f
05de
062e
067d
06cc
071b
076a
07b9
0808
0857
08a5
08f4
0942
0990
09de
0a2c
0a79
0ac7
0b14
0b61
0bae
0bfa
0c47
0c93
0cdf
0d2b
0d76
0dc2
0e0d
0e58
0ea3
0eed
0f37
0f81
0fcb
1014
105d
10a6
10ef
1137
117f
11c7
120f
1256
129d
12e3
1329
136f
13b5
13fa
143f
1484
14c8
150c
1550
1593
15d6
1618
165a
169c
16dd
171e
175f
179f
17df
181f
185e
189c
18db
1918
1956
1993
19cf
1a0c
1a47
1a83
1abd
1af8
1b32
1b6b
1ba4
1bdd
1c15
1c4d
1c84
1cbb
1cf1
1d27
1d5c
1d91
1dc5
1df9
1e2c
1e5f
1e91
1ec3
1ef5
1f25
1f56
1f85
1fb5
1fe3
2012
203f
206c
2099
20c5
20f0
211b
2146
2170
2199
21c2
21ea
2212
2239
225f
2285
22aa
22cf
22f3
2317
233a
235d
237e
23a0
23c0
23e1
2400
241f
243d
245b
2478
2495
24b1
24cc
24e7
2501
251a
2533
254b
2563
257a
2590
25a6
25bb
25d0
25e3
25f7
2609
261b
262d
263d
264e
265d
266c
267a
2688
2694
26a1
26ac
26b7
26c2
26cb
26d5
26dd
26e5
26ec
26f2
26f8
26fe
2702
2706
2709
270c
270e
270f
2710
2710
270f
270e
270c
270a
2706
2703
26fe
26f9
26f3
26ed
26e6
26de
26d6
26cd
26c3
26b9
26ae
26a2
2696
2689
267c
266e
265f
264f
263f
262f
261e
260c
25f9
25e6
25d2
25be
25a9
2593
257d
2566
254e
2536
251d
2504
24ea
24cf
24b4
2498
247c
245f
2441
2423
2404
23e4
23c4
23a4
2383
2361
233e
231b
22f8
22d4
22af
228a
2264
223d
2216
21ef
21c7
219e
2175
214b
2121
20f6
20ca
209e
2072
2045
2017
1fe9
1fbb
1f8b
1f5c
1f2b
1efb
1ec9
1e98
1e65
1e33
1dff
1dcc
1d97
1d63
1d2d
1cf8
1cc2
1c8b
1c54
1c1c
1be4
1bab
1b72
1b39
1aff
1ac5
1a8a
1a4f
1a13
19d7
199a
195e
1920
18e2
18a4
1866
1827
17e7
17a7
1767
1727
16e6
16a4
1663
1620
15de
159b
1558
1514
14d1
148c
1448
1403
13be
1378
1332
12ec
12a5
125f
1217
11d0
1188
1140
10f8
10af
1067
101d
0fd4
0f8a
0f40
0ef6
0eac
0e61
0e16
0dcb
0d80
0d34
0ce8
0c9c
0c50
0c04
0bb7
0b6a
0b1d
0ad0
0a83
0a35
09e8
099a
094c
08fd
08af
0861
0812
07c3
0774
0725
06d6
0687
0638
05e8
0599
0549
04f9
04a9
045a
040a
03ba
036a
0319
02c9
0279
0229
01d8
0188
0138
00e7
0097
0046
fff6
ffa6
ff55
ff05
feb4
fe64
fe14
fdc3
fd73
fd23
fcd3
fc82
fc32
fbe2
fb92
fb43
faf3
faa3
fa53
fa04
f9b5
f965
f916
f8c7
f878
f829
f7da
f78c
f73d
f6ef
f6a1
f653
f605
f5b7
f56a
f51d
f4cf
f482
f436
f3e9
f39d
f351
f305
f2b9
f26d
f222
f1d7
f18c
f141
f0f7
f0ad
f063
f01a
efd0
ef87
ef3e
eef6
eeae
ee66
ee1e
edd7
ed90
ed49
ed02
ecbc
ec77
ec31
ebec
eba7
eb63
eb1e
eadb
ea97
ea54
ea11
e9cf
e98d
e94b
e90a
e8c9
e889
e849
e809
e7ca
e78b
e74c
e70e
e6d0
e693
e656
e61a
e5de
e5a2
e567
e52d
e4f2
e4b9
e47f
e446
e40e
e3d6
e39e
e367
e331
e2fb
e2c5
e290
e25b
e227
e1f4
e1c1
e18e
e15c
e12a
e0f9
e0c8
e098
e069
e03a
e00b
dfdd
dfb0
df83
df56
df2b
deff
ded5
deaa
de81
de58
de2f
de07
dde0
ddb9
dd93
dd6d
dd48
dd23
dcff
dcdc
dcb9
dc97
dc75
dc54
dc33
dc14
dbf4
dbd6
dbb8
db9a
db7d
db61
db45
db2a
db10
daf6
dadd
dac4
daac
da95
da7e
da68
da52
da3d
da29
da15
da02
d9f0
d9de
d9cd
d9bc
d9ad
d99d
d98f
d981
d974
d967
d95b
d94f
d945
d93b
d931
d928
d920
d918
d912
d90b
d906
d901
d8fc
d8f9
d8f6
d8f3
d8f2
d8f0
d8f0
d8f0
d8f1
d8f3
d8f5
d8f7
d8fb
d8ff
d904
d909
d90f
d916
d91d
d925
d92e
d937
d941
d94b
d956
d962
d96f
d97c
d989
d998
d9a7
d9b6
d9c7
d9d8
d9e9
d9fb
da0e
da21
da36
da4a
da5f
da75
da8c
daa3
dabb
dad3
daec
db06
db20
db3b
db56
db72
db8f
dbac
dbca
dbe9
dc08
dc27
dc48
dc69
dc8a
dcac
dccf
dcf2
dd16
dd3a
dd5f
dd84
ddaa
ddd1
ddf8
de20
de48
de71
de9b
dec5
deef
df1a
df46
df72
df9f
dfcc
dffa
e028
e057
e086
e0b6
e0e7
e118
e149
e17b
e1ae
e1e0
e214
e248
e27c
e2b1
e2e7
e31d
e353
e38a
e3c1
e3f9
e431
e46a
e4a3
e4dd
e517
e551
e58c
e5c8
e603
e640
e67c
e6b9
e6f7
e735
e773
e7b2
e7f1
e831
e871
e8b1
e8f2
e933
e974
e9b6
e9f8
ea3b
ea7e
eac1
eb05
eb49
eb8d
ebd2
ec17
ec5c
eca2
ece8
ed2e
ed75
edbc
ee03
ee4b
ee93
eedb
ef23
ef6c
efb5
effe
f048
f091
f0db
f126
f170
f1bb
f206
f251
f29c
f2e8
f334
f380
f3cc
f419
f466
f4b2
f500
f54d
f59a
f5e8
f636
f684
f6d2
f720
f76e
f7bd
f80c
f85a
f8a9
f8f8
f947
f997
f9e6
fa36
fa85
fad5
fb25
fb74
fbc4
fc14
fc64
fcb5
fd05
fd55
fda5
fdf5
fe46
fe96
fee7
ff37
ff87
ffd8
0028
0079
00c9
0119
016a
01ba
020b
025b
02ab
02fb
034b
039c
03ec
043c
048c
04db
052b
057b
05ca
061a
0669
06b9
0708
0757
07a6
07f4
0843
0892
08e0
092e
097c
09ca
0a18
0a66
0ab3
0b00
0b4e
0b9a
0be7
0c34
0c80
0ccc
0d18
0d64
0daf
0dfa
0e45
0e90
0eda
0f25
0f6f
0fb8
1002
104b
1094
10dd
1125
116d
11b5
11fd
1244
128b
12d2
1318
135e
13a4
13e9
142e
1473
14b7
14fb
153f
1582
15c5
1608
164a
168c
16cd
170e
174f
178f
17cf
180f
184e
188d
18cb
1909
1947
1984
19c0
19fd
1a38
1a74
1aaf
1ae9
1b23
1b5d
1b96
1bcf
1c07
1c3f
1c76
1cad
1ce3
1d19
1d4f
1d84
1db8
1dec
1e20
1e52
1e85
1eb7
1ee8
1f19
1f4a
1f7a
1fa9
1fd8
2006
2034
2061
208e
20ba
20e6
2111
213b
2165
218f
21b8
21e0
2208
222f
2256
227c
22a1
22c6
22ea
230e
2331
2354
2376
2397
23b8
23d9
23f8
2417
2436
2454
2471
248e
24aa
24c5
24e0
24fa
2514
252d
2545
255d
2574
258b
25a1
25b6
25ca
25df
25f2
2605
2617
2628
2639
264a
2659
2668
2677
2684
2691
269e
26aa
26b5
26bf
26c9
26d2
26db
26e3
26ea
26f1
26f7
26fc
2701
2705
2709
270b
270d
270f
2710
2710
2710
270e
270d
270a
2707
2704
26ff
26fa
26f5
26ee
26e8
26e0
26d8
26cf
26c5
26bb
26b1
26a5
2699
268c
267f
2671
2663
2653
2644
2633
2622
2610
25fe
25eb
25d7
25c3
25ae
2598
2582
256b
2554
253c
2523
250a
24f0
24d6
24bb
249f
2483
2466
2448
242a
240c
23ec
23cd
23ac
238b
2369
2347
2324
2301
22dd
22b8
2293
226d
2247
2220
21f9
21d1
21a8
217f
2156
212b
2101
20d5
20aa
207d
2050
2023
1ff5
1fc6
1f97
1f68
1f38
1f07
1ed6
1ea4
1e72
1e3f
1e0c
1dd9
1da5
1d70
1d3b
1d05
1ccf
1c99
1c62
1c2a
1bf2
1bba
1b81
1b47
1b0e
1ad3
1a99
1a5e
1a22
19e6
19aa
196d
1930
18f2
18b4
1875
1836
17f7
17b7
1777
1737
16f6
16b5
1673
1631
15ef
15ac
1569
1525
14e2
149d
1459
1414
13cf
1389
1344
12fe
12b7
1270
1229
11e2
119a
1152
110a
10c2
1079
1030
0fe6
0f9d
0f53
0f09
0ebf
0e74
0e29
0dde
0d93
0d47
0cfb
0caf
0c63
0c17
0bca
0b7e
0b31
0ae3
0a96
0a49
09fb
09ad
095f
0911
08c3
0874
0826
07d7
0788
0739
06ea
069b
064b
05fc
05ad
055d
050d
04bd
046e
041e
03ce
037e
032d
02dd
028d
023d
01ec
019c
014c
00fb
00ab
005a
000a
ffba
ff69
ff19
fec8
fe78
fe28
fdd7
fd87
fd37
fce7
fc96
fc46
fbf6
fba6
fb57
fb07
fab7
fa67
fa18
f9c8
f979
f92a
f8db
f88c
f83d
f7ee
f79f
f751
f703
f6b4
f666
f618
f5cb
f57d
f530
f4e3
f496
f449
f3fc
f3b0
f364
f318
f2cc
f280
f235
f1ea
f19f
f154
f10a
f0c0
f076
f02c
efe3
ef99
ef51
ef08
eec0
ee78
ee30
ede9
eda1
ed5b
ed14
ecce
ec88
ec42
ebfd
ebb8
eb74
eb2f
eaec
eaa8
ea65
ea22
e9e0
e99d
e95c
e91a
e8d9
e899
e859
e819
e7d9
e79a
e75c
e71e
e6e0
e6a2
e666
e629
e5ed
e5b1
e576
e53b
e501
e4c7
e48e
e455
e41c
e3e4
e3ac
e375
e33e
e308
e2d3
e29d
e269
e234
e201
e1cd
e19b
e168
e137
e105
e0d5
e0a4
e075
e045
e017
dfe9
dfbb
df8e
df62
df36
df0a
dedf
deb5
de8b
de62
de39
de11
ddea
ddc3
dd9c
dd76
dd51
dd2c
dd08
dce5
dcc2
dc9f
dc7d
dc5c
dc3c
dc1c
dbfc
dbdd
dbbf
dba1
db84
db68
db4c
db31
db16
dafc
dae3
daca
dab2
da9a
da83
da6d
da57
da42
da2e
da1a
da07
d9f4
d9e2
d9d1
d9c1
d9b1
d9a1
d992
d984
d977
d96a
d95e
d952
d947
d93d
d933
d92a
d922
d91a
d913
d90d
d907
d902
d8fd
d8fa
d8f6
d8f4
d8f2
d8f1
d8f0
d8f0
d8f1
d8f2
d8f4
d8f7
d8fa
d8fe
d902
d908
d90e
d914
d91b
d923
d92b
d935
d93e
d949
d954
d95f
d96c
d978
d986
d994
d9a3
d9b2
d9c3
d9d3
d9e5
d9f7
da09
da1d
da30
da45
da5a
da70
da86
da9d
dab5
dacd
dae6
daff
db19
db34
db4f
db6b
db88
dba5
dbc3
dbe1
dc00
dc1f
dc40
dc60
dc82
dca3
dcc6
dce9
dd0d
dd31
dd56
dd7b
dda1
ddc7
ddee
de16
de3e
de67
de90
deba
dee5
df10
df3b
df67
df94
dfc1
dfee
e01d
e04b
e07b
e0aa
e0db
e10b
e13d
e16f
e1a1
e1d4
e207
e23b
e26f
e2a4
e2d9
e30f
e345
e37c
e3b3
e3eb
e423
e45c
e495
e4ce
e508
e543
e57d
e5b9
e5f4
e631
e66d
e6aa
e6e8
e725
e764
e7a2
e7e1
e821
e861
e8a1
e8e2
e923
e964
e9a6
e9e8
ea2a
ea6d
eab0
eaf4
eb38
eb7c
ebc1
ec06
ec4b
ec91
ecd7
ed1d
ed63
edaa
edf1
ee39
ee81
eec9
ef11
ef5a
efa3
efec
f035
f07f
f0c9
f113
f15d
f1a8
f1f3
f23e
f28a
f2d5
f321
f36d
f3b9
f406
f452
f49f
f4ec
f539
f587
f5d4
f622
f670
f6be
f70c
f75b
f7a9
f7f8
f847
f896
f8e5
f934
f983
f9d2
fa22
fa71
fac1
fb11
fb61
fbb0
fc00
fc50
fca1
fcf1
fd41
fd91
fde1
fe32
fe82
fed2
ff23
ff73
ffc4
0014
0065
00b5
0105
0156
01a6
01f6
0247
0297
02e7
0337
0388
03d8
0428
0478
04c7
0517
0567
05b6
0606
0655
06a5
06f4
0743
0792
07e1
0830
087e
08cd
091b
0969
09b7
0a05
0a52
0aa0
0aed
0b3a
0b87
0bd4
0c21
0c6d
0cb9
0d05
0d51
0d9c
0de7
0e32
0e7d
0ec8
0f12
0f5c
0fa6
0ff0
1039
1082
10cb
1113
115b
11a3
11eb
1232
1279
12c0
1306
134c
1392
13d8
141d
1461
14a6
14ea
152e
1571
15b4
15f7
1639
167b
16bd
16fe
173f
177f
17bf
17ff
183e
187d
18bc
18fa
1937
1974
19b1
19ee
1a2a
1a65
1aa0
1adb
1b15
1b4f
1b88
1bc1
1bf9
1c31
1c68
1c9f
1cd6
1d0c
1d41
1d77
1dab
1ddf
1e13
1e46
1e78
1eaa
1edc
1f0d
1f3e
1f6e
1f9d
1fcc
1ffb
2028
2056
2083
20af
20db
2106
2131
215b
2184
21ad
21d6
21fe
2225
224c
2272
2298
22bd
22e1
2305
2329
234b
236e
238f
23b0
23d1
23f0
2410
242e
244c
246a
2486
24a3
24be
24d9
24f4
250d
2527
253f
2557
256e
2585
259b
25b1
25c5
25da
25ed
2600
2612
2624
2635
2646
2655
2664
2673
2681
268e
269b
26a7
26b2
26bd
26c7
26d0
26d9
26e1
26e8
26ef
26f5
26fb
2700
2704
2708
270b
270d
270f
2710
2710
2710
270f
270d
270b
2708
2705
2700
26fc
26f6
26f0
26e9
26e2
26da
26d1
26c8
26be
26b3
26a8
269c
2690
2683
2675
2666
2657
2648
2637
2626
2615
2602
25f0
25dc
25c8
25b3
259e
2588
2571
255a
2542
252a
2511
24f7
24dd
24c2
24a6
248a
246d
2450
2432
2413
23f4
23d5
23b4
2393
2372
2350
232d
230a
22e6
22c1
229c
2277
2251
222a
2203
21db
21b3
218a
2160
2136
210b
20e0
20b5
2088
205b
202e
2000
1fd2
1fa3
1f74
1f44
1f13
1ee2
1eb1
1e7f
1e4c
1e19
1de6
1db2
1d7d
1d48
1d13
1cdd
1ca6
1c6f
1c38
1c00
1bc8
1b8f
1b56
1b1c
1ae2
1aa7
1a6c
1a31
19f5
19b9
197c
193f
1901
18c3
1885
1846
1807
17c7
1787
1747
1706
16c5
1683
1642
15ff
15bd
157a
1536
14f3
14ae
146a
1425
13e0
139b
1355
130f
12c9
1282
123b
11f4
11ac
1164
111c
10d4
108b
1042
0ff9
0faf
0f65
0f1b
0ed1
0e87
0e3c
0df1
0da6
0d5a
0d0e
0cc3
0c76
0c2a
0bde
0b91
0b44
0af7
0aaa
0a5c
0a0e
09c1
0973
0925
08d6
0888
0839
07eb
079c
074d
06fe
06af
065f
0610
05c0
0571
0521
04d1
0482
0432
03e2
0392
0341
02f1
02a1
0251
0200
01b0
0160
010f
00bf
006f
001e
ffce
ff7d
ff2d
fedd
fe8c
fe3c
fdeb
fd9b
fd4b
fcfb
fcab
fc5a
fc0a
fbba
fb6a
fb1b
facb
fa7b
fa2c
f9dc
f98d
f93e
f8ee
f89f
f850
f802
f7b3
f764
f716
f6c8
f67a
f62c
f5de
f591
f543
f4f6
f4a9
f45c
f40f
f3c3
f377
f32a
f2df
f293
f248
f1fc
f1b1
f167
f11c
f0d2
f088
f03e
eff5
efac
ef63
ef1a
eed2
ee8a
ee42
edfa
edb3
ed6c
ed26
ecdf
ec99
ec54
ec0e
ebc9
eb85
eb40
eafd
eab9
ea76
ea33
e9f0
e9ae
e96c
e92b
e8ea
e8a9
e869
e829
e7e9
e7aa
e76b
e72d
e6ef
e6b2
e675
e638
e5fc
e5c0
e585
e54a
e50f
e4d5
e49c
e463
e42a
e3f2
e3ba
e383
e34c
e316
e2e0
e2ab
e276
e241
e20d
e1da
e1a7
e175
e143
e112
e0e1
e0b0
e081
e051
e022
dff4
dfc6
df99
df6d
df40
df15
deea
debf
de95
de6c
de43
de1b
ddf3
ddcc
dda6
dd80
dd5a
dd35
dd11
dced
dcca
dca8
dc86
dc64
dc44
dc23
dc04
dbe5
dbc6
dba9
db8c
db6f
db53
db38
db1d
db03
dae9
dad0
dab8
daa0
da89
da73
da5d
da48
da33
da1f
da0c
d9f9
d9e7
d9d5
d9c5
d9b4
d9a5
d996
d988
d97a
d96d
d961
d955
d94a
d93f
d936
d92d
d924
d91c
d915
d90e
d908
d903
d8fe
d8fa
d8f7
d8f4
d8f2
d8f1
d8f0
d8f0
d8f1
d8f2
d8f4
d8f6
d8f9
d8fd
d901
d906
d90c
d912
d919
d921
d929
d932
d93c
d946
d951
d95c
d968
d975
d983
d991
d99f
d9af
d9be
d9cf
d9e0
d9f2
da05
da18
da2b
da40
da55
da6a
da81
da97
daaf
dac7
dae0
daf9
db13
db2d
db49
db64
db81
db9e
dbbb
dbd9
dbf8
dc18
dc38
dc58
dc79
dc9b
dcbd
dce0
dd04
dd28
dd4c
dd72
dd97
ddbe
dde5
de0c
de34
de5d
de86
deb0
deda
df05
df30
df5c
df88
dfb5
dfe3
e011
e040
e06f
e09e
e0ce
e0ff
e130
e162
e194
e1c7
e1fa
e22e
e262
e297
e2cc
e302
e338
e36e
e3a5
e3dd
e415
e44d
e486
e4c0
e4fa
e534
e56f
e5aa
e5e5
e621
e65e
e69b
e6d8
e716
e754
e793
e7d2
e811
e851
e891
e8d1
e912
e954
e995
e9d7
ea1a
ea5d
eaa0
eae3
eb27
eb6b
ebb0
ebf5
ec3a
ec7f
ecc5
ed0b
ed52
ed99
ede0
ee27
ee6f
eeb7
eeff
ef47
ef90
efd9
f023
f06c
f0b6
f100
f14b
f195
f1e0
f22b
f277
f2c2
f30e
f35a
f3a6
f3f3
f43f
f48c
f4d9
f526
f574
f5c1
f60f
f65d
f6ab
f6f9
f747
f796
f7e4
f833
f882
f8d1
f920
f96f
f9be
fa0e
fa5d
faad
fafd
fb4d
fb9c
fbec
fc3c
fc8c
fcdd
fd2d
fd7d
fdcd
fe1e
fe6e
febe
ff0f
ff5f
ffb0
0000
0050
00a1
00f1
0142
0192
01e2
0233
0283
02d3
0323
0374
03c4
0414
0464
04b3
0503
0553
05a3
05f2
0642
0691
06e0
072f
077e
07cd
081c
086a
08b9
0907
0955
09a3
09f1
0a3f
0a8c
0ada
0b27
0b74
0bc1
0c0d
0c5a
0ca6
0cf2
0d3e
0d89
0dd5
0e20
0e6b
0eb5
0f00
0f4a
0f94
0fdd
1027
1070
10b9
1101
1149
1191
11d9
1220
1267
12ae
12f5
133b
1381
13c6
140b
1450
1495
14d9
151d
1560
15a3
15e6
1629
166b
16ac
16ee
172f
176f
17af
17ef
182e
186d
18ac
18ea
1928
1965
19a2
19df
1a1b
1a56
1a91
1acc
1b06
1b40
1b7a
1bb3
1beb
1c23
1c5b
1c92
1cc8
1cfe
1d34
1d69
1d9e
1dd2
1e06
1e39
1e6c
1e9e
1ed0
1f01
1f32
1f62
1f91
1fc0
1fef
201d
204b
2078
20a4
20d0
20fb
2126
2150
217a
21a3
21cc
21f4
221b
2242
2269
228e
22b4
22d8
22fc
2320
2343
2365
2387
23a8
23c8
23e8
2408
2427
2445
2462
247f
249c
24b7
24d3
24ed
2507
2520
2539
2551
2569
257f
2596
25ab
25c0
25d5
25e8
25fb
260e
2620
2631
2642
2651
2661
266f
267d
268b
2698
26a4
26af
26ba
26c4
26ce
26d7
26df
26e7
26ee
26f4
26fa
26ff
2703
2707
270a
270c
270e
270f
2710
2710
270f
270e
270c
2709
2706
2702
26fd
26f8
26f2
26eb
26e4
26dc
26d3
26ca
26c1
26b6
26ab
269f
2693
2686
2678
266a
265b
264c
263b
262b
2619
2607
25f4
25e1
25cd
25b8
25a3
258d
2577
2560
2548
2530
2517
24fd
24e3
24c8
24ad
2491
2474
2457
243a
241b
23fc
23dd
23bc
239c
237a
2358
2336
2313
22ef
22cb
22a6
2280
225a
2234
220d
21e5
21bd
2194
216b
2141
2116
20eb
20c0
2093
2067
203a
200c
1fde
1faf
1f7f
1f50
1f1f
1eee
1ebd
1e8b
1e59
1e26
1df3
1dbf
1d8a
1d55
1d20
1cea
1cb4
1c7d
1c46
1c0e
1bd6
1b9d
1b64
1b2b
1af1
1ab6
1a7b
1a40
1a04
19c8
198b
194e
1911
18d3
1895
1856
1817
17d7
1797
1757
1716
16d5
1694
1652
1610
15cd
158a
1547
1503
14c0
147b
1437
13f2
13ac
1367
1321
12da
1294
124d
1206
11be
1176
112e
10e6
109d
1054
100b
0fc2
0f78
0f2e
0ee4
0e99
0e4f
0e04
0db8
0d6d
0d21
0cd6
0c89
0c3d
0bf1
0ba4
0b57
0b0a
0abd
0a6f
0a22
09d4
0986
0938
08ea
089c
084d
07fe
07b0
0761
0712
06c2
0673
0624
05d4
0585
0535
04e5
0496
0446
03f6
03a6
0355
0305
02b5
0265
0215
01c4
0174
0123
00d3
0083
0032
ffe2
ff91
ff41
fef1
fea0
fe50
fe00
fdaf
fd5f
fd0f
fcbf
fc6e
fc1e
fbce
fb7e
fb2f
fadf
fa8f
fa40
f9f0
f9a1
f951
f902
f8b3
f864
f815
f7c7
f778
f72a
f6db
f68d
f63f
f5f2
f5a4
f556
f509
f4bc
f46f
f422
f3d6
f38a
f33d
f2f2
f2a6
f25a
f20f
f1c4
f179
f12f
f0e5
f09b
f051
f007
efbe
ef75
ef2c
eee4
ee9c
ee54
ee0c
edc5
ed7e
ed37
ecf1
ecab
ec65
ec20
ebdb
eb96
eb52
eb0d
eaca
ea86
ea43
ea01
e9be
e97d
e93b
e8fa
e8b9
e879
e839
e7f9
e7ba
e77b
e73d
e6ff
e6c1
e684
e647
e60b
e5cf
e594
e559
e51e
e4e4
e4aa
e471
e438
e400
e3c8
e391
e35a
e323
e2ed
e2b8
e283
e24e
e21a
e1e7
e1b4
e181
e14f
e11e
e0ed
e0bc
e08c
e05d
e02e
e000
dfd2
dfa5
df78
df4b
df20
def5
deca
dea0
de76
de4d
de25
ddfd
ddd6
ddaf
dd89
dd64
dd3f
dd1a
dcf6
dcd3
dcb0
dc8e
dc6d
dc4c
dc2b
dc0c
dbed
dbce
dbb0
db93
db76
db5a
db3e
db23
db09
daef
dad6
dabe
daa6
da8f
da78
da62
da4d
da38
da24
da10
d9fe
d9eb
d9da
d9c9
d9b8
d9a9
d99a
d98b
d97d
d970
d964
d958
d94d
d942
d938
d92f
d926
d91e
d917
d910
d90a
d904
d900
d8fb
d8f8
d8f5
d8f3
d8f1
d8f0
d8f0
d8f0
d8f1
d8f3
d8f5
d8f8
d8fc
d900
d905
d90b
d911
d918
d91f
d927
d930
d939
d943
d94e
d959
d965
d972
d97f
d98d
d99c
d9ab
d9ba
d9cb
d9dc
d9ee
da00
da13
da26
da3b
da4f
da65
da7b
da92
daa9
dac1
dad9
daf3
db0c
db27
db42
db5d
db7a
db96
dbb4
dbd2
dbf0
dc10
dc2f
dc50
dc71
dc92
dcb5
dcd7
dcfb
dd1f
dd43
dd68
dd8e
ddb4
dddb
de02
de2a
de53
de7c
dea5
decf
defa
df25
df51
df7d
dfaa
dfd8
e005
e034
e063
e092
e0c2
e0f3
e124
e156
e188
e1ba
e1ed
e221
e255
e289
e2bf
e2f4
e32a
e361
e398
e3cf
e407
e43f
e478
e4b1
e4eb
e525
e560
e59b
e5d6
e612
e64f
e68c
e6c9
e706
e744
e783
e7c2
e801
e841
e881
e8c1
e902
e943
e985
e9c7
ea09
ea4c
ea8f
ead2
eb16
eb5a
eb9f
ebe3
ec28
ec6e
ecb4
ecfa
ed40
ed87
edce
ee15
ee5d
eea5
eeed
ef35
ef7e
efc7
f010
f05a
f0a4
f0ee
f138
f183
f1ce
f219
f264
f2af
f2fb
f347
f393
f3df
f42c
f479
f4c6
f513
f560
f5ae
f5fb
f649
f697
f6e5
f733
f782
f7d0
f81f
f86e
f8bd
f90c
f95b
f9ab
f9fa
fa4a
fa99
fae9
fb39
fb88
fbd8
fc28
fc78
fcc9
fd19
fd69
fdb9
fe0a
fe5a
feaa
fefb
ff4b
ff9b
ffec
003c
008d
00dd
012e
017e
01ce
021f
026f
02bf
030f
035f
03b0
0400
0450
049f
04ef
053f
058f
05de
062e
067d
06cc
071b
076a
07b9
0808
0857
08a5
08f4
0942
0990
09de
0a2c
0a79
0ac7
0b14
0b61
0bae
0bfa
0c47
0c93
0cdf
0d2b
0d76
0dc2
0e0d
0e58
0ea3
0eed
0f37
0f81
0fcb
1014
105d
10a6
10ef
1137
117f
11c7
120f
1256
129d
12e3
1329
136f
13b5
13fa
143f
1484
14c8
150c
1550
1593
15d6
1618
165a
169c
16dd
171e
175f
179f
17df
181f
185e
189c
18db
1918
1956
1993
19cf
1a0c
1a47
1a83
1abd
1af8
1b32
1b6b
1ba4
1bdd
1c15
1c4d
1c84
1cbb
1cf1
1d27
1d5c
1d91
1dc5
1df9
1e2c
1e5f
1e91
1ec3
1ef5
1f25
1f56
1f85
1fb5
1fe3
2012
203f
206c
2099
20c5
20f0
211b
2146
2170
2199
21c2
21ea
2212
2239
225f
2285
22aa
22cf
22f3
2317
233a
235d
237e
23a0
23c0
23e1
2400
241f
243d
245b
2478
2495
24b1
24cc
24e7
2501
251a
2533
254b
2563
257a
2590
25a6
25bb
25d0
25e3
25f7
2609
261b
262d
263d
264e
265d
266c
267a
2688
2694
26a1
26ac
26b7
26c2
26cb
26d5
26dd
26e5
26ec
26f2
26f8
26fe
2702
2706
2709
270c
270e
270f
2710
2710
270f
270e
270c
270a
2706
2703
26fe
26f9
26f3
26ed
26e6
26de
26d6
26cd
26c3
26b9
26ae
26a2
2696
2689
267c
266e
265f
264f
263f
262f
261e
260c
25f9
25e6
25d2
25be
25a9
2593
257d
2566
254e
2536
251d
2504
24ea
24cf
24b4
2498
247c
245f
2441
2423
2404
23e4
23c4
23a4
2383
2361
233e
231b
22f8
22d4
22af
228a
2264
223d
2216
21ef
21c7
219e
2175
214b
2121
20f6
20ca
209e
2072
2045
2017
1fe9
1fbb
1f8b
1f5c
1f2b
1efb
1ec9
1e98
1e65
1e33
1dff
1dcc
1d97
1d63
1d2d
1cf8
1cc2
1c8b
1c54
1c1c
1be4
1bab
1b72
1b39
1aff
1ac5
1a8a
1a4f
1a13
19d7
199a
195e
1920
18e2
18a4
1866
1827
17e7
17a7
1767
1727
16e6
16a4
1663
1620
15de
159b
1558
1514
14d1
148c
1448
1403
13be
1378
1332
12ec
12a5
125f
1217
11d0
1188
1140
10f8
10af
1067
101d
0fd4
0f8a
0f40
0ef6
0eac
0e61
0e16
0dcb
0d80
0d34
0ce8
0c9c
0c50
0c04
0bb7
0b6a
0b1d
0ad0
0a83
0a35
09e8
099a
094c
08fd
08af
0861
0812
07c3
0774
0725
06d6
0687
0638
05e8
0599
0549
04f9
04a9
045a
040a
03ba
036a
0319
02c9
0279
0229
01d8
0188
0138
00e7
0097
0046
fff6
ffa6
ff55
ff05
feb4
fe64
fe14
fdc3
fd73
fd23
fcd3
fc82
fc32
fbe2
fb92
fb43
faf3
faa3
fa53
fa04
f9b5
f965
f916
f8c7
f878
f829
f7da
f78c
f73d
f6ef
f6a1
f653
f605
f5b7
f56a
f51d
f4cf
f482
f436
f3e9
f39d
f351
f305
f2b9
f26d
f222
f1d7
f18c
f141
f0f7
f0ad
f063
f01a
efd0
ef87
ef3e
eef6
eeae
ee66
ee1e
edd7
ed90
ed49
ed02
ecbc
ec77
ec31
ebec
eba7
eb63
eb1e
eadb
ea97
ea54
ea11
e9cf
e98d
e94b
e90a
e8c9
e889
e849
e809
e7ca
e78b
e74c
e70e
e6d0
e693
e656
e61a
e5de
e5a2
e567
e52d
e4f2
e4b9
e47f
e446
e40e
e3d6
e39e
e367
e331
e2fb
e2c5
e290
e25b
e227
e1f4
e1c1
e18e
e15c
e12a
e0f9
e0c8
e098
e069
e03a
e00b
dfdd
dfb0
df83
df56
df2b
deff
ded5
deaa
de81
de58
de2f
de07
dde0
ddb9
dd93
dd6d
dd48
dd23
dcff
dcdc
dcb9
dc97
dc75
dc54
dc33
dc14
dbf4
dbd6
dbb8
db9a
db7d
db61
db45
db2a
db10
daf6
dadd
dac4
daac
da95
da7e
da68
da52
da3d
da29
da15
da02
d9f0
d9de
d9cd
d9bc
d9ad
d99d
d98f
d981
d974
d967
d95b
d94f
d945
d93b
d931
d928
d920
d918
d912
d90b
d906
d901
d8fc
d8f9
d8f6
d8f3
d8f2
d8f0
d8f0
d8f0
d8f1
d8f3
d8f5
d8f7
d8fb
d8ff
d904
d909
d90f
d916
d91d
d925
d92e
d937
d941
d94b
d956
d962
d96f
d97c
d989
d998
d9a7
d9b6
d9c7
d9d8
d9e9
d9fb
da0e
da21
da36
da4a
da5f
da75
da8c
daa3
dabb
dad3
daec
db06
db20
db3b
db56
db72
db8f
dbac
dbca
dbe9
dc08
dc27
dc48
dc69
dc8a
dcac
dccf
dcf2
dd16
dd3a
dd5f
dd84
ddaa
ddd1
ddf8
de20
de48
de71
de9b
dec5
deef
df1a
df46
df72
df9f
dfcc
dffa
e028
e057
e086
e0b6
e0e7
e118
e149
e17b
e1ae
e1e0
e214
e248
e27c
e2b1
e2e7
e31d
e353
e38a
e3c1
e3f9
e431
e46a
e4a3
e4dd
e517
e551
e58c
e5c8
e603
e640
e67c
e6b9
e6f7
e735
e773
e7b2
e7f1
e831
e871
e8b1
e8f2
e933
e974
e9b6
e9f8
ea3b
ea7e
eac1
eb05
eb49
eb8d
ebd2
ec17
ec5c
eca2
ece8
ed2e
ed75
edbc
ee03
ee4b
ee93
eedb
ef23
ef6c
efb5
effe
f048
f091
f0db
f126
f170
f1bb
f206
f251
f29c
f2e8
f334
f380
f3cc
f419
f466
f4b2
f500
f54d
f59a
f5e8
f636
f684
f6d2
f720
f76e
f7bd
f80c
f85a
f8a9
f8f8
f947
f997
f9e6
fa36
fa85
fad5
fb25
fb74
fbc4
fc14
fc64
fcb5
fd05
fd55
fda5
fdf5
fe46
fe96
fee7
ff37
ff87
ffd8
0028
0079
00c9
0119
016a
01ba
020b
025b
02ab
02fb
034b
039c
03ec
043c
048c
04db
052b
057b
05ca
061a
0669
06b9
0708
0757
07a6
07f4
0843
0892
08e0
092e
097c
09ca
0a18
0a66
0ab3
0b00
0b4e
0b9a
0be7
0c34
0c80
0ccc
0d18
0d64
0daf
0dfa
0e45
0e90
0eda
0f25
0f6f
0fb8
1002
104b
1094
10dd
1125
116d
11b5
11fd
1244
128b
12d2
1318
135e
13a4
13e9
142e
1473
14b7
14fb
153f
1582
15c5
1608
164a
168c
16cd
170e
174f
178f
17cf
180f
184e
188d
18cb
1909
1947
1984
19c0
19fd
1a38
1a74
1aaf
1ae9
1b23
1b5d
1b96
1bcf
1c07
1c3f
1c76
1cad
1ce3
1d19
1d4f
1d84
1db8
1dec
1e20
1e52
1e85
1eb7
1ee8
1f19
1f4a
1f7a
1fa9
1fd8
2006
2034
2061
208e
20ba
20e6
2111
213b
2165
218f
21b8
21e0
2208
222f
2256
227c
22a1
22c6
22ea
230e
2331
2354
2376
2397
23b8
23d9
23f8
2417
2436
2454
2471
248e
24aa
24c5
24e0
24fa
2514
252d
2545
255d
2574
258b
25a1
25b6
25ca
25df
25f2
2605
2617
2628
2639
264a
2659
2668
2677
2684
2691
269e
26aa
26b5
26bf
26c9
26d2
26db
26e3
26ea
26f1
26f7
26fc
2701
2705
2709
270b
270d
270f
2710
2710
2710
270e
270d
270a
2707
2704
26ff
26fa
26f5
26ee
26e8
26e0
26d8
26cf
26c5
26bb
26b1
26a5
2699
268c
267f
2671
2663
2653
2644
2633
2622
2610
25fe
25eb
25d7
25c3
25ae
2598
2582
256b
2554
253c
2523
250a
24f0
24d6
24bb
249f
2483
2466
2448
242a
240c
23ec
23cd
23ac
238b
2369
2347
2324
2301
22dd
22b8
2293
226d
2247
2220
21f9
21d1
21a8
217f
2156
212b
2101
20d5
20aa
207d
2050
2023
1ff5
1fc6
1f97
1f68
1f38
1f07
1ed6
1ea4
1e72
1e3f
1e0c
1dd9
1da5
1d70
1d3b
1d05
1ccf
1c99
1c62
1c2a
1bf2
1bba
1b81
1b47
1b0e
1ad3
1a99
1a5e
1a22
19e6
19aa
196d
1930
18f2
18b4
1875
1836
17f7
17b7
1777
1737
16f6
16b5
1673
1631
15ef
15ac
1569
1525
14e2
149d
1459
1414
13cf
1389
1344
12fe
12b7
1270
1229
11e2
119a
1152
110a
10c2
1079
1030
0fe6
0f9d
0f53
0f09
0ebf
0e74
0e29
0dde
0d93
0d47
0cfb
0caf
0c63
0c17
0bca
0b7e
0b31
0ae3
0a96
0a49
09fb
09ad
095f
0911
08c3
0874
0826
07d7
0788
0739
06ea
069b
064b
05fc
05ad
055d
050d
04bd
046e
041e
03ce
037e
032d
02dd
028d
023d
01ec
019c
014c
00fb
00ab
005a
000a
ffba
ff69
ff19
fec8
fe78
fe28
fdd7
fd87
fd37
fce7
fc96
fc46
fbf6
fba6
fb57
fb07
fab7
fa67
fa18
f9c8
f979
f92a
f8db
f88c
f83d
f7ee
f79f
f751
f703
f6b4
f666
f618
f5cb
f57d
f530
f4e3
f496
f449
f3fc
f3b0
f364
f318
f2cc
f280
f235
f1ea
f19f
f154
f10a
f0c0
f076
f02c
efe3
ef99
ef51
ef08
eec0
ee78
ee30
ede9
eda1
ed5b
ed14
ecce
ec88
ec42
ebfd
ebb8
eb74
eb2f
eaec
eaa8
ea65
ea22
e9e0
e99d
e95c
e91a
e8d9
e899
e859
e819
e7d9
e79a
e75c
e71e
e6e0
e6a2
e666
e629
e5ed
e5b1
e576
e53b
e501
e4c7
e48e
e455
e41c
e3e4
e3ac
e375
e33e
e308
e2d3
e29d
e269
e234
e201
e1cd
e19b
e168
e137
e105
e0d5
e0a4
e075
e045
e017
dfe9
dfbb
df8e
df62
df36
df0a
dedf
deb5
de8b
de62
de39
de11
ddea
ddc3
dd9c
dd76
dd51
dd2c
dd08
dce5
dcc2
dc9f
dc7d
dc5c
dc3c
dc1c
dbfc
dbdd
dbbf
dba1
db84
db68
db4c
db31
db16
dafc
dae3
daca
dab2
da9a
da83
da6d
da57
da42
da2e
da1a
da07
d9f4
d9e2
d9d1
d9c1
d9b1
d9a1
d992
d984
d977
d96a
d95e
d952
d947
d93d
d933
d92a
d922
d91a
d913
d90d
d907
d902
d8fd
d8fa
d8f6
d8f4
d8f2
d8f1
d8f0
d8f0
d8f1
d8f2
d8f4
d8f7
d8fa
d8fe
d902
d908
d90e
d914
d91b
d923
d92b
d935
d93e
d949
d954
d95f
d96c
d978
d986
d994
d9a3
d9b2
d9c3
d9d3
d9e5
d9f7
da09
da1d
da30
da45
da5a
da70
da86
da9d
dab5
dacd
dae6
daff
db19
db34
db4f
db6b
db88
dba5
dbc3
dbe1
dc00
dc1f
dc40
dc60
dc82
dca3
dcc6
dce9
dd0d
dd31
dd56
dd7b
dda1
ddc7
ddee
de16
de3e
de67
de90
deba
dee5
df10
df3b
df67
df94
dfc1
dfee
e01d
e04b
e07b
e0aa
e0db
e10b
e13d
e16f
e1a1
e1d4
e207
e23b
e26f
e2a4
e2d9
e30f
e345
e37c
e3b3
e3eb
e423
e45c
e495
e4ce
e508
e543
e57d
e5b9
e5f4
e631
e66d
e6aa
e6e8
e725
e764
e7a2
e7e1
e821
e861
e8a1
e8e2
e923
e964
e9a6
e9e8
ea2a
ea6d
eab0
eaf4
eb38
eb7c
ebc1
ec06
ec4b
ec91
ecd7
ed1d
ed63
edaa
edf1
ee39
ee81
eec9
ef11
ef5a
efa3
efec
f035
f07f
f0c9
f113
f15d
f1a8
f1f3
f23e
f28a
f2d5
f321
f36d
f3b9
f406
f452
f49f
f4ec
f539
f587
f5d4
f622
f670
f6be
f70c
f75b
f7a9
f7f8
f847
f896
f8e5
f934
f983
f9d2
fa22
fa71
fac1
fb11
fb61
fbb0
fc00
fc50
fca1
fcf1
fd41
fd91
fde1
fe32
fe82
fed2
ff23
ff73
ffc4
0014
0065
00b5
0105
0156
01a6
01f6
0247
0297
02e7
0337
0388
03d8
0428
0478
04c7
0517
0567
05b6
0606
0655
06a5
06f4
0743
0792
07e1
0830
087e
08cd
091b
0969
09b7
0a05
0a52
0aa0
0aed
0b3a
0b87
0bd4
0c21
0c6d
0cb9
0d05
0d51
0d9c
0de7
0e32
0e7d
0ec8
0f12
0f5c
0fa6
0ff0
1039
1082
10cb
1113
115b
11a3
11eb
1232
1279
12c0
1306
134c
1392
13d8
141d
1461
14a6
14ea
152e
1571
15b4
15f7
1639
167b
16bd
16fe
173f
177f
17bf
17ff
183e
187d
18bc
18fa
1937
1974
19b1
19ee
1a2a
1a65
1aa0
1adb
1b15
1b4f
1b88
1bc1
1bf9
1c31
1c68
1c9f
1cd6
1d0c
1d41
1d77
1dab
1ddf
1e13
1e46
1e78
1eaa
1edc
1f0d
1f3e
1f6e
1f9d
1fcc
1ffb
2028
2056
2083
20af
20db
2106
2131
215b
2184
21ad
21d6
21fe
2225
224c
2272
2298
22bd
22e1
2305
2329
234b
236e
238f
23b0
23d1
23f0
2410
242e
244c
246a
2486
24a3
24be
24d9
24f4
250d
2527
253f
2557
256e
2585
259b
25b1
25c5
25da
25ed
2600
2612
2624
2635
2646
2655
2664
2673
2681
268e
269b
26a7
26b2
26bd
26c7
26d0
26d9
26e1
26e8
26ef
26f5
26fb
2700
2704
2708
270b
270d
270f
2710
2710
2710
270f
270d
270b
2708
2705
2700
26fc
26f6
26f0
26e9
26e2
26da
26d1
26c8
26be
26b3
26a8
269c
2690
2683
2675
2666
2657
2648
2637
2626
2615
2602
25f0
25dc
25c8
25b3
259e
2588
2571
255a
2542
252a
2511
24f7
24dd
24c2
24a6
248a
246d
2450
2432
2413
23f4
23d5
23b4
2393
2372
2350
232d
230a
22e6
22c1
229c
2277
2251
222a
2203
21db
21b3
218a
2160
2136
210b
20e0
20b5
2088
205b
202e
2000
1fd2
1fa3
1f74
1f44
1f13
1ee2
1eb1
1e7f
1e4c
1e19
1de6
1db2
1d7d
1d48
1d13
1cdd
1ca6
1c6f
1c38
1c00
1bc8
1b8f
1b56
1b1c
1ae2
1aa7
1a6c
1a31
19f5
19b9
197c
193f
1901
18c3
1885
1846
1807
17c7
1787
1747
1706
16c5
1683
1642
15ff
15bd
157a
1536
14f3
14ae
146a
1425
13e0
139b
1355
130f
12c9
1282
123b
11f4
11ac
1164
111c
10d4
108b
1042
0ff9
0faf
0f65
0f1b
0ed1
0e87
0e3c
0df1
0da6
0d5a
0d0e
0cc3
0c76
0c2a
0bde
0b91
0b44
0af7
0aaa
0a5c
0a0e
09c1
0973
0925
08d6
0888
0839
07eb
079c
074d
06fe
06af
065f
0610
05c0
0571
0521
04d1
0482
0432
03e2
0392
0341
02f1
02a1
0251
0200
01b0
0160
010f
00bf
006f
001e
ffce
ff7d
ff2d
fedd
fe8c
fe3c
fdeb
fd9b
fd4b
fcfb
fcab
fc5a
fc0a
fbba
fb6a
fb1b
facb
fa7b
fa2c
f9dc
f98d
f93e
f8ee
f89f
f850
f802
f7b3
f764
f716
f6c8
f67a
f62c
f5de
f591
f543
f4f6
f4a9
f45c
f40f
f3c3
f377
f32a
f2df
f293
f248
f1fc
f1b1
f167
f11c
f0d2
f088
f03e
eff5
efac
ef63
ef1a
eed2
ee8a
ee42
edfa
edb3
ed6c
ed26
ecdf
ec99
ec54
ec0e
ebc9
eb85
eb40
eafd
eab9
ea76
ea33
e9f0
e9ae
e96c
e92b
e8ea
e8a9
e869
e829
e7e9
e7aa
e76b
e72d
e6ef
e6b2
e675
e638
e5fc
e5c0
e585
e54a
e50f
e4d5
e49c
e463
e42a
e3f2
e3ba
e383
e34c
e316
e2e0
e2ab
e276
e241
e20d
e1da
e1a7
e175
e143
e112
e0e1
e0b0
e081
e051
e022
dff4
dfc6
df99
df6d
df40
df15
deea
debf
de95
de6c
de43
de1b
ddf3
ddcc
dda6
dd80
dd5a
dd35
dd11
dced
dcca
dca8
dc86
dc64
dc44
dc23
dc04
dbe5
dbc6
dba9
db8c
db6f
db53
db38
db1d
db03
dae9
dad0
dab8
daa0
da89
da73
da5d
da48
da33
da1f
da0c
d9f9
d9e7
d9d5
d9c5
d9b4
d9a5
d996
d988
d97a
d96d
d961
d955
d94a
d93f
d936
d92d
d924
d91c
d915
d90e
d908
d903
d8fe
d8fa
d8f7
d8f4
d8f2
d8f1
d8f0
d8f0
d8f1
d8f2
d8f4
d8f6
d8f9
d8fd
d901
d906
d90c
d912
d919
d921
d929
d932
d93c
d946
d951
d95c
d968
d975
d983
d991
d99f
d9af
d9be
d9cf
d9e0
d9f2
da05
da18
da2b
da40
da55
da6a
da81
da97
daaf
dac7
dae0
daf9
db13
db2d
db49
db64
db81
db9e
dbbb
dbd9
dbf8
dc18
dc38
dc58
dc79
dc9b
dcbd
dce0
dd04
dd28
dd4c
dd72
dd97
ddbe
dde5
de0c
de34
de5d
de86
deb0
deda
df05
df30
df5c
df88
dfb5
dfe3
e011
e040
e06f
e09e
e0ce
e0ff
e130
e162
e194
e1c7
e1fa
e22e
e262
e297
e2cc
e302
e338
e36e
e3a5
e3dd
e415
e44d
e486
e4c0
e4fa
e534
e56f
e5aa
e5e5
e621
e65e
e69b
e6d8
e716
e754
e793
e7d2
e811
e851
e891
e8d1
e912
e954
e995
e9d7
ea1a
ea5d
eaa0
eae3
eb27
eb6b
ebb0
ebf5
ec3a
ec7f
ecc5
ed0b
ed52
ed99
ede0
ee27
ee6f
eeb7
eeff
ef47
ef90
efd9
f023
f06c
f0b6
f100
f14b
f195
f1e0
f22b
f277
f2c2
f30e
f35a
f3a6
f3f3
f43f
f48c
f4d9
f526
f574
f5c1
f60f
f65d
f6ab
f6f9
f747
f796
f7e4
f833
f882
f8d1
f920
f96f
f9be
fa0e
fa5d
faad
fafd
fb4d
fb9c
fbec
fc3c
fc8c
fcdd
fd2d
fd7d
fdcd
fe1e
fe6e
febe
ff0f
ff5f
ffb0
0000
0050
00a1
00f1
0142
0192
01e2
0233
0283
02d3
0323
0374
03c4
0414
0464
04b3
0503
0553
05a3
05f2
0642
0691
06e0
072f
077e
07cd
081c
086a
08b9
0907
0955
09a3
09f1
0a3f
0a8c
0ada
0b27
0b74
0bc1
0c0d
0c5a
0ca6
0cf2
0d3e
0d89
0dd5
0e20
0e6b
0eb5
0f00
0f4a
0f94
0fdd
1027
1070
10b9
1101
1149
1191
11d9
1220
1267
12ae
12f5
133b
1381
13c6
140b
1450
1495
14d9
151d
1560
15a3
15e6
1629
166b
16ac
16ee
172f
176f
17af
17ef
182e
186d
18ac
18ea
1928
1965
19a2
19df
1a1b
1a56
1a91
1acc
1b06
1b40
1b7a
1bb3
1beb
1c23
1c5b
1c92
1cc8
1cfe
1d34
1d69
1d9e
1dd2
1e06
1e39
1e6c
1e9e
1ed0
1f01
1f32
1f62
1f91
1fc0
1fef
201d
204b
2078
20a4
20d0
20fb
2126
2150
217a
21a3
21cc
21f4
221b
2242
2269
228e
22b4
22d8
22fc
2320
2343
2365
2387
23a8
23c8
23e8
2408
2427
2445
2462
247f
249c
24b7
24d3
24ed
2507
2520
2539
2551
2569
257f
2596
25ab
25c0
25d5
25e8
25fb
260e
2620
2631
2642
2651
2661
266f
267d
268b
2698
26a4
26af
26ba
26c4
26ce
26d7
26df
26e7
26ee
26f4
26fa
26ff
2703
2707
270a
270c
270e
270f
2710
2710
270f
270e
270c
2709
2706
2702
26fd
26f8
26f2
26eb
26e4
26dc
26d3
26ca
26c1
26b6
26ab
269f
2693
2686
2678
266a
265b
264c
263b
262b
2619
2607
25f4
25e1
25cd
25b8
25a3
258d
2577
2560
2548
2530
2517
24fd
24e3
24c8
24ad
2491
2474
2457
243a
241b
23fc
23dd
23bc
239c
237a
2358
2336
2313
22ef
22cb
22a6
2280
225a
2234
220d
21e5
21bd
2194
216b
2141
2116
20eb
20c0
2093
2067
203a
200c
1fde
1faf
1f7f
1f50
1f1f
1eee
1ebd
1e8b
1e59
1e26
1df3
1dbf
1d8a
1d55
1d20
1cea
1cb4
1c7d
1c46
1c0e
1bd6
1b9d
1b64
1b2b
1af1
1ab6
1a7b
1a40
1a04
19c8
198b
194e
1911
18d3
1895
1856
1817
17d7
1797
1757
1716
16d5
1694
1652
1610
15cd
158a
1547
1503
14c0
147b
1437
13f2
13ac
1367
1321
12da
1294
124d
1206
11be
1176
112e
10e6
109d
1054
100b
0fc2
0f78
0f2e
0ee4
0e99
0e4f
0e04
0db8
0d6d
0d21
0cd6
0c89
0c3d
0bf1
0ba4
0b57
0b0a
0abd
0a6f
0a22
09d4
0986
0938
08ea
089c
084d
07fe
07b0
0761
0712
06c2
0673
0624
05d4
0585
0535
04e5
0496
0446
03f6
03a6
0355
0305
02b5
0265
0215
01c4
0174
0123
00d3
0083
0032
ffe2
ff91
ff41
fef1
fea0
fe50
fe00
fdaf
fd5f
fd0f
fcbf
fc6e
fc1e
fbce
fb7e
fb2f
fadf
fa8f
fa40
f9f0
f9a1
f951
f902
f8b3
f864
f815
f7c7
f778
f72a
f6db
f68d
f63f
f5f2
f5a4
f556
f509
f4bc
f46f
f422
f3d6
f38a
f33d
f2f2
f2a6
f25a
f20f
f1c4
f179
f12f
f0e5
f09b
f051
f007
efbe
ef75
ef2c
eee4
ee9c
ee54
ee0c
edc5
ed7e
ed37
ecf1
ecab
ec65
ec20
ebdb
eb96
eb52
eb0d
eaca
ea86
ea43
ea01
e9be
e97d
e93b
e8fa
e8b9
e879
e839
e7f9
e7ba
e77b
e73d
e6ff
e6c1
e684
e647
e60b
e5cf
e594
e559
e51e
e4e4
e4aa
e471
e438
e400
e3c8
e391
e35a
e323
e2ed
e2b8
e283
e24e
e21a
e1e7
e1b4
e181
e14f
e11e
e0ed
e0bc
e08c
e05d
e02e
e000
dfd2
dfa5
df78
df4b
df20
def5
deca
dea0
de76
de4d
de25
ddfd
ddd6
ddaf
dd89
dd64
dd3f
dd1a
dcf6
dcd3
dcb0
dc8e
dc6d
dc4c
dc2b
dc0c
dbed
dbce
dbb0
db93
db76
db5a
db3e
db23
db09
daef
dad6
dabe
daa6
da8f
da78
da62
da4d
da38
da24
da10
d9fe
d9eb
d9da
d9c9
d9b8
d9a9
d99a
d98b
d97d
d970
d964
d958
d94d
d942
d938
d92f
d926
d91e
d917
d910
d90a
d904
d900
d8fb
d8f8
d8f5
d8f3
d8f1
d8f0
d8f0
d8f0
d8f1
d8f3
d8f5
d8f8
d8fc
d900
d905
d90b
d911
d918
d91f
d927
d930
d939
d943
d94e
d959
d965
d972
d97f
d98d
d99c
d9ab
d9ba
d9cb
d9dc
d9ee
da00
da13
da26
da3b
da4f
da65
da7b
da92
daa9
dac1
dad9
daf3
db0c
db27
db42
db5d
db7a
db96
dbb4
dbd2
dbf0
dc10
dc2f
dc50
dc71
dc92
dcb5
dcd7
dcfb
dd1f
dd43
dd68
dd8e
ddb4
dddb
de02
de2a
de53
de7c
dea5
decf
defa
df25
df51
df7d
dfaa
dfd8
e005
e034
e063
e092
e0c2
e0f3
e124
e156
e188
e1ba
e1ed
e221
e255
e289
e2bf
e2f4
e32a
e361
e398
e3cf
e407
e43f
e478
e4b1
e4eb
e525
e560
e59b
e5d6
e612
e64f
e68c
e6c9
e706
e744
e783
e7c2
e801
e841
e881
e8c1
e902
e943
e985
e9c7
ea09
ea4c
ea8f
ead2
eb16
eb5a
eb9f
ebe3
ec28
ec6e
ecb4
ecfa
ed40
ed87
edce
ee15
ee5d
eea5
eeed
ef35
ef7e
efc7
f010
f05a
f0a4
f0ee
f138
f183
f1ce
f219
f264
f2af
f2fb
f347
f393
f3df
f42c
f479
f4c6
f513
f560
f5ae
f5fb
f649
f697
f6e5
f733
f782
f7d0
f81f
f86e
f8bd
f90c
f95b
f9ab
f9fa
fa4a
fa99
fae9
fb39
fb88
fbd8
fc28
fc78
fcc9
fd19
fd69
fdb9
fe0a
fe5a
feaa
fefb
ff4b
ff9b
ffec
003c
008d
00dd
012e
017e
01ce
021f
026f
02bf
030f
035f
03b0
0400
0450
049f
04ef
053f
058f
05de
062e
067d
06cc
071b
076a
07b9
0808
0857
08a5
08f4
0942
0990
09de
0a2c
0a79
0ac7
0b14
0b61
0bae
0bfa
0c47
0c93
0cdf
0d2b
0d76
0dc2
0e0d
0e58
0ea3
0eed
0f37
0f81
0fcb
1014
105d
10a6
10ef
1137
117f
11c7
120f
1256
129d
12e3
1329
136f
13b5
13fa
143f
1484
14c8
150c
1550
1593
15d6
1618
165a
169c
16dd
171e
175f
179f
17df
181f
185e
189c
18db
1918
1956
1993
19cf
1a0c
1a47
1a83
1abd
1af8
1b32
1b6b
1ba4
1bdd
1c15
1c4d
1c84
1cbb
1cf1
1d27
1d5c
1d91
1dc5
1df9
1e2c
1e5f
1e91
1ec3
1ef5
1f25
1f56
1f85
1fb5
1fe3
2012
203f
206c
2099
20c5
20f0
211b
2146
2170
2199
21c2
21ea
2212
2239
225f
2285
22aa
22cf
22f3
2317
233a
235d
237e
23a0
23c0
23e1
2400
241f
243d
245b
2478
2495
24b1
24cc
24e7
2501
251a
2533
254b
2563
257a
2590
25a6
25bb
25d0
25e3
25f7
2609
261b
262d
263d
264e
265d
266c
267a
2688
2694
26a1
26ac
26b7
26c2
26cb
26d5
26dd
26e5
26ec
26f2
26f8
26fe
2702
2706
2709
270c
270e
270f
2710
2710
270f
270e
270c
270a
2706
2703
26fe
26f9
26f3
26ed
26e6
26de
26d6
26cd
26c3
26b9
26ae
26a2
2696
2689
267c
266e
265f
264f
263f
262f
261e
260c
25f9
25e6
25d2
25be
25a9
2593
257d
2566
254e
2536
251d
2504
24ea
24cf
24b4
2498
247c
245f
2441
2423
2404
23e4
23c4
23a4
2383
2361
233e
231b
22f8
22d4
22af
228a
2264
223d
2216
21ef
21c7
219e
2175
214b
2121
20f6
20ca
209e
2072
2045
2017
1fe9
1fbb
1f8b
1f5c
1f2b
1efb
1ec9
1e98
1e65
1e33
1dff
1dcc
1d97
1d63
1d2d
1cf8
1cc2
1c8b
1c54
1c1c
1be4
1bab
1b72
1b39
1aff
1ac5
1a8a
1a4f
1a13
19d7
199a
195e
1920
18e2
18a4
1866
1827
17e7
17a7
1767
1727
16e6
16a4
1663
1620
15de
159b
1558
1514
14d1
148c
1448
1403
13be
1378
1332
12ec
12a5
125f
1217
11d0
1188
1140
10f8
10af
1067
101d
0fd4
0f8a
0f40
0ef6
0eac
0e61
0e16
0dcb
0d80
0d34
0ce8
0c9c
0c50
0c04
0bb7
0b6a
0b1d
0ad0
0a83
0a35
09e8
099a
094c
08fd
08af
0861
0812
07c3
0774
0725
06d6
0687
0638
05e8
0599
0549
04f9
04a9
045a
040a
03ba
036a
0319
02c9
0279
0229
01d8
0188
0138
00e7
0097
0046
fff6
ffa6
ff55
ff05
feb4
fe64
fe14
fdc3
fd73
fd23
fcd3
fc82
fc32
fbe2
fb92
fb43
faf3
faa3
fa53
fa04
f9b5
f965
f916
f8c7
f878
f829
f7da
f78c
f73d
f6ef
f6a1
f653
f605
f5b7
f56a
f51d
f4cf
f482
f436
f3e9
f39d
f351
f305
f2b9
f26d
f222
f1d7
f18c
f141
f0f7
f0ad
f063
f01a
efd0
ef87
ef3e
eef6
eeae
ee66
ee1e
edd7
ed90
ed49
ed02
ecbc
ec77
ec31
ebec
eba7
eb63
eb1e
eadb
ea97
ea54
ea11
e9cf
e98d
e94b
e90a
e8c9
e889
e849
e809
e7ca
e78b
e74c
e70e
e6d0
e693
e656
e61a
e5de
e5a2
e567
e52d
e4f2
e4b9
e47f
e446
e40e
e3d6
e39e
e367
e331
e2fb
e2c5
e290
e25b
e227
e1f4
e1c1
e18e
e15c
e12a
e0f9
e0c8
e098
e069
e03a
e00b
dfdd
dfb0
df83
df56
df2b
deff
ded5
deaa
de81
de58
de2f
de07
dde0
ddb9
dd93
dd6d
dd48
dd23
dcff
dcdc
dcb9
dc97
dc75
dc54
dc33
dc14
dbf4
dbd6
dbb8
db9a
db7d
db61
db45
db2a
db10
daf6
dadd
dac4
daac
da95
da7e
da68
da52
da3d
da29
da15
da02
d9f0
d9de
d9cd
d9bc
d9ad
d99d
d98f
d981
d974
d967
d95b
d94f
d945
d93b
d931
d928
d920
d918
d912
d90b
d906
d901
d8fc
d8f9
d8f6
d8f3
d8f2
d8f0
d8f0
d8f0
d8f1
d8f3
d8f5
d8f7
d8fb
d8ff
d904
d909
d90f
d916
d91d
d925
d92e
d937
d941
d94b
d956
d962
d96f
d97c
d989
d998
d9a7
d9b6
d9c7
d9d8
d9e9
d9fb
da0e
da21
da36
da4a
da5f
da75
da8c
daa3
dabb
dad3
daec
db06
db20
db3b
db56
db72
db8f
dbac
dbca
dbe9
dc08
dc27
dc48
dc69
dc8a
dcac
dccf
dcf2
dd16
dd3a
dd5f
dd84
ddaa
ddd1
ddf8
de20
de48
de71
de9b
dec5
deef
df1a
df46
df72
df9f
dfcc
dffa
e028
e057
e086
e0b6
e0e7
e118
e149
e17b
e1ae
e1e0
e214
e248
e27c
e2b1
e2e7
e31d
e353
e38a
e3c1
e3f9
e431
e46a
e4a3
e4dd
e517
e551
e58c
e5c8
e603
e640
e67c
e6b9
e6f7
e735
e773
e7b2
e7f1
e831
e871
e8b1
e8f2
e933
e974
e9b6
e9f8
ea3b
ea7e
eac1
eb05
eb49
eb8d
ebd2
ec17
ec5c
eca2
ece8
ed2e
ed75
edbc
ee03
ee4b
ee93
eedb
ef23
ef6c
efb5
effe
f048
f091
f0db
f126
f170
f1bb
f206
f251
f29c
f2e8
f334
f380
f3cc
f419
f466
f4b2
f500
f54d
f59a
f5e8
f636
f684
f6d2
f720
f76e
f7bd
f80c
f85a
f8a9
f8f8
f947
f997
f9e6
fa36
fa85
fad5
fb25
fb74
fbc4
fc14
fc64
fcb5
fd05
fd55
fda5
fdf5
fe46
fe96
fee7
ff37
ff87
ffd8
0028
0079
00c9
0119
016a
01ba
020b
025b
02ab
02fb
034b
039c
03ec
043c
048c
04db
052b
057b
05ca
061a
0669
06b9
0708
0757
07a6
07f4
0843
0892
08e0
092e
097c
09ca
0a18
0a66
0ab3
0b00
0b4e
0b9a
0be7
0c34
0c80
0ccc
0d18
0d64
0daf
0dfa
0e45
0e90
0eda
0f25
0f6f
0fb8
1002
104b
1094
10dd
1125
116d
11b5
11fd
1244
128b
12d2
1318
135e
13a4
13e9
142e
1473
14b7
14fb
153f
1582
15c5
1608
164a
168c
16cd
170e
174f
178f
17cf
180f
184e
188d
18cb
1909
1947
1984
19c0
19fd
1a38
1a74
1aaf
1ae9
1b23
1b5d
1b96
1bcf
1c07
1c3f
1c76
1cad
1ce3
1d19
1d4f
1d84
1db8
1dec
1e20
1e52
1e85
1eb7
1ee8
1f19
1f4a
1f7a
1fa9
1fd8
2006
2034
2061
208e
20ba
20e6
2111
213b
2165
218f
21b8
21e0
2208
222f
2256
227c
22a1
22c6
22ea
230e
2331
2354
2376
2397
23b8
23d9
23f8
2417
2436
2454
2471
248e
24aa
24c5
24e0
24fa
2514
252d
2545
255d
2574
258b
25a1
25b6
25ca
25df
25f2
2605
2617
2628
2639
264a
2659
2668
2677
2684
2691
269e
26aa
26b5
26bf
26c9
26d2
26db
26e3
26ea
26f1
26f7
26fc
2701
2705
2709
270b
270d
270f
2710
2710
2710
270e
270d
270a
2707
2704
26ff
26fa
26f5
26ee
26e8
26e0
26d8
26cf
26c5
26bb
26b1
26a5
2699
268c
267f
2671
2663
2653
2644
2633
2622
2610
25fe
25eb
25d7
25c3
25ae
2598
2582
256b
2554
253c
2523
250a
24f0
24d6
24bb
249f
2483
2466
2448
242a
240c
23ec
23cd
23ac
238b
2369
2347
2324
2301
22dd
22b8
2293
226d
2247
2220
21f9
21d1
21a8
217f
2156
212b
2101
20d5
20aa
207d
2050
2023
1ff5
1fc6
1f97
1f68
1f38
1f07
1ed6
1ea4
1e72
1e3f
1e0c
1dd9
1da5
1d70
1d3b
1d05
1ccf
1c99
1c62
1c2a
1bf2
1bba
1b81
1b47
1b0e
1ad3
1a99
1a5e
1a22
19e6
19aa
196d
1930
18f2
18b4
1875
1836
17f7
17b7
1777
1737
16f6
16b5
1673
1631
15ef
15ac
1569
1525
14e2
149d
1459
1414
13cf
1389
1344
12fe
12b7
1270
1229
11e2
119a
1152
110a
10c2
1079
1030
0fe6
0f9d
0f53
0f09
0ebf
0e74
0e29
0dde
0d93
0d47
0cfb
0caf
0c63
0c17
0bca
0b7e
0b31
0ae3
0a96
0a49
09fb
09ad
095f
0911
08c3
0874
0826
07d7
0788
0739
06ea
069b
064b
05fc
05ad
055d
050d
04bd
046e
041e
03ce
037e
032d
02dd
028d
023d
01ec
019c
014c
00fb
00ab
005a
000a
ffba
ff69
ff19
fec8
fe78
fe28
fdd7
fd87
fd37
fce7
fc96
fc46
fbf6
fba6
fb57
fb07
fab7
fa67
fa18
f9c8
f979
f92a
f8db
f88c
f83d
f7ee
f79f
f751
f703
f6b4
f666
f618
f5cb
f57d
f530
f4e3
f496
f449
f3fc
f3b0
f364
f318
f2cc
f280
f235
f1ea
f19f
f154
f10a
f0c0
f076
f02c
efe3
ef99
ef51
ef08
eec0
ee78
ee30
ede9
eda1
ed5b
ed14
ecce
ec88
ec42
ebfd
ebb8
eb74
eb2f
eaec
eaa8
ea65
ea22
e9e0
e99d
e95c
e91a
e8d9
e899
e859
e819
e7d9
e79a
e75c
e71e
e6e0
e6a2
e666
e629
e5ed
e5b1
e576
e53b
e501
e4c7
e48e
e455
e41c
e3e4
e3ac
e375
e33e
e308
e2d3
e29d
e269
e234
e201
e1cd
e19b
e168
e137
e105
e0d5
e0a4
e075
e045
e017
dfe9
dfbb
df8e
df62
df36
df0a
dedf
deb5
de8b
de62
de39
de11
ddea
ddc3
dd9c
dd76
dd51
dd2c
dd08
dce5
dcc2
dc9f
dc7d
dc5c
dc3c
dc1c
dbfc
dbdd
dbbf
dba1
db84
db68
db4c
db31
db16
dafc
dae3
daca
dab2
da9a
da83
da6d
da57
da42
da2e
da1a
da07
d9f4
d9e2
d9d1
d9c1
d9b1
d9a1
d992
d984
d977
d96a
d95e
d952
d947
d93d
d933
d92a
d922
d91a
d913
d90d
d907
d902
d8fd
d8fa
d8f6
d8f4
d8f2
d8f1
d8f0
d8f0
d8f1
d8f2
d8f4
d8f7
d8fa
d8fe
d902
d908
d90e
d914
d91b
d923
d92b
d935
d93e
d949
d954
d95f
d96c
d978
d986
d994
d9a3
d9b2
d9c3
d9d3
d9e5
d9f7
da09
da1d
da30
da45
da5a
da70
da86
da9d
dab5
dacd
dae6
daff
db19
db34
db4f
db6b
db88
dba5
dbc3
dbe1
dc00
dc1f
dc40
dc60
dc82
dca3
dcc6
dce9
dd0d
dd31
dd56
dd7b
dda1
ddc7
ddee
de16
de3e
de67
de90
deba
dee5
df10
df3b
df67
df94
dfc1
dfee
e01d
e04b
e07b
e0aa
e0db
e10b
e13d
e16f
e1a1
e1d4
e207
e23b
e26f
e2a4
e2d9
e30f
e345
e37c
e3b3
e3eb
e423
e45c
e495
e4ce
e508
e543
e57d
e5b9
e5f4
e631
e66d
e6aa
e6e8
e725
e764
e7a2
e7e1
e821
e861
e8a1
e8e2
e923
e964
e9a6
e9e8
ea2a
ea6d
eab0
eaf4
eb38
eb7c
ebc1
ec06
ec4b
ec91
ecd7
ed1d
ed63
edaa
edf1
ee39
ee81
eec9
ef11
ef5a
efa3
efec
f035
f07f
f0c9
f113
f15d
f1a8
f1f3
f23e
f28a
f2d5
f321
f36d
f3b9
f406
f452
f49f
f4ec
f539
f587
f5d4
f622
f670
f6be
f70c
f75b
f7a9
f7f8
f847
f896
f8e5
f934
f983
f9d2
fa22
fa71
fac1
fb11
fb61
fbb0
fc00
fc50
fca1
fcf1
fd41
fd91
fde1
fe32
fe82
fed2
ff23
ff73
ffc4
0014
0065
00b5
0105
0156
01a6
01f6
0247
0297
02e7
0337
0388
03d8
0428
0478
04c7
0517
0567
05b6
0606
0655
06a5
06f4
0743
0792
07e1
0830
087e
08cd
091b
0969
09b7
0a05
0a52
0aa0
0aed
0b3a
0b87
0bd4
0c21
0c6d
0cb9
0d05
0d51
0d9c
0de7
0e32
0e7d
0ec8
0f12
0f5c
0fa6
0ff0
1039
1082
10cb
1113
115b
11a3
11eb
1232
1279
12c0
1306
134c
1392
13d8
141d
1461
14a6
14ea
152e
1571
15b4
15f7
1639
167b
16bd
16fe
173f
177f
17bf
17ff
183e
187d
18bc
18fa
1937
1974
19b1
19ee
1a2a
1a65
1aa0
1adb
1b15
1b4f
1b88
1bc1
1bf9
1c31
1c68
1c9f
1cd6
1d0c
1d41
1d77
1dab
1ddf
1e13
1e46
1e78
1eaa
1edc
1f0d
1f3e
1f6e
1f9d
1fcc
1ffb
2028
2056
2083
20af
20db
2106
2131
215b
2184
21ad
21d6
21fe
2225
224c
2272
2298
22bd
22e1
2305
2329
234b
236e
238f
23b0
23d1
23f0
2410
242e
244c
246a
2486
24a3
24be
24d9
24f4
250d
2527
253f
2557
256e
2585
259b
25b1
25c5
25da
25ed
2600
2612
2624
2635
2646
2655
2664
2673
2681
268e
269b
26a7
26b2
26bd
26c7
26d0
26d9
26e1
26e8
26ef
26f5
26fb
2700
2704
2708
270b
270d
270f
2710
2710
2710
270f
270d
270b
2708
2705
2700
26fc
26f6
26f0
26e9
26e2
26da
26d1
26c8
26be
26b3
26a8
269c
2690
2683
2675
2666
2657
2648
2637
2626
2615
2602
25f0
25dc
25c8
25b3
259e
2588
2571
255a
2542
252a
2511
24f7
24dd
24c2
24a6
248a
246d
2450
2432
2413
23f4
23d5
23b4
2393
2372
2350
232d
230a
22e6
22c1
229c
2277
2251
222a
2203
21db
21b3
218a
2160
2136
210b
20e0
20b5
2088
205b
202e
2000
1fd2
1fa3
1f74
1f44
1f13
1ee2
1eb1
1e7f
1e4c
1e19
1de6
1db2
1d7d
1d48
1d13
1cdd
1ca6
1c6f
1c38
1c00
1bc8
1b8f
1b56
1b1c
1ae2
1aa7
1a6c
1a31
19f5
19b9
197c
193f
1901
18c3
1885
1846
1807
17c7
1787
1747
1706
16c5
1683
1642
15ff
15bd
157a
1536
14f3
14ae
146a
1425
13e0
139b
1355
130f
12c9
1282
123b
11f4
11ac
1164
111c
10d4
108b
1042
0ff9
0faf
0f65
0f1b
0ed1
0e87
0e3c
0df1
0da6
0d5a
0d0e
0cc3
0c76
0c2a
0bde
0b91
0b44
0af7
0aaa
0a5c
0a0e
09c1
0973
0925
08d6
0888
0839
07eb
079c
074d
06fe
06af
065f
0610
05c0
0571
0521
04d1
0482
0432
03e2
0392
0341
02f1
02a1
0251
0200
01b0
0160
010f
00bf
006f
001e
ffce
ff7d
ff2d
fedd
fe8c
fe3c
fdeb
fd9b
fd4b
fcfb
fcab
fc5a
fc0a
fbba
fb6a
fb1b
facb
fa7b
fa2c
f9dc
f98d
f93e
f8ee
f89f
f850
f802
f7b3
f764
f716
f6c8
f67a
f62c
f5de
f591
f543
f4f6
f4a9
f45c
f40f
f3c3
f377
f32a
f2df
f293
f248
f1fc
f1b1
f167
f11c
f0d2
f088
f03e
eff5
efac
ef63
ef1a
eed2
ee8a
ee42
edfa
edb3
ed6c
ed26
ecdf
ec99
ec54
ec0e
ebc9
eb85
eb40
eafd
eab9
ea76
ea33
e9f0
e9ae
e96c
e92b
e8ea
e8a9
e869
e829
e7e9
e7aa
e76b
e72d
e6ef
e6b2
e675
e638
e5fc
e5c0
e585
e54a
e50f
e4d5
e49c
e463
e42a
e3f2
e3ba
e383
e34c
e316
e2e0
e2ab
e276
e241
e20d
e1da
e1a7
e175
e143
e112
e0e1
e0b0
e081
e051
e022
dff4
dfc6
df99
df6d
df40
df15
deea
debf
de95
de6c
de43
de1b
ddf3
ddcc
dda6
dd80
dd5a
dd35
dd11
dced
dcca
dca8
dc86
dc64
dc44
dc23
dc04
dbe5
dbc6
dba9
db8c
db6f
db53
db38
db1d
db03
dae9
dad0
dab8
daa0
da89
da73
da5d
da48
da33
da1f
da0c
d9f9
d9e7
d9d5
d9c5
d9b4
d9a5
d996
d988
d97a
d96d
d961
d955
d94a
d93f
d936
d92d
d924
d91c
d915
d90e
d908
d903
d8fe
d8fa
d8f7
d8f4
d8f2
d8f1
d8f0
d8f0
d8f1
d8f2
d8f4
d8f6
d8f9
d8fd
d901
d906
d90c
d912
d919
d921
d929
d932
d93c
d946
d951
d95c
d968
d975
d983
d991
d99f
d9af
d9be
d9cf
d9e0
d9f2
da05
da18
da2b
da40
da55
da6a
da81
da97
daaf
dac7
dae0
daf9
db13
db2d
db49
db64
db81
db9e
dbbb
dbd9
dbf8
dc18
dc38
dc58
dc79
dc9b
dcbd
dce0
dd04
dd28
dd4c
dd72
dd97
ddbe
dde5
de0c
de34
de5d
de86
deb0
deda
df05
df30
df5c
df88
dfb5
dfe3
e011
e040
e06f
e09e
e0ce
e0ff
e130
e162
e194
e1c7
e1fa
e22e
e262
e297
e2cc
e302
e338
e36e
e3a5
e3dd
e415
e44d
e486
e4c0
e4fa
e534
e56f
e5aa
e5e5
e621
e65e
e69b
e6d8
e716
e754
e793
e7d2
e811
e851
e891
e8d1
e912
e954
e995
e9d7
ea1a
ea5d
eaa0
eae3
eb27
eb6b
ebb0
ebf5
ec3a
ec7f
ecc5
ed0b
ed52
ed99
ede0
ee27
ee6f
eeb7
eeff
ef47
ef90
efd9
f023
f06c
f0b6
f100
f14b
f195
f1e0
f22b
f277
f2c2
f30e
f35a
f3a6
f3f3
f43f
f48c
f4d9
f526
f574
f5c1
f60f
f65d
f6ab
f6f9
f747
f796
f7e4
f833
f882
f8d1
f920
f96f
f9be
fa0e
fa5d
faad
fafd
fb4d
fb9c
fbec
fc3c
fc8c
fcdd
fd2d
fd7d
fdcd
fe1e
fe6e
febe
ff0f
ff5f
ffb0
0000
0050
00a1
00f1
0142
0192
01e2
0233
0283
02d3
0323
0374
03c4
0414
0464
04b3
0503
0553
05a3
05f2
0642
0691
06e0
072f
077e
07cd
081c
086a
08b9
0907
0955
09a3
09f1
0a3f
0a8c
0ada
0b27
0b74
0bc1
0c0d
0c5a
0ca6
0cf2
0d3e
0d89
0dd5
0e20
0e6b
0eb5
0f00
0f4a
0f94
0fdd
1027
1070
10b9
1101
1149
1191
11d9
1220
1267
12ae
12f5
133b
1381
13c6
140b
1450
1495
14d9
151d
1560
15a3
15e6
1629
166b
16ac
16ee
172f
176f
17af
17ef
182e
186d
18ac
18ea
1928
1965
19a2
19df
1a1b
1a56
1a91
1acc
1b06
1b40
1b7a
1bb3
1beb
1c23
1c5b
1c92
1cc8
1cfe
1d34
1d69
1d9e
1dd2
1e06
1e39
1e6c
1e9e
1ed0
1f01
1f32
1f62
1f91
1fc0
1fef
201d
204b
2078
20a4
20d0
20fb
2126
2150
217a
21a3
21cc
21f4
221b
2242
2269
228e
22b4
22d8
22fc
2320
2343
2365
2387
23a8
23c8
23e8
2408
2427
2445
2462
247f
249c
24b7
24d3
24ed
2507
2520
2539
2551
2569
257f
2596
25ab
25c0
25d5
25e8
25fb
260e
2620
2631
2642
2651
2661
266f
267d
268b
2698
26a4
26af
26ba
26c4
26ce
26d7
26df
26e7
26ee
26f4
26fa
26ff
2703
2707
270a
270c
270e
270f
2710
2710
270f
270e
270c
2709
2706
2702
26fd
26f8
26f2
26eb
26e4
26dc
26d3
26ca
26c1
26b6
26ab
269f
2693
2686
2678
266a
265b
264c
263b
262b
2619
2607
25f4
25e1
25cd
25b8
25a3
258d
2577
2560
2548
2530
2517
24fd
24e3
24c8
24ad
2491
2474
2457
243a
241b
23fc
23dd
23bc
239c
237a
2358
2336
2313
22ef
22cb
22a6
2280
225a
2234
220d
21e5
21bd
2194
216b
2141
2116
20eb
20c0
2093
2067
203a
200c
1fde
1faf
1f7f
1f50
1f1f
1eee
1ebd
1e8b
1e59
1e26
1df3
1dbf
1d8a
1d55
1d20
1cea
1cb4
1c7d
1c46
1c0e
1bd6
1b9d
1b64
1b2b
1af1
1ab6
1a7b
1a40
1a04
19c8
198b
194e
1911
18d3
1895
1856
1817
17d7
1797
1757
1716
16d5
1694
1652
1610
15cd
158a
1547
1503
14c0
147b
1437
13f2
13ac
1367
1321
12da
1294
124d
1206
11be
1176
112e
10e6
109d
1054
100b
0fc2
0f78
0f2e
0ee4
0e99
0e4f
0e04
0db8
0d6d
0d21
0cd6
0c89
0c3d
0bf1
0ba4
0b57
0b0a
0abd
0a6f
0a22
09d4
0986
0938
08ea
089c
084d
07fe
07b0
0761
0712
06c2
0673
0624
05d4
0585
0535
04e5
0496
0446
03f6
03a6
0355
0305
02b5
0265
0215
01c4
0174
0123
00d3
0083
0032
ffe2
ff91
ff41
fef1
fea0
fe50
fe00
fdaf
fd5f
fd0f
fcbf
fc6e
fc1e
fbce
fb7e
fb2f
fadf
fa8f
fa40
f9f0
f9a1
f951
f902
f8b3
f864
f815
f7c7
f778
f72a
f6db
f68d
f63f
f5f2
f5a4
f556
f509
f4bc
f46f
f422
f3d6
f38a
f33d
f2f2
f2a6
f25a
f20f
f1c4
f179
f12f
f0e5
f09b
f051
f007
efbe
ef75
ef2c
eee4
ee9c
ee54
ee0c
edc5
ed7e
ed37
ecf1
ecab
ec65
ec20
ebdb
eb96
eb52
eb0d
eaca
ea86
ea43
ea01
e9be
e97d
e93b
e8fa
e8b9
e879
e839
e7f9
e7ba
e77b
e73d
e6ff
e6c1
e684
e647
e60b
e5cf
e594
e559
e51e
e4e4
e4aa
e471
e438
e400
e3c8
e391
e35a
e323
e2ed
e2b8
e283
e24e
e21a
e1e7
e1b4
e181
e14f
e11e
e0ed
e0bc
e08c
e05d
e02e
e000
dfd2
dfa5
df78
df4b
df20
def5
deca
dea0
de76
de4d
de25
ddfd
ddd6
ddaf
dd89
dd64
dd3f
dd1a
dcf6
dcd3
dcb0
dc8e
dc6d
dc4c
dc2b
dc0c
dbed
dbce
dbb0
db93
db76
db5a
db3e
db23
db09
daef
dad6
dabe
daa6
da8f
da78
da62
da4d
da38
da24
da10
d9fe
d9eb
d9da
d9c9
d9b8
d9a9
d99a
d98b
d97d
d970
d964
d958
d94d
d942
d938
d92f
d926
d91e
d917
d910
d90a
d904
d900
d8fb
d8f8
d8f5
d8f3
d8f1
d8f0
d8f0
d8f0
d8f1
d8f3
d8f5
d8f8
d8fc
d900
d905
d90b
d911
d918
d91f
d927
d930
d939
d943
d94e
d959
d965
d972
d97f
d98d
d99c
d9ab
d9ba
d9cb
d9dc
d9ee
da00
da13
da26
da3b
da4f
da65
da7b
da92
daa9
dac1
dad9
daf3
db0c
db27
db42
db5d
db7a
db96
dbb4
dbd2
dbf0
dc10
dc2f
dc50
dc71
dc92
dcb5
dcd7
dcfb
dd1f
dd43
dd68
dd8e
ddb4
dddb
de02
de2a
de53
de7c
dea5
decf
defa
df25
df51
df7d
dfaa
dfd8
e005
e034
e063
e092
e0c2
e0f3
e124
e156
e188
e1ba
e1ed
e221
e255
e289
e2bf
e2f4
e32a
e361
e398
e3cf
e407
e43f
e478
e4b1
e4eb
e525
e560
e59b
e5d6
e612
e64f
e68c
e6c9
e706
e744
e783
e7c2
e801
e841
e881
e8c1
e902
e943
e985
e9c7
ea09
ea4c
ea8f
ead2
eb16
eb5a
eb9f
ebe3
ec28
ec6e
ecb4
ecfa
ed40
ed87
edce
ee15
ee5d
eea5
eeed
ef35
ef7e
efc7
f010
f05a
f0a4
f0ee
f138
f183
f1ce
f219
f264
f2af
f2fb
f347
f393
f3df
f42c
f479
f4c6
f513
f560
f5ae
f5fb
f649
f697
f6e5
f733
f782
f7d0
f81f
f86e
f8bd
f90c
f95b
f9ab
f9fa
fa4a
fa99
fae9
fb39
fb88
fbd8
fc28
fc78
fcc9
fd19
fd69
fdb9
fe0a
fe5a
feaa
fefb
ff4b
ff9b
ffec
003c
008d
00dd
012e
017e
01ce
021f
026f
02bf
030f
035f
03b0
0400
0450
049f
04ef
053f
058f
05de
062e
067d
06cc
071b
076a
07b9
0808
0857
08a5
08f4
0942
0990
09de
0a2c
0a79
0ac7
0b14
0b61
0bae
0bfa
0c47
0c93
0cdf
0d2b
0d76
0dc2
0e0d
0e58
0ea3
0eed
0f37
0f81
0fcb
1014
105d
10a6
10ef
1137
117f
11c7
120f
1256
129d
12e3
1329
136f
13b5
13fa
143f
1484
14c8
150c
1550
1593
15d6
1618
165a
169c
16dd
171e
175f
179f
17df
181f
185e
189c
18db
1918
1956
1993
19cf
1a0c
1a47
1a83
1abd
1af8
1b32
1b6b
1ba4
1bdd
1c15
1c4d
1c84
1cbb
1cf1
1d27
1d5c
1d91
1dc5
1df9
1e2c
1e5f
1e91
1ec3
1ef5
1f25
1f56
1f85
1fb5
1fe3
2012
203f
206c
2099
20c5
20f0
211b
2146
2170
2199
21c2
21ea
2212
2239
225f
2285
22aa
22cf
22f3
2317
233a
235d
237e
23a0
23c0
23e1
2400
241f
243d
245b
2478
2495
24b1
24cc
24e7
2501
251a
2533
254b
2563
257a
2590
25a6
25bb
25d0
25e3
25f7
2609
261b
262d
263d
264e
265d
266c
267a
2688
2694
26a1
26ac
26b7
26c2
26cb
26d5
26dd
26e5
26ec
26f2
26f8
26fe
2702
2706
2709
270c
270e
270f
2710
2710
270f
270e
270c
270a
2706
2703
26fe
26f9
26f3
26ed
26e6
26de
26d6
26cd
26c3
26b9
26ae
26a2
2696
2689
267c
266e
265f
264f
263f
262f
261e
260c
25f9
25e6
25d2
25be
25a9
2593
257d
2566
254e
2536
251d
2504
24ea
24cf
24b4
2498
247c
245f
2441
2423
2404
23e4
23c4
23a4
2383
2361
233e
231b
22f8
22d4
22af
228a
2264
223d
2216
21ef
21c7
219e
2175
214b
2121
20f6
20ca
209e
2072
2045
2017
1fe9
1fbb
1f8b
1f5c
1f2b
1efb
1ec9
1e98
1e65
1e33
1dff
1dcc
1d97
1d63
1d2d
1cf8
1cc2
1c8b
1c54
1c1c
1be4
1bab
1b72
1b39
1aff
1ac5
1a8a
1a4f
1a13
19d7
199a
195e
1920
18e2
18a4
1866
1827
17e7
17a7
1767
1727
16e6
16a4
1663
1620
15de
159b
1558
1514
14d1
148c
1448
1403
13be
1378
1332
12ec
12a5
125f
1217
11d0
1188
1140
10f8
10af
1067
101d
0fd4
0f8a
0f40
0ef6
0eac
0e61
0e16
0dcb
0d80
0d34
0ce8
0c9c
0c50
0c04
0bb7
0b6a
0b1d
0ad0
0a83
0a35
09e8
099a
094c
08fd
08af
0861
0812
07c3
0774
0725
06d6
0687
0638
05e8
0599
0549
04f9
04a9
045a
040a
03ba
036a
0319
02c9
0279
0229
01d8
0188
0138
00e7
0097
0046
fff6
ffa6
ff55
ff05
feb4
fe64
fe14
fdc3
fd73
fd23
fcd3
fc82
fc32
fbe2
fb92
fb43
faf3
faa3
fa53
fa04
f9b5
f965
f916
f8c7
f878
f829
f7da
f78c
f73d
f6ef
f6a1
f653
f605
f5b7
f56a
f51d
f4cf
f482
f436
f3e9
f39d
f351
f305
f2b9
f26d
f222
f1d7
f18c
f141
f0f7
f0ad
f063
f01a
efd0
ef87
ef3e
eef6
eeae
ee66
ee1e
edd7
ed90
ed49
ed02
ecbc
ec77
ec31
ebec
eba7
eb63
eb1e
eadb
ea97
ea54
ea11
e9cf
e98d
e94b
e90a
e8c9
e889
e849
e809
e7ca
e78b
e74c
e70e
e6d0
e693
e656
e61a
e5de
e5a2
e567
e52d
e4f2
e4b9
e47f
e446
e40e
e3d6
e39e
e367
e331
e2fb
e2c5
e290
e25b
e227
e1f4
e1c1
e18e
e15c
e12a
e0f9
e0c8
e098
e069
e03a
e00b
dfdd
dfb0
df83
df56
df2b
deff
ded5
deaa
de81
de58
de2f
de07
dde0
ddb9
dd93
dd6d
dd48
dd23
dcff
dcdc
dcb9
dc97
dc75
dc54
dc33
dc14
dbf4
dbd6
dbb8
db9a
db7d
db61
db45
db2a
db10
daf6
dadd
dac4
daac
da95
da7e
da68
da52
da3d
da29
da15
da02
d9f0
d9de
d9cd
d9bc
d9ad
d99d
d98f
d981
d974
d967
d95b
d94f
d945
d93b
d931
d928
d920
d918
d912
d90b
d906
d901
d8fc
d8f9
d8f6
d8f3
d8f2
d8f0
d8f0
d8f0
d8f1
d8f3
d8f5
d8f7
d8fb
d8ff
d904
d909
d90f
d916
d91d
d925
d92e
d937
d941
d94b
d956
d962
d96f
d97c
d989
d998
d9a7
d9b6
d9c7
d9d8
d9e9
d9fb
da0e
da21
da36
da4a
da5f
da75
da8c
daa3
dabb
dad3
daec
db06
db20
db3b
db56
db72
db8f
dbac
dbca
dbe9
dc08
dc27
dc48
dc69
dc8a
dcac
dccf
dcf2
dd16
dd3a
dd5f
dd84
ddaa
ddd1
ddf8
de20
de48
de71
de9b
dec5
deef
df1a
df46
df72
df9f
dfcc
dffa
e028
e057
e086
e0b6
e0e7
e118
e149
e17b
e1ae
e1e0
e214
e248
e27c
e2b1
e2e7
e31d
e353
e38a
e3c1
e3f9
e431
e46a
e4a3
e4dd
e517
e551
e58c
e5c8
e603
e640
e67c
e6b9
e6f7
e735
e773
e7b2
e7f1
e831
e871
e8b1
e8f2
e933
e974
e9b6
e9f8
ea3b
ea7e
eac1
eb05
eb49
eb8d
ebd2
ec17
ec5c
eca2
ece8
ed2e
ed75
edbc
ee03
ee4b
ee93
eedb
ef23
ef6c
efb5
effe
f048
f091
f0db
f126
f170
f1bb
f206
f251
f29c
f2e8
f334
f380
f3cc
f419
f466
f4b2
f500
f54d
f59a
f5e8
f636
f684
f6d2
f720
f76e
f7bd
f80c
f85a
f8a9
f8f8
f947
f997
f9e6
fa36
fa85
fad5
fb25
fb74
fbc4
fc14
fc64
fcb5
fd05
fd55
fda5
fdf5
fe46
fe96
fee7
ff37
ff87
ffd8
0028
0079
00c9
0119
016a
01ba
020b
025b
02ab
02fb
034b
039c
03ec
043c
048c
04db
052b
057b
05ca
061a
0669
06b9
0708
0757
07a6
07f4
0843
0892
08e0
092e
097c
09ca
0a18
0a66
0ab3
0b00
0b4e
0b9a
0be7
0c34
0c80
0ccc
0d18
0d64
0daf
0dfa
0e45
0e90
0eda
0f25
0f6f
0fb8
1002
104b
1094
10dd
1125
116d
11b5
11fd
1244
128b
12d2
1318
135e
13a4
13e9
142e
1473
14b7
14fb
153f
1582
15c5
1608
164a
168c
16cd
170e
174f
178f
17cf
180f
184e
188d
18cb
1909
1947
1984
19c0
19fd
1a38
1a74
1aaf
1ae9
1b23
1b5d
1b96
1bcf
1c07
1c3f
1c76
1cad
1ce3
1d19
1d4f
1d84
1db8
1dec
1e20
1e52
1e85
1eb7
1ee8
1f19
1f4a
1f7a
1fa9
1fd8
2006
2034
2061
208e
20ba
20e6
2111
213b
2165
218f
21b8
21e0
2208
222f
2256
227c
22a1
22c6
22ea
230e
2331
2354
2376
2397
23b8
23d9
23f8
2417
2436
2454
2471
248e
24aa
24c5
24e0
24fa
2514
252d
2545
255d
2574
258b
25a1
25b6
25ca
25df
25f2
2605
2617
2628
2639
264a
2659
2668
2677
2684
2691
269e
26aa
26b5
26bf
26c9
26d2
26db
26e3
26ea
26f1
26f7
26fc
2701
2705
2709
270b
270d
270f
2710
2710
2710
270e
270d
270a
2707
2704
26ff
26fa
26f5
26ee
26e8
26e0
26d8
26cf
26c5
26bb
26b1
26a5
2699
268c
267f
2671
2663
2653
2644
2633
2622
2610
25fe
25eb
25d7
25c3
25ae
2598
2582
256b
2554
253c
2523
250a
24f0
24d6
24bb
249f
2483
2466
2448
242a
240c
23ec
23cd
23ac
238b
2369
2347
2324
2301
22dd
22b8
2293
226d
2247
2220
21f9
21d1
21a8
217f
2156
212b
2101
20d5
20aa
207d
2050
2023
1ff5
1fc6
1f97
1f68
1f38
1f07
1ed6
1ea4
1e72
1e3f
1e0c
1dd9
1da5
1d70
1d3b
1d05
1ccf
1c99
1c62
1c2a
1bf2
1bba
1b81
1b47
1b0e
1ad3
1a99
1a5e
1a22
19e6
19aa
196d
1930
18f2
18b4
1875
1836
17f7
17b7
1777
1737
16f6
16b5
1673
1631
15ef
15ac
1569
1525
14e2
149d
1459
1414
13cf
1389
1344
12fe
12b7
1270
1229
11e2
119a
1152
110a
10c2
1079
1030
0fe6
0f9d
0f53
0f09
0ebf
0e74
0e29
0dde
0d93
0d47
0cfb
0caf
0c63
0c17
0bca
0b7e
0b31
0ae3
0a96
0a49
09fb
09ad
095f
0911
08c3
0874
0826
07d7
0788
0739
06ea
069b
064b
05fc
05ad
055d
050d
04bd
046e
041e
03ce
037e
032d
02dd
028d
023d
01ec
019c
014c
00fb
00ab
005a
000a
ffba
ff69
ff19
fec8
fe78
fe28
fdd7
fd87
fd37
fce7
fc96
fc46
fbf6
fba6
fb57
fb07
fab7
fa67
fa18
f9c8
f979
f92a
f8db
f88c
f83d
f7ee
f79f
f751
f703
f6b4
f666
f618
f5cb
f57d
f530
f4e3
f496
f449
f3fc
f3b0
f364
f318
f2cc
f280
f235
f1ea
f19f
f154
f10a
f0c0
f076
f02c
efe3
ef99
ef51
ef08
eec0
ee78
ee30
ede9
eda1
ed5b
ed14
ecce
ec88
ec42
ebfd
ebb8
eb74
eb2f
eaec
eaa8
ea65
ea22
e9e0
e99d
e95c
e91a
e8d9
e899
e859
e819
e7d9
e79a
e75c
e71e
e6e0
e6a2
e666
e629
e5ed
e5b1
e576
e53b
e501
e4c7
e48e
e455
e41c
e3e4
e3ac
e375
e33e
e308
e2d3
e29d
e269
e234
e201
e1cd
e19b
e168
e137
e105
e0d5
e0a4
e075
e045
e017
dfe9
dfbb
df8e
df62
df36
df0a
dedf
deb5
de8b
de62
de39
de11
ddea
ddc3
dd9c
dd76
dd51
dd2c
dd08
dce5
dcc2
dc9f
dc7d
dc5c
dc3c
dc1c
dbfc
dbdd
dbbf
dba1
db84
db68
db4c
db31
db16
dafc
dae3
daca
dab2
da9a
da83
da6d
da57
da42
da2e
da1a
da07
d9f4
d9e2
d9d1
d9c1
d9b1
d9a1
d992
d984
d977
d96a
d95e
d952
d947
d93d
d933
d92a
d922
d91a
d913
d90d
d907
d902
d8fd
d8fa
d8f6
d8f4
d8f2
d8f1
d8f0
d8f0
d8f1
d8f2
d8f4
d8f7
d8fa
d8fe
d902
d908
d90e
d914
d91b
d923
d92b
d935
d93e
d949
d954
d95f
d96c
d978
d986
d994
d9a3
d9b2
d9c3
d9d3
d9e5
d9f7
da09
da1d
da30
da45
da5a
da70
da86
da9d
dab5
dacd
dae6
daff
db19
db34
db4f
db6b
db88
dba5
dbc3
dbe1
dc00
dc1f
dc40
dc60
dc82
dca3
dcc6
dce9
dd0d
dd31
dd56
dd7b
dda1
ddc7
ddee
de16
de3e
de67
de90
deba
dee5
df10
df3b
df67
df94
dfc1
dfee
e01d
e04b
e07b
e0aa
e0db
e10b
e13d
e16f
e1a1
e1d4
e207
e23b
e26f
e2a4
e2d9
e30f
e345
e37c
e3b3
e3eb
e423
e45c
e495
e4ce
e508
e543
e57d
e5b9
e5f4
e631
e66d
e6aa
e6e8
e725
e764
e7a2
e7e1
e821
e861
e8a1
e8e2
e923
e964
e9a6
e9e8
ea2a
ea6d
eab0
eaf4
eb38
eb7c
ebc1
ec06
ec4b
ec91
ecd7
ed1d
ed63
edaa
edf1
ee39
ee81
eec9
ef11
ef5a
efa3
efec
f035
f07f
f0c9
f113
f15d
f1a8
f1f3
f23e
f28a
f2d5
f321
f36d
f3b9
f406
f452
f49f
f4ec
f539
f587
f5d4
f622
f670
f6be
f70c
f75b
f7a9
f7f8
f847
f896
f8e5
f934
f983
f9d2
fa22
fa71
fac1
fb11
fb61
fbb0
fc00
fc50
fca1
fcf1
fd41
fd91
fde1
fe32
fe82
fed2
ff23
ff73
ffc4
0014
0065
00b5
0105
0156
01a6
01f6
0247
0297
02e7
0337
0388
03d8
0428
0478
04c7
0517
0567
05b6
0606
0655
06a5
06f4
0743
0792
07e1
0830
087e
08cd
091b
0969
09b7
0a05
0a52
0aa0
0aed
0b3a
0b87
0bd4
0c21
0c6d
0cb9
0d05
0d51
0d9c
0de7
0e32
0e7d
0ec8
0f12
0f5c
0fa6
0ff0
1039
1082
10cb
1113
115b
11a3
11eb
1232
1279
12c0
1306
134c
1392
13d8
141d
1461
14a6
14ea
152e
1571
15b4
15f7
1639
167b
16bd
16fe
173f
177f
17bf
17ff
183e
187d
18bc
18fa
1937
1974
19b1
19ee
1a2a
1a65
1aa0
1adb
1b15
1b4f
1b88
1bc1
1bf9
1c31
1c68
1c9f
1cd6
1d0c
1d41
1d77
1dab
1ddf
1e13
1e46
1e78
1eaa
1edc
1f0d
1f3e
1f6e
1f9d
1fcc
1ffb
2028
2056
2083
20af
20db
2106
2131
215b
2184
21ad
21d6
21fe
2225
224c
2272
2298
22bd
22e1
2305
2329
234b
236e
238f
23b0
23d1
23f0
2410
242e
244c
246a
2486
24a3
24be
24d9
24f4
250d
2527
253f
2557
256e
2585
259b
25b1
25c5
25da
25ed
2600
2612
2624
2635
2646
2655
2664
2673
2681
268e
269b
26a7
26b2
26bd
26c7
26d0
26d9
26e1
26e8
26ef
26f5
26fb
2700
2704
2708
270b
270d
270f
2710
2710
2710
270f
270d
270b
2708
2705
2700
26fc
26f6
26f0
26e9
26e2
26da
26d1
26c8
26be
26b3
26a8
269c
2690
2683
2675
2666
2657
2648
2637
2626
2615
2602
25f0
25dc
25c8
25b3
259e
2588
2571
255a
2542
252a
2511
24f7
24dd
24c2
24a6
248a
246d
2450
2432
2413
23f4
23d5
23b4
2393
2372
2350
232d
230a
22e6
22c1
229c
2277
2251
222a
2203
21db
21b3
218a
2160
2136
210b
20e0
20b5
2088
205b
202e
2000
1fd2
1fa3
1f74
1f44
1f13
1ee2
1eb1
1e7f
1e4c
1e19
1de6
1db2
1d7d
1d48
1d13
1cdd
1ca6
1c6f
1c38
1c00
1bc8
1b8f
1b56
1b1c
1ae2
1aa7
1a6c
1a31
19f5
19b9
197c
193f
1901
18c3
1885
1846
1807
17c7
1787
1747
1706
16c5
1683
1642
15ff
15bd
157a
1536
14f3
14ae
146a
1425
13e0
139b
1355
130f
12c9
1282
123b
11f4
11ac
1164
111c
10d4
108b
1042
0ff9
0faf
0f65
0f1b
0ed1
0e87
0e3c
0df1
0da6
0d5a
0d0e
0cc3
0c76
0c2a
0bde
0b91
0b44
0af7
0aaa
0a5c
0a0e
09c1
0973
0925
08d6
0888
0839
07eb
079c
074d
06fe
06af
065f
0610
05c0
0571
0521
04d1
0482
0432
03e2
0392
0341
02f1
02a1
0251
0200
01b0
0160
010f
00bf
006f
001e
ffce
ff7d
ff2d
fedd
fe8c
fe3c
fdeb
fd9b
fd4b
fcfb
fcab
fc5a
fc0a
fbba
fb6a
fb1b
facb
fa7b
fa2c
f9dc
f98d
f93e
f8ee
f89f
f850
f802
f7b3
f764
f716
f6c8
f67a
f62c
f5de
f591
f543
f4f6
f4a9
f45c
f40f
f3c3
f377
f32a
f2df
f293
f248
f1fc
f1b1
f167
f11c
f0d2
f088
f03e
eff5
efac
ef63
ef1a
eed2
ee8a
ee42
edfa
edb3
ed6c
ed26
ecdf
ec99
ec54
ec0e
ebc9
eb85
eb40
eafd
eab9
ea76
ea33
e9f0
e9ae
e96c
e92b
e8ea
e8a9
e869
e829
e7e9
e7aa
e76b
e72d
e6ef
e6b2
e675
e638
e5fc
e5c0
e585
e54a
e50f
e4d5
e49c
e463
e42a
e3f2
e3ba
e383
e34c
e316
e2e0
e2ab
e276
e241
e20d
e1da
e1a7
e175
e143
e112
e0e1
e0b0
e081
e051
e022
dff4
dfc6
df99
df6d
df40
df15
deea
debf
de95
de6c
de43
de1b
ddf3
ddcc
dda6
dd80
dd5a
dd35
dd11
dced
dcca
dca8
dc86
dc64
dc44
dc23
dc04
dbe5
dbc6
dba9
db8c
db6f
db53
db38
db1d
db03
dae9
dad0
dab8
daa0
da89
da73
da5d
da48
da33
da1f
da0c
d9f9
d9e7
d9d5
d9c5
d9b4
d9a5
d996
d988
d97a
d96d
d961
d955
d94a
d93f
d936
d92d
d924
d91c
d915
d90e
d908
d903
d8fe
d8fa
d8f7
d8f4
d8f2
d8f1
d8f0
d8f0
d8f1
d8f2
d8f4
d8f6
d8f9
d8fd
d901
d906
d90c
d912
d919
d921
d929
d932
d93c
d946
d951
d95c
d968
d975
d983
d991
d99f
d9af
d9be
d9cf
d9e0
d9f2
da05
da18
da2b
da40
da55
da6a
da81
da97
daaf
dac7
dae0
daf9
db13
db2d
db49
db64
db81
db9e
dbbb
dbd9
dbf8
dc18
dc38
dc58
dc79
dc9b
dcbd
dce0
dd04
dd28
dd4c
dd72
dd97
ddbe
dde5
de0c
de34
de5d
de86
deb0
deda
df05
df30
df5c
df88
dfb5
dfe3
e011
e040
e06f
e09e
e0ce
e0ff
e130
e162
e194
e1c7
e1fa
e22e
e262
e297
e2cc
e302
e338
e36e
e3a5
e3dd
e415
e44d
e486
e4c0
e4fa
e534
e56f
e5aa
e5e5
e621
e65e
e69b
e6d8
e716
e754
e793
e7d2
e811
e851
e891
e8d1
e912
e954
e995
e9d7
ea1a
ea5d
eaa0
eae3
eb27
eb6b
ebb0
ebf5
ec3a
ec7f
ecc5
ed0b
ed52
ed99
ede0
ee27
ee6f
eeb7
eeff
ef47
ef90
efd9
f023
f06c
f0b6
f100
f14b
f195
f1e0
f22b
f277
f2c2
f30e
f35a
f3a6
f3f3
f43f
f48c
f4d9
f526
f574
f5c1
f60f
f65d
f6ab
f6f9
f747
f796
f7e4
f833
f882
f8d1
f920
f96f
f9be
fa0e
fa5d
faad
fafd
fb4d
fb9c
fbec
fc3c
fc8c
fcdd
fd2d
fd7d
fdcd
fe1e
fe6e
febe
ff0f
ff5f
ffb0
0000
0050
00a1
00f1
0142
0192
01e2
0233
0283
02d3
0323
0374
03c4
0414
0464
04b3
0503
0553
05a3
05f2
0642
0691
06e0
072f
077e
07cd
081c
086a
08b9
0907
0955
09a3
09f1
0a3f
0a8c
0ada
0b27
0b74
0bc1
0c0d
0c5a
0ca6
0cf2
0d3e
0d89
0dd5
0e20
0e6b
0eb5
0f00
0f4a
0f94
0fdd
1027
1070
10b9
1101
1149
1191
11d9
1220
1267
12ae
12f5
133b
1381
13c6
140b
1450
1495
14d9
151d
1560
15a3
15e6
1629
166b
16ac
16ee
172f
176f
17af
17ef
182e
186d
18ac
18ea
1928
1965
19a2
19df
1a1b
1a56
1a91
1acc
1b06
1b40
1b7a
1bb3
1beb
1c23
1c5b
1c92
1cc8
1cfe
1d34
1d69
1d9e
1dd2
1e06
1e39
1e6c
1e9e
1ed0
1f01
1f32
1f62
1f91
1fc0
1fef
201d
204b
2078
20a4
20d0
20fb
2126
2150
217a
21a3
21cc
21f4
221b
2242
2269
228e
22b4
22d8
22fc
2320
2343
2365
2387
23a8
23c8
23e8
2408
2427
2445
2462
247f
249c
24b7
24d3
24ed
2507
2520
2539
2551
2569
257f
2596
25ab
25c0
25d5
25e8
25fb
260e
2620
2631
2642
2651
2661
266f
267d
268b
2698
26a4
26af
26ba
26c4
26ce
26d7
26df
26e7
26ee
26f4
26fa
26ff
2703
2707
270a
270c
270e
270f
2710
2710
270f
270e
270c
2709
2706
2702
26fd
26f8
26f2
26eb
26e4
26dc
26d3
26ca
26c1
26b6
26ab
269f
2693
2686
2678
266a
265b
264c
263b
262b
2619
2607
25f4
25e1
25cd
25b8
25a3
258d
2577
2560
2548
2530
2517
24fd
24e3
24c8
24ad
2491
2474
2457
243a
241b
23fc
23dd
23bc
239c
237a
2358
2336
2313
22ef
22cb
22a6
2280
225a
2234
220d
21e5
21bd
2194
216b
2141
2116
20eb
20c0
2093
2067
203a
200c
1fde
1faf
1f7f
1f50
1f1f
1eee
1ebd
1e8b
1e59
1e26
1df3
1dbf
1d8a
1d55
1d20
1cea
1cb4
1c7d
1c46
1c0e
1bd6
1b9d
1b64
1b2b
1af1
1ab6
1a7b
1a40
1a04
19c8
198b
194e
1911
18d3
1895
1856
1817
17d7
1797
1757
1716
16d5
1694
1652
1610
15cd
158a
1547
1503
14c0
147b
1437
13f2
13ac
1367
1321
12da
1294
124d
1206
11be
1176
112e
10e6
109d
1054
100b
0fc2
0f78
0f2e
0ee4
0e99
0e4f
0e04
0db8
0d6d
0d21
0cd6
0c89
0c3d
0bf1
0ba4
0b57
0b0a
0abd
0a6f
0a22
09d4
0986
0938
08ea
089c
084d
07fe
07b0
0761
0712
06c2
0673
0624
05d4
0585
0535
04e5
0496
0446
03f6
03a6
0355
0305
02b5
0265
0215
01c4
0174
0123
00d3
0083
0032
ffe2
ff91
ff41
fef1
fea0
fe50
fe00
fdaf
fd5f
fd0f
fcbf
fc6e
fc1e
fbce
fb7e
fb2f
fadf
fa8f
fa40
f9f0
f9a1
f951
f902
f8b3
f864
f815
f7c7
f778
f72a
f6db
f68d
f63f
f5f2
f5a4
f556
f509
f4bc
f46f
f422
f3d6
f38a
f33d
f2f2
f2a6
f25a
f20f
f1c4
f179
f12f
f0e5
f09b
f051
f007
efbe
ef75
ef2c
eee4
ee9c
ee54
ee0c
edc5
ed7e
ed37
ecf1
ecab
ec65
ec20
ebdb
eb96
eb52
eb0d
eaca
ea86
ea43
ea01
e9be
e97d
e93b
e8fa
e8b9
e879
e839
e7f9
e7ba
e77b
e73d
e6ff
e6c1
e684
e647
e60b
e5cf
e594
e559
e51e
e4e4
e4aa
e471
e438
e400
e3c8
e391
e35a
e323
e2ed
e2b8
e283
e24e
e21a
e1e7
e1b4
e181
e14f
e11e
e0ed
e0bc
e08c
e05d
e02e
e000
dfd2
dfa5
df78
df4b
df20
def5
deca
dea0
de76
de4d
de25
ddfd
ddd6
ddaf
dd89
dd64
dd3f
dd1a
dcf6
dcd3
dcb0
dc8e
dc6d
dc4c
dc2b
dc0c
dbed
dbce
dbb0
db93
db76
db5a
db3e
db23
db09
daef
dad6
dabe
daa6
da8f
da78
da62
da4d
da38
da24
da10
d9fe
d9eb
d9da
d9c9
d9b8
d9a9
d99a
d98b
d97d
d970
d964
d958
d94d
d942
d938
d92f
d926
d91e
d917
d910
d90a
d904
d900
d8fb
d8f8
d8f5
d8f3
d8f1
d8f0
d8f0
d8f0
d8f1
d8f3
d8f5
d8f8
d8fc
d900
d905
d90b
d911
d918
d91f
d927
d930
d939
d943
d94e
d959
d965
d972
d97f
d98d
d99c
d9ab
d9ba
d9cb
d9dc
d9ee
da00
da13
da26
da3b
da4f
da65
da7b
da92
daa9
dac1
dad9
daf3
db0c
db27
db42
db5d
db7a
db96
dbb4
dbd2
dbf0
dc10
dc2f
dc50
dc71
dc92
dcb5
dcd7
dcfb
dd1f
dd43
dd68
dd8e
ddb4
dddb
de02
de2a
de53
de7c
dea5
decf
defa
df25
df51
df7d
dfaa
dfd8
e005
e034
e063
e092
e0c2
e0f3
e124
e156
e188
e1ba
e1ed
e221
e255
e289
e2bf
e2f4
e32a
e361
e398
e3cf
e407
e43f
e478
e4b1
e4eb
e525
e560
e59b
e5d6
e612
e64f
e68c
e6c9
e706
e744
e783
e7c2
e801
e841
e881
e8c1
e902
e943
e985
e9c7
ea09
ea4c
ea8f
ead2
eb16
eb5a
eb9f
ebe3
ec28
ec6e
ecb4
ecfa
ed40
ed87
edce
ee15
ee5d
eea5
eeed
ef35
ef7e
efc7
f010
f05a
f0a4
f0ee
f138
f183
f1ce
f219
f264
f2af
f2fb
f347
f393
f3df
f42c
f479
f4c6
f513
f560
f5ae
f5fb
f649
f697
f6e5
f733
f782
f7d0
f81f
f86e
f8bd
f90c
f95b
f9ab
f9fa
fa4a
fa99
fae9
fb39
fb88
fbd8
fc28
fc78
fcc9
fd19
fd69
fdb9
fe0a
fe5a
feaa
fefb
ff4b
ff9b
ffec
003c
008d
00dd
012e
017e
01ce
021f
026f
02bf
030f
035f
03b0
0400
0450
049f
04ef
053f
058f
05de
062e
067d
06cc
071b
076a
07b9
0808
0857
08a5
08f4
0942
0990
09de
0a2c
0a79
0ac7
0b14
0b61
0bae
0bfa
0c47
0c93
0cdf
0d2b
0d76
0dc2
0e0d
0e58
0ea3
0eed
0f37
0f81
0fcb
1014
105d
10a6
10ef
1137
117f
11c7
120f
1256
129d
12e3
1329
136f
13b5
13fa
143f
1484
14c8
150c
1550
1593
15d6
1618
165a
169c
16dd
171e
175f
179f
17df
181f
185e
189c
18db
1918
1956
1993
19cf
1a0c
1a47
1a83
1abd
1af8
1b32
1b6b
1ba4
1bdd
1c15
1c4d
1c84
1cbb
1cf1
1d27
1d5c
1d91
1dc5
1df9
1e2c
1e5f
1e91
1ec3
1ef5
1f25
1f56
1f85
1fb5
1fe3
2012
203f
206c
2099
20c5
20f0
211b
2146
2170
2199
21c2
21ea
2212
2239
225f
2285
22aa
22cf
22f3
2317
233a
235d
237e
23a0
23c0
23e1
2400
241f
243d
245b
2478
2495
24b1
24cc
24e7
2501
251a
2533
254b
2563
257a
2590
25a6
25bb
25d0
25e3
25f7
2609
261b
262d
263d
264e
265d
266c
267a
2688
2694
26a1
26ac
26b7
26c2
26cb
26d5
26dd
26e5
26ec
26f2
26f8
26fe
2702
2706
2709
270c
270e
270f
2710
2710
270f
270e
270c
270a
2706
2703
26fe
26f9
26f3
26ed
26e6
26de
26d6
26cd
26c3
26b9
26ae
26a2
2696
2689
267c
266e
265f
264f
263f
262f
261e
260c
25f9
25e6
25d2
25be
25a9
2593
257d
2566
254e
2536
251d
2504
24ea
24cf
24b4
2498
247c
245f
2441
2423
2404
23e4
23c4
23a4
2383
2361
233e
231b
22f8
22d4
22af
228a
2264
223d
2216
21ef
21c7
219e
2175
214b
2121
20f6
20ca
209e
2072
2045
2017
1fe9
1fbb
1f8b
1f5c
1f2b
1efb
1ec9
1e98
1e65
1e33
1dff
1dcc
1d97
1d63
1d2d
1cf8
1cc2
1c8b
1c54
1c1c
1be4
1bab
1b72
1b39
1aff
1ac5
1a8a
1a4f
1a13
19d7
199a
195e
1920
18e2
18a4
1866
1827
17e7
17a7
1767
1727
16e6
16a4
1663
1620
15de
159b
1558
1514
14d1
148c
1448
1403
13be
1378
1332
12ec
12a5
125f
1217
11d0
1188
1140
10f8
10af
1067
101d
0fd4
0f8a
0f40
0ef6
0eac
0e61
0e16
0dcb
0d80
0d34
0ce8
0c9c
0c50
0c04
0bb7
0b6a
0b1d
0ad0
0a83
0a35
09e8
099a
094c
08fd
08af
0861
0812
07c3
0774
0725
06d6
0687
0638
05e8
0599
0549
04f9
04a9
045a
040a
03ba
036a
0319
02c9
0279
0229
01d8
0188
0138
00e7
0097
0046
fff6
ffa6
ff55
ff05
feb4
fe64
fe14
fdc3
fd73
fd23
fcd3
fc82
fc32
fbe2
fb92
fb43
faf3
faa3
fa53
fa04
f9b5
f965
f916
f8c7
f878
f829
f7da
f78c
f73d
f6ef
f6a1
f653
f605
f5b7
f56a
f51d
f4cf
f482
f436
f3e9
f39d
f351
f305
f2b9
f26d
f222
f1d7
f18c
f141
f0f7
f0ad
f063
f01a
efd0
ef87
ef3e
eef6
eeae
ee66
ee1e
edd7
ed90
ed49
ed02
ecbc
ec77
ec31
ebec
eba7
eb63
eb1e
eadb
ea97
ea54
ea11
e9cf
e98d
e94b
e90a
e8c9
e889
e849
e809
e7ca
e78b
e74c
e70e
e6d0
e693
e656
e61a
e5de
e5a2
e567
e52d
e4f2
e4b9
e47f
e446
e40e
e3d6
e39e
e367
e331
e2fb
e2c5
e290
e25b
e227
e1f4
e1c1
e18e
e15c
e12a
e0f9
e0c8
e098
e069
e03a
e00b
dfdd
dfb0
df83
df56
df2b
deff
ded5
deaa
de81
de58
de2f
de07
dde0
ddb9
dd93
dd6d
dd48
dd23
dcff
dcdc
dcb9
dc97
dc75
dc54
dc33
dc14
dbf4
dbd6
dbb8
db9a
db7d
db61
db45
db2a
db10
daf6
dadd
dac4
daac
da95
da7e
da68
da52
da3d
da29
da15
da02
d9f0
d9de
d9cd
d9bc
d9ad
d99d
d98f
d981
d974
d967
d95b
d94f
d945
d93b
d931
d928
d920
d918
d912
d90b
d906
d901
d8fc
d8f9
d8f6
d8f3
d8f2
d8f0
d8f0
d8f0
d8f1
d8f3
d8f5
d8f7
d8fb
d8ff
d904
d909
d90f
d916
d91d
d925
d92e
d937
d941
d94b
d956
d962
d96f
d97c
d989
d998
d9a7
d9b6
d9c7
d9d8
d9e9
d9fb
da0e
da21
da36
da4a
da5f
da75
da8c
daa3
dabb
dad3
daec
db06
db20
db3b
db56
db72
db8f
dbac
dbca
dbe9
dc08
dc27
dc48
dc69
dc8a
dcac
dccf
dcf2
dd16
dd3a
dd5f
dd84
ddaa
ddd1
ddf8
de20
de48
de71
de9b
dec5
deef
df1a
df46
df72
df9f
dfcc
dffa
e028
e057
e086
e0b6
e0e7
e118
e149
e17b
e1ae
e1e0
e214
e248
e27c
e2b1
e2e7
e31d
e353
e38a
e3c1
e3f9
e431
e46a
e4a3
e4dd
e517
e551
e58c
e5c8
e603
e640
e67c
e6b9
e6f7
e735
e773
e7b2
e7f1
e831
e871
e8b1
e8f2
e933
e974
e9b6
e9f8
ea3b
ea7e
eac1
eb05
eb49
eb8d
ebd2
ec17
ec5c
eca2
ece8
ed2e
ed75
edbc
ee03
ee4b
ee93
eedb
ef23
ef6c
efb5
effe
f048
f091
f0db
f126
f170
f1bb
f206
f251
f29c
f2e8
f334
f380
f3cc
f419
f466
f4b2
f500
f54d
f59a
f5e8
f636
f684
f6d2
f720
f76e
f7bd
f80c
f85a
f8a9
f8f8
f947
f997
f9e6
fa36
fa85
fad5
fb25
fb74
fbc4
fc14
fc64
fcb5
fd05
fd55
fda5
fdf5
fe46
fe96
fee7
ff37
ff87
ffd8
0028
0079
00c9
0119
016a
01ba
020b
025b
02ab
02fb
034b
039c
03ec
043c
048c
04db
052b
057b
05ca
061a
0669
06b9
0708
0757
07a6
07f4
0843
0892
08e0
092e
097c
09ca
0a18
0a66
0ab3
0b00
0b4e
0b9a
0be7
0c34
0c80
0ccc
0d18
0d64
0daf
0dfa
0e45
0e90
0eda
0f25
0f6f
0fb8
1002
104b
1094
10dd
1125
116d
11b5
11fd
1244
128b
12d2
1318
135e
13a4
13e9
142e
1473
14b7
14fb
153f
1582
15c5
1608
164a
168c
16cd
170e
174f
178f
17cf
180f
184e
188d
18cb
1909
1947
1984
19c0
19fd
1a38
1a74
1aaf
1ae9
1b23
1b5d
1b96
1bcf
1c07
1c3f
1c76
1cad
1ce3
1d19
1d4f
1d84
1db8
1dec
1e20
1e52
1e85
1eb7
1ee8
1f19
1f4a
1f7a
1fa9
1fd8
2006
2034
2061
208e
20ba
20e6
2111
213b
2165
218f
21b8
21e0
2208
222f
2256
227c
22a1
22c6
22ea
230e
2331
2354
2376
2397
23b8
23d9
23f8
2417
2436
2454
2471
248e
24aa
24c5
24e0
24fa
2514
252d
2545
255d
2574
258b
25a1
25b6
25ca
25df
25f2
2605
2617
2628
2639
264a
2659
2668
2677
2684
2691
269e
26aa
26b5
26bf
26c9
26d2
26db
26e3
26ea
26f1
26f7
26fc
2701
2705
2709
270b
270d
270f
2710
2710
2710
270e
270d
270a
2707
2704
26ff
26fa
26f5
26ee
26e8
26e0
26d8
26cf
26c5
26bb
26b1
26a5
2699
268c
267f
2671
2663
2653
2644
2633
2622
2610
25fe
25eb
25d7
25c3
25ae
2598
2582
256b
2554
253c
2523
250a
24f0
24d6
24bb
249f
2483
2466
2448
242a
240c
23ec
23cd
23ac
238b
2369
2347
2324
2301
22dd
22b8
2293
226d
2247
2220
21f9
21d1
21a8
217f
2156
212b
2101
20d5
20aa
207d
2050
2023
1ff5
1fc6
1f97
1f68
1f38
1f07
1ed6
1ea4
1e72
1e3f
1e0c
1dd9
1da5
1d70
1d3b
1d05
1ccf
1c99
1c62
1c2a
1bf2
1bba
1b81
1b47
1b0e
1ad3
1a99
1a5e
1a22
19e6
19aa
196d
1930
18f2
18b4
1875
1836
17f7
17b7
1777
1737
16f6
16b5
1673
1631
15ef
15ac
1569
1525
14e2
149d
1459
1414
13cf
1389
1344
12fe
12b7
1270
1229
11e2
119a
1152
110a
10c2
1079
1030
0fe6
0f9d
0f53
0f09
0ebf
0e74
0e29
0dde
0d93
0d47
0cfb
0caf
0c63
0c17
0bca
0b7e
0b31
0ae3
0a96
0a49
09fb
09ad
095f
0911
08c3
0874
0826
07d7
0788
0739
06ea
069b
064b
05fc
05ad
055d
050d
04bd
046e
041e
03ce
037e
032d
02dd
028d
023d
01ec
019c
014c
00fb
00ab
005a
000a
ffba
ff69
ff19
fec8
fe78
fe28
fdd7
fd87
fd37
fce7
fc96
fc46
fbf6
fba6
fb57
fb07
fab7
fa67
fa18
f9c8
f979
f92a
f8db
f88c
f83d
f7ee
f79f
f751
f703
f6b4
f666
f618
f5cb
f57d
f530
f4e3
f496
f449
f3fc
f3b0
f364
f318
f2cc
f280
f235
f1ea
f19f
f154
f10a
f0c0
f076
f02c
efe3
ef99
ef51
ef08
eec0
ee78
ee30
ede9
eda1
ed5b
ed14
ecce
ec88
ec42
ebfd
ebb8
eb74
eb2f
eaec
eaa8
ea65
ea22
e9e0
e99d
e95c
e91a
e8d9
e899
e859
e819
e7d9
e79a
e75c
e71e
e6e0
e6a2
e666
e629
e5ed
e5b1
e576
e53b
e501
e4c7
e48e
e455
e41c
e3e4
e3ac
e375
e33e
e308
e2d3
e29d
e269
e234
e201
e1cd
e19b
e168
e137
e105
e0d5
e0a4
e075
e045
e017
dfe9
dfbb
df8e
df62
df36
df0a
dedf
deb5
de8b
de62
de39
de11
ddea
ddc3
dd9c
dd76
dd51
dd2c
dd08
dce5
dcc2
dc9f
dc7d
dc5c
dc3c
dc1c
dbfc
dbdd
dbbf
dba1
db84
db68
db4c
db31
db16
dafc
dae3
daca
dab2
da9a
da83
da6d
da57
da42
da2e
da1a
da07
d9f4
d9e2
d9d1
d9c1
d9b1
d9a1
d992
d984
d977
d96a
d95e
d952
d947
d93d
d933
d92a
d922
d91a
d913
d90d
d907
d902
d8fd
d8fa
d8f6
d8f4
d8f2
d8f1
d8f0
d8f0
d8f1
d8f2
d8f4
d8f7
d8fa
d8fe
d902
d908
d90e
d914
d91b
d923
d92b
d935
d93e
d949
d954
d95f
d96c
d978
d986
d994
d9a3
d9b2
d9c3
d9d3
d9e5
d9f7
da09
da1d
da30
da45
da5a
da70
da86
da9d
dab5
dacd
dae6
daff
db19
db34
db4f
db6b
db88
dba5
dbc3
dbe1
dc00
dc1f
dc40
dc60
dc82
dca3
dcc6
dce9
dd0d
dd31
dd56
dd7b
dda1
ddc7
ddee
de16
de3e
de67
de90
deba
dee5
df10
df3b
df67
df94
dfc1
dfee
e01d
e04b
e07b
e0aa
e0db
e10b
e13d
e16f
e1a1
e1d4
e207
e23b
e26f
e2a4
e2d9
e30f
e345
e37c
e3b3
e3eb
e423
e45c
e495
e4ce
e508
e543
e57d
e5b9
e5f4
e631
e66d
e6aa
e6e8
e725
e764
e7a2
e7e1
e821
e861
e8a1
e8e2
e923
e964
e9a6
e9e8
ea2a
ea6d
eab0
eaf4
eb38
eb7c
ebc1
ec06
ec4b
ec91
ecd7
ed1d
ed63
edaa
edf1
ee39
ee81
eec9
ef11
ef5a
efa3
efec
f035
f07f
f0c9
f113
f15d
f1a8
f1f3
f23e
f28a
f2d5
f321
f36d
f3b9
f406
f452
f49f
f4ec
f539
f587
f5d4
f622
f670
f6be
f70c
f75b
f7a9
f7f8
f847
f896
f8e5
f934
f983
f9d2
fa22
fa71
fac1
fb11
fb61
fbb0
fc00
fc50
fca1
fcf1
fd41
fd91
fde1
fe32
fe82
fed2
ff23
ff73
ffc4
0014
0065
00b5
0105
0156
01a6
01f6
0247
0297
02e7
0337
0388
03d8
0428
0478
04c7
0517
0567
05b6
0606
0655
06a5
06f4
0743
0792
07e1
0830
087e
08cd
091b
0969
09b7
0a05
0a52
0aa0
0aed
0b3a
0b87
0bd4
0c21
0c6d
0cb9
0d05
0d51
0d9c
0de7
0e32
0e7d
0ec8
0f12
0f5c
0fa6
0ff0
1039
1082
10cb
1113
115b
11a3
11eb
1232
1279
12c0
1306
134c
1392
13d8
141d
1461
14a6
14ea
152e
1571
15b4
15f7
1639
167b
16bd
16fe
173f
177f
17bf
17ff
183e
187d
18bc
18fa
1937
1974
19b1
19ee
1a2a
1a65
1aa0
1adb
1b15
1b4f
1b88
1bc1
1bf9
1c31
1c68
1c9f
1cd6
1d0c
1d41
1d77
1dab
1ddf
1e13
1e46
1e78
1eaa
1edc
1f0d
1f3e
1f6e
1f9d
1fcc
1ffb
2028
2056
2083
20af
20db
2106
2131
215b
2184
21ad
21d6
21fe
2225
224c
2272
2298
22bd
22e1
2305
2329
234b
236e
238f
23b0
23d1
23f0
2410
242e
244c
246a
2486
24a3
24be
24d9
24f4
250d
2527
253f
2557
256e
2585
259b
25b1
25c5
25da
25ed
2600
2612
2624
2635
2646
2655
2664
2673
2681
268e
269b
26a7
26b2
26bd
26c7
26d0
26d9
26e1
26e8
26ef
26f5
26fb
2700
2704
2708
270b
270d
270f
2710
2710
2710
270f
270d
270b
2708
2705
2700
26fc
26f6
26f0
26e9
26e2
26da
26d1
26c8
26be
26b3
26a8
269c
2690
2683
2675
2666
2657
2648
2637
2626
2615
2602
25f0
25dc
25c8
25b3
259e
2588
2571
255a
2542
252a
2511
24f7
24dd
24c2
24a6
248a
246d
2450
2432
2413
23f4
23d5
23b4
2393
2372
2350
232d
230a
22e6
22c1
229c
2277
2251
222a
2203
21db
21b3
218a
2160
2136
210b
20e0
20b5
2088
205b
202e
2000
1fd2
1fa3
1f74
1f44
1f13
1ee2
1eb1
1e7f
1e4c
1e19
1de6
1db2
1d7d
1d48
1d13
1cdd
1ca6
1c6f
1c38
1c00
1bc8
1b8f
1b56
1b1c
1ae2
1aa7
1a6c
1a31
19f5
19b9
197c
193f
1901
18c3
1885
1846
1807
17c7
1787
1747
1706
16c5
1683
1642
15ff
15bd
157a
1536
14f3
14ae
146a
1425
13e0
139b
1355
130f
12c9
1282
123b
11f4
11ac
1164
111c
10d4
108b
1042
0ff9
0faf
0f65
0f1b
0ed1
0e87
0e3c
0df1
0da6
0d5a
0d0e
0cc3
0c76
0c2a
0bde
0b91
0b44
0af7
0aaa
0a5c
0a0e
09c1
0973
0925
08d6
0888
0839
07eb
079c
074d
06fe
06af
065f
0610
05c0
0571
0521
04d1
0482
0432
03e2
0392
0341
02f1
02a1
0251
0200
01b0
0160
010f
00bf
006f
001e
ffce
ff7d
ff2d
fedd
fe8c
fe3c
fdeb
fd9b
fd4b
fcfb
fcab
fc5a
fc0a
fbba
fb6a
fb1b
facb
fa7b
fa2c
f9dc
f98d
f93e
f8ee
f89f
f850
f802
f7b3
f764
f716
f6c8
f67a
f62c
f5de
f591
f543
f4f6
f4a9
f45c
f40f
f3c3
f377
f32a
f2df
f293
f248
f1fc
f1b1
f167
f11c
f0d2
f088
f03e
eff5
efac
ef63
ef1a
eed2
ee8a
ee42
edfa
edb3
ed6c
ed26
ecdf
ec99
ec54
ec0e
ebc9
eb85
eb40
eafd
eab9
ea76
ea33
e9f0
e9ae
e96c
e92b
e8ea
e8a9
e869
e829
e7e9
e7aa
e76b
e72d
e6ef
e6b2
e675
e638
e5fc
e5c0
e585
e54a
e50f
e4d5
e49c
e463
e42a
e3f2
e3ba
e383
e34c
e316
e2e0
e2ab
e276
e241
e20d
e1da
e1a7
e175
e143
e112
e0e1
e0b0
e081
e051
e022
dff4
dfc6
df99
df6d
df40
df15
deea
debf
de95
de6c
de43
de1b
ddf3
ddcc
dda6
dd80
dd5a
dd35
dd11
dced
dcca
dca8
dc86
dc64
dc44
dc23
dc04
dbe5
dbc6
dba9
db8c
db6f
db53
db38
db1d
db03
dae9
dad0
dab8
daa0
da89
da73
da5d
da48
da33
da1f
da0c
d9f9
d9e7
d9d5
d9c5
d9b4
d9a5
d996
d988
d97a
d96d
d961
d955
d94a
d93f
d936
d92d
d924
d91c
d915
d90e
d908
d903
d8fe
d8fa
d8f7
d8f4
d8f2
d8f1
d8f0
d8f0
d8f1
d8f2
d8f4
d8f6
d8f9
d8fd
d901
d906
d90c
d912
d919
d921
d929
d932
d93c
d946
d951
d95c
d968
d975
d983
d991
d99f
d9af
d9be
d9cf
d9e0
d9f2
da05
da18
da2b
da40
da55
da6a
da81
da97
daaf
dac7
dae0
daf9
db13
db2d
db49
db64
db81
db9e
dbbb
dbd9
dbf8
dc18
dc38
dc58
dc79
dc9b
dcbd
dce0
dd04
dd28
dd4c
dd72
dd97
ddbe
dde5
de0c
de34
de5d
de86
deb0
deda
df05
df30
df5c
df88
dfb5
dfe3
e011
e040
e06f
e09e
e0ce
e0ff
e130
e162
e194
e1c7
e1fa
e22e
e262
e297
e2cc
e302
e338
e36e
e3a5
e3dd
e415
e44d
e486
e4c0
e4fa
e534
e56f
e5aa
e5e5
e621
e65e
e69b
e6d8
e716
e754
e793
e7d2
e811
e851
e891
e8d1
e912
e954
e995
e9d7
ea1a
ea5d
eaa0
eae3
eb27
eb6b
ebb0
ebf5
ec3a
ec7f
ecc5
ed0b
ed52
ed99
ede0
ee27
ee6f
eeb7
eeff
ef47
ef90
efd9
f023
f06c
f0b6
f100
f14b
f195
f1e0
f22b
f277
f2c2
f30e
f35a
f3a6
f3f3
f43f
f48c
f4d9
f526
f574
f5c1
f60f
f65d
f6ab
f6f9
f747
f796
f7e4
f833
f882
f8d1
f920
f96f
f9be
fa0e
fa5d
faad
fafd
fb4d
fb9c
fbec
fc3c
fc8c
fcdd
fd2d
fd7d
fdcd
fe1e
fe6e
febe
ff0f
ff5f
ffb0
0000
0050
00a1
00f1
0142
0192
01e2
0233
0283
02d3
0323
0374
03c4
0414
0464
04b3
0503
0553
05a3
05f2
0642
0691
06e0
072f
077e
07cd
081c
086a
08b9
0907
0955
09a3
09f1
0a3f
0a8c
0ada
0b27
0b74
0bc1
0c0d
0c5a
0ca6
0cf2
0d3e
0d89
0dd5
0e20
0e6b
0eb5
0f00
0f4a
0f94
0fdd
1027
1070
10b9
1101
1149
1191
11d9
1220
1267
12ae
12f5
133b
1381
13c6
140b
1450
1495
14d9
151d
1560
15a3
15e6
1629
166b
16ac
16ee
172f
176f
17af
17ef
182e
186d
18ac
18ea
1928
1965
19a2
19df
1a1b
1a56
1a91
1acc
1b06
1b40
1b7a
1bb3
1beb
1c23
1c5b
1c92
1cc8
1cfe
1d34
1d69
1d9e
1dd2
1e06
1e39
1e6c
1e9e
1ed0
1f01
1f32
1f62
1f91
1fc0
1fef
201d
204b
2078
20a4
20d0
20fb
2126
2150
217a
21a3
21cc
21f4
221b
2242
2269
228e
22b4
22d8
22fc
2320
2343
2365
2387
23a8
23c8
23e8
2408
2427
2445
2462
247f
249c
24b7
24d3
24ed
2507
2520
2539
2551
2569
257f
2596
25ab
25c0
25d5
25e8
25fb
260e
2620
2631
2642
2651
2661
266f
267d
268b
2698
26a4
26af
26ba
26c4
26ce
26d7
26df
26e7
26ee
26f4
26fa
26ff
2703
2707
270a
270c
270e
270f
2710
2710
270f
270e
270c
2709
2706
2702
26fd
26f8
26f2
26eb
26e4
26dc
26d3
26ca
26c1
26b6
26ab
269f
2693
2686
2678
266a
265b
264c
263b
262b
2619
2607
25f4
25e1
25cd
25b8
25a3
258d
2577
2560
2548
2530
2517
24fd
24e3
24c8
24ad
2491
2474
2457
243a
241b
23fc
23dd
23bc
239c
237a
2358
2336
2313
22ef
22cb
22a6
2280
225a
2234
220d
21e5
21bd
2194
216b
2141
2116
20eb
20c0
2093
2067
203a
200c
1fde
1faf
1f7f
1f50
1f1f
1eee
1ebd
1e8b
1e59
1e26
1df3
1dbf
1d8a
1d55
1d20
1cea
1cb4
1c7d
1c46
1c0e
1bd6
1b9d
1b64
1b2b
1af1
1ab6
1a7b
1a40
1a04
19c8
198b
194e
1911
18d3
1895
1856
1817
17d7
1797
1757
1716
16d5
1694
1652
1610
15cd
158a
1547
1503
14c0
147b
1437
13f2
13ac
1367
1321
12da
1294
124d
1206
11be
1176
112e
10e6
109d
1054
100b
0fc2
0f78
0f2e
0ee4
0e99
0e4f
0e04
0db8
0d6d
0d21
0cd6
0c89
0c3d
0bf1
0ba4
0b57
0b0a
0abd
0a6f
0a22
09d4
0986
0938
08ea
089c
084d
07fe
07b0
0761
0712
06c2
0673
0624
05d4
0585
0535
04e5
0496
0446
03f6
03a6
0355
0305
02b5
0265
0215
01c4
0174
0123
00d3
0083
0032
ffe2
ff91
ff41
fef1
fea0
fe50
fe00
fdaf
fd5f
fd0f
fcbf
fc6e
fc1e
fbce
fb7e
fb2f
fadf
fa8f
fa40
f9f0
f9a1
f951
f902
f8b3
f864
f815
f7c7
f778
f72a
f6db
f68d
f63f
f5f2
f5a4
f556
f509
f4bc
f46f
f422
f3d6
f38a
f33d
f2f2
f2a6
f25a
f20f
f1c4
f179
f12f
f0e5
f09b
f051
f007
efbe
ef75
ef2c
eee4
ee9c
ee54
ee0c
edc5
ed7e
ed37
ecf1
ecab
ec65
ec20
ebdb
eb96
eb52
eb0d
eaca
ea86
ea43
ea01
e9be
e97d
e93b
e8fa
e8b9
e879
e839
e7f9
e7ba
e77b
e73d
e6ff
e6c1
e684
e647
e60b
e5cf
e594
e559
e51e
e4e4
e4aa
e471
e438
e400
e3c8
e391
e35a
e323
e2ed
e2b8
e283
e24e
e21a
e1e7
e1b4
e181
e14f
e11e
e0ed
e0bc
e08c
e05d
e02e
e000
dfd2
dfa5
df78
df4b
df20
def5
deca
dea0
de76
de4d
de25
ddfd
ddd6
ddaf
dd89
dd64
dd3f
dd1a
dcf6
dcd3
dcb0
dc8e
dc6d
dc4c
dc2b
dc0c
dbed
dbce
dbb0
db93
db76
db5a
db3e
db23
db09
daef
dad6
dabe
daa6
da8f
da78
da62
da4d
da38
da24
da10
d9fe
d9eb
d9da
d9c9
d9b8
d9a9
d99a
d98b
d97d
d970
d964
d958
d94d
d942
d938
d92f
d926
d91e
d917
d910
d90a
d904
d900
d8fb
d8f8
d8f5
d8f3
d8f1
d8f0
d8f0
d8f0
d8f1
d8f3
d8f5
d8f8
d8fc
d900
d905
d90b
d911
d918
d91f
d927
d930
d939
d943
d94e
d959
d965
d972
d97f
d98d
d99c
d9ab
d9ba
d9cb
d9dc
d9ee
da00
da13
da26
da3b
da4f
da65
da7b
da92
daa9
dac1
dad9
daf3
db0c
db27
db42
db5d
db7a
db96
dbb4
dbd2
dbf0
dc10
dc2f
dc50
dc71
dc92
dcb5
dcd7
dcfb
dd1f
dd43
dd68
dd8e
ddb4
dddb
de02
de2a
de53
de7c
dea5
decf
defa
df25
df51
df7d
dfaa
dfd8
e005
e034
e063
e092
e0c2
e0f3
e124
e156
e188
e1ba
e1ed
e221
e255
e289
e2bf
e2f4
e32a
e361
e398
e3cf
e407
e43f
e478
e4b1
e4eb
e525
e560
e59b
e5d6
e612
e64f
e68c
e6c9
e706
e744
e783
e7c2
e801
e841
e881
e8c1
e902
e943
e985
e9c7
ea09
ea4c
ea8f
ead2
eb16
eb5a
eb9f
ebe3
ec28
ec6e
ecb4
ecfa
ed40
ed87
edce
ee15
ee5d
eea5
eeed
ef35
ef7e
efc7
f010
f05a
f0a4
f0ee
f138
f183
f1ce
f219
f264
f2af
f2fb
f347
f393
f3df
f42c
f479
f4c6
f513
f560
f5ae
f5fb
f649
f697
f6e5
f733
f782
f7d0
f81f
f86e
f8bd
f90c
f95b
f9ab
f9fa
fa4a
fa99
fae9
fb39
fb88
fbd8
fc28
fc78
fcc9
fd19
fd69
fdb9
fe0a
fe5a
feaa
fefb
ff4b
ff9b
ffec
003c
008d
00dd
012e
017e
01ce
021f
026f
02bf
030f
035f
03b0
0400
0450
049f
04ef
053f
058f
05de
062e
067d
06cc
071b
076a
07b9
0808
0857
08a5
08f4
0942
0990
09de
0a2c
0a79
0ac7
0b14
0b61
0bae
0bfa
0c47
0c93
0cdf
0d2b
0d76
0dc2
0e0d
0e58
0ea3
0eed
0f37
0f81
0fcb
1014
105d
10a6
10ef
1137
117f
11c7
120f
1256
129d
12e3
1329
136f
13b5
13fa
143f
1484
14c8
150c
1550
1593
15d6
1618
165a
169c
16dd
171e
175f
179f
17df
181f
185e
189c
18db
1918
1956
1993
19cf
1a0c
1a47
1a83
1abd
1af8
1b32
1b6b
1ba4
1bdd
1c15
1c4d
1c84
1cbb
1cf1
1d27
1d5c
1d91
1dc5
1df9
1e2c
1e5f
1e91
1ec3
1ef5
1f25
1f56
1f85
1fb5
1fe3
2012
203f
206c
2099
20c5
20f0
211b
2146
2170
2199
21c2
21ea
2212
2239
225f
2285
22aa
22cf
22f3
2317
233a
235d
237e
23a0
23c0
23e1
2400
241f
243d
245b
2478
2495
24b1
24cc
24e7
2501
251a
2533
254b
2563
257a
2590
25a6
25bb
25d0
25e3
25f7
2609
261b
262d
263d
264e
265d
266c
267a
2688
2694
26a1
26ac
26b7
26c2
26cb
26d5
26dd
26e5
26ec
26f2
26f8
26fe
2702
2706
2709
270c
270e
270f
2710
2710
270f
270e
270c
270a
2706
2703
26fe
26f9
26f3
26ed
26e6
26de
26d6
26cd
26c3
26b9
26ae
26a2
2696
2689
267c
266e
265f
264f
263f
262f
261e
260c
25f9
25e6
25d2
25be
25a9
2593
257d
2566
254e
2536
251d
2504
24ea
24cf
24b4
2498
247c
245f
2441
2423
2404
23e4
23c4
23a4
2383
2361
233e
231b
22f8
22d4
22af
228a
2264
223d
2216
21ef
21c7
219e
2175
214b
2121
20f6
20ca
209e
2072
2045
2017
1fe9
1fbb
1f8b
1f5c
1f2b
1efb
1ec9
1e98
1e65
1e33
1dff
1dcc
1d97
1d63
1d2d
1cf8
1cc2
1c8b
1c54
1c1c
1be4
1bab
1b72
1b39
1aff
1ac5
1a8a
1a4f
1a13
19d7
199a
195e
1920
18e2
18a4
1866
1827
17e7
17a7
1767
1727
16e6
16a4
1663
1620
15de
159b
1558
1514
14d1
148c
1448
1403
13be
1378
1332
12ec
12a5
125f
1217
11d0
1188
1140
10f8
10af
1067
101d
0fd4
0f8a
0f40
0ef6
0eac
0e61
0e16
0dcb
0d80
0d34
0ce8
0c9c
0c50
0c04
0bb7
0b6a
0b1d
0ad0
0a83
0a35
09e8
099a
094c
08fd
08af
0861
0812
07c3
0774
0725
06d6
0687
0638
05e8
0599
0549
04f9
04a9
045a
040a
03ba
036a
0319
02c9
0279
0229
01d8
0188
0138
00e7
0097
0046
fff6
ffa6
ff55
ff05
feb4
fe64
fe14
fdc3
fd73
fd23
fcd3
fc82
fc32
fbe2
fb92
fb43
faf3
faa3
fa53
fa04
f9b5
f965
f916
f8c7
f878
f829
f7da
f78c
f73d
f6ef
f6a1
f653
f605
f5b7
f56a
f51d
f4cf
f482
f436
f3e9
f39d
f351
f305
f2b9
f26d
f222
f1d7
f18c
f141
f0f7
f0ad
f063
f01a
efd0
ef87
ef3e
eef6
eeae
ee66
ee1e
edd7
ed90
ed49
ed02
ecbc
ec77
ec31
ebec
eba7
eb63
eb1e
eadb
ea97
ea54
ea11
e9cf
e98d
e94b
e90a
e8c9
e889
e849
e809
e7ca
e78b
e74c
e70e
e6d0
e693
e656
e61a
e5de
e5a2
e567
e52d
e4f2
e4b9
e47f
e446
e40e
e3d6
e39e
e367
e331
e2fb
e2c5
e290
e25b
e227
e1f4
e1c1
e18e
e15c
e12a
e0f9
e0c8
e098
e069
e03a
e00b
dfdd
dfb0
df83
df56
df2b
deff
ded5
deaa
de81
de58
de2f
de07
dde0
ddb9
dd93
dd6d
dd48
dd23
dcff
dcdc
dcb9
dc97
dc75
dc54
dc33
dc14
dbf4
dbd6
dbb8
db9a
db7d
db61
db45
db2a
db10
daf6
dadd
dac4
daac
da95
da7e
da68
da52
da3d
da29
da15
da02
d9f0
d9de
d9cd
d9bc
d9ad
d99d
d98f
d981
d974
d967
d95b
d94f
d945
d93b
d931
d928
d920
d918
d912
d90b
d906
d901
d8fc
d8f9
d8f6
d8f3
d8f2
d8f0
d8f0
d8f0
d8f1
d8f3
d8f5
d8f7
d8fb
d8ff
d904
d909
d90f
d916
d91d
d925
d92e
d937
d941
d94b
d956
d962
d96f
d97c
d989
d998
d9a7
d9b6
d9c7
d9d8
d9e9
d9fb
da0e
da21
da36
da4a
da5f
da75
da8c
daa3
dabb
dad3
daec
db06
db20
db3b
db56
db72
db8f
dbac
dbca
dbe9
dc08
dc27
dc48
dc69
dc8a
dcac
dccf
dcf2
dd16
dd3a
dd5f
dd84
ddaa
ddd1
ddf8
de20
de48
de71
de9b
dec5
deef
df1a
df46
df72
df9f
dfcc
dffa
e028
e057
e086
e0b6
e0e7
e118
e149
e17b
e1ae
e1e0
e214
e248
e27c
e2b1
e2e7
e31d
e353
e38a
e3c1
e3f9
e431
e46a
e4a3
e4dd
e517
e551
e58c
e5c8
e603
e640
e67c
e6b9
e6f7
e735
e773
e7b2
e7f1
e831
e871
e8b1
e8f2
e933
e974
e9b6
e9f8
ea3b
ea7e
eac1
eb05
eb49
eb8d
ebd2
ec17
ec5c
eca2
ece8
ed2e
ed75
edbc
ee03
ee4b
ee93
eedb
ef23
ef6c
efb5
effe
f048
f091
f0db
f126
f170
f1bb
f206
f251
f29c
f2e8
f334
f380
f3cc
f419
f466
f4b2
f500
f54d
f59a
f5e8
f636
f684
f6d2
f720
f76e
f7bd
f80c
f85a
f8a9
f8f8
f947
f997
f9e6
fa36
fa85
fad5
fb25
fb74
fbc4
fc14
fc64
fcb5
fd05
fd55
fda5
fdf5
fe46
fe96
fee7
ff37
ff87
ffd8
0028
0079
00c9
0119
016a
01ba
020b
025b
02ab
02fb
034b
039c
03ec
043c
048c
04db
052b
057b
05ca
061a
0669
06b9
0708
0757
07a6
07f4
0843
0892
08e0
092e
097c
09ca
0a18
0a66
0ab3
0b00
0b4e
0b9a
0be7
0c34
0c80
0ccc
0d18
0d64
0daf
0dfa
0e45
0e90
0eda
0f25
0f6f
0fb8
1002
104b
1094
10dd
1125
116d
11b5
11fd
1244
128b
12d2
1318
135e
13a4
13e9
142e
1473
14b7
14fb
153f
1582
15c5
1608
164a
168c
16cd
170e
174f
178f
17cf
180f
184e
188d
18cb
1909
1947
1984
19c0
19fd
1a38
1a74
1aaf
1ae9
1b23
1b5d
1b96
1bcf
1c07
1c3f
1c76
1cad
1ce3
1d19
1d4f
1d84
1db8
1dec
1e20
1e52
1e85
1eb7
1ee8
1f19
1f4a
1f7a
1fa9
1fd8
2006
2034
2061
208e
20ba
20e6
2111
213b
2165
218f
21b8
21e0
2208
222f
2256
227c
22a1
22c6
22ea
230e
2331
2354
2376
2397
23b8
23d9
23f8
2417
2436
2454
2471
248e
24aa
24c5
24e0
24fa
2514
252d
2545
255d
2574
258b
25a1
25b6
25ca
25df
25f2
2605
2617
2628
2639
264a
2659
2668
2677
2684
2691
269e
26aa
26b5
26bf
26c9
26d2
26db
26e3
26ea
26f1
26f7
26fc
2701
2705
2709
270b
270d
270f
2710
2710
2710
270e
270d
270a
2707
2704
26ff
26fa
26f5
26ee
26e8
26e0
26d8
26cf
26c5
26bb
26b1
26a5
2699
268c
267f
2671
2663
2653
2644
2633
2622
2610
25fe
25eb
25d7
25c3
25ae
2598
2582
256b
2554
253c
2523
250a
24f0
24d6
24bb
249f
2483
2466
2448
242a
240c
23ec
23cd
23ac
238b
2369
2347
2324
2301
22dd
22b8
2293
226d
2247
2220
21f9
21d1
21a8
217f
2156
212b
2101
20d5
20aa
207d
2050
2023
1ff5
1fc6
1f97
1f68
1f38
1f07
1ed6
1ea4
1e72
1e3f
1e0c
1dd9
1da5
1d70
1d3b
1d05
1ccf
1c99
1c62
1c2a
1bf2
1bba
1b81
1b47
1b0e
1ad3
1a99
1a5e
1a22
19e6
19aa
196d
1930
18f2
18b4
1875
1836
17f7
17b7
1777
1737
16f6
16b5
1673
1631
15ef
15ac
1569
1525
14e2
149d
1459
1414
13cf
1389
1344
12fe
12b7
1270
1229
11e2
119a
1152
110a
10c2
1079
1030
0fe6
0f9d
0f53
0f09
0ebf
0e74
0e29
0dde
0d93
0d47
0cfb
0caf
0c63
0c17
0bca
0b7e
0b31
0ae3
0a96
0a49
09fb
09ad
095f
0911
08c3
0874
0826
07d7
0788
0739
06ea
069b
064b
05fc
05ad
055d
050d
04bd
046e
041e
03ce
037e
032d
02dd
028d
023d
01ec
019c
014c
00fb
00ab
005a
000a
ffba
ff69
ff19
fec8
fe78
fe28
fdd7
fd87
fd37
fce7
fc96
fc46
fbf6
fba6
fb57
fb07
fab7
fa67
fa18
f9c8
f979
f92a
f8db
f88c
f83d
f7ee
f79f
f751
f703
f6b4
f666
f618
f5cb
f57d
f530
f4e3
f496
f449
f3fc
f3b0
f364
f318
f2cc
f280
f235
f1ea
f19f
f154
f10a
f0c0
f076
f02c
efe3
ef99
ef51
ef08
eec0
ee78
ee30
ede9
eda1
ed5b
ed14
ecce
ec88
ec42
ebfd
ebb8
eb74
eb2f
eaec
eaa8
ea65
ea22
e9e0
e99d
e95c
e91a
e8d9
e899
e859
e819
e7d9
e79a
e75c
e71e
e6e0
e6a2
e666
e629
e5ed
e5b1
e576
e53b
e501
e4c7
e48e
e455
e41c
e3e4
e3ac
e375
e33e
e308
e2d3
e29d
e269
e234
e201
e1cd
e19b
e168
e137
e105
e0d5
e0a4
e075
e045
e017
dfe9
dfbb
df8e
df62
df36
df0a
dedf
deb5
de8b
de62
de39
de11
ddea
ddc3
dd9c
dd76
dd51
dd2c
dd08
dce5
dcc2
dc9f
dc7d
dc5c
dc3c
dc1c
dbfc
dbdd
dbbf
dba1
db84
db68
db4c
db31
db16
dafc
dae3
daca
dab2
da9a
da83
da6d
da57
da42
da2e
da1a
da07
d9f4
d9e2
d9d1
d9c1
d9b1
d9a1
d992
d984
d977
d96a
d95e
d952
d947
d93d
d933
d92a
d922
d91a
d913
d90d
d907
d902
d8fd
d8fa
d8f6
d8f4
d8f2
d8f1
d8f0
d8f0
d8f1
d8f2
d8f4
d8f7
d8fa
d8fe
d902
d908
d90e
d914
d91b
d923
d92b
d935
d93e
d949
d954
d95f
d96c
d978
d986
d994
d9a3
d9b2
d9c3
d9d3
d9e5
d9f7
da09
da1d
da30
da45
da5a
da70
da86
da9d
dab5
dacd
dae6
daff
db19
db34
db4f
db6b
db88
dba5
dbc3
dbe1
dc00
dc1f
dc40
dc60
dc82
dca3
dcc6
dce9
dd0d
dd31
dd56
dd7b
dda1
ddc7
ddee
de16
de3e
de67
de90
deba
dee5
df10
df3b
df67
df94
dfc1
dfee
e01d
e04b
e07b
e0aa
e0db
e10b
e13d
e16f
e1a1
e1d4
e207
e23b
e26f
e2a4
e2d9
e30f
e345
e37c
e3b3
e3eb
e423
e45c
e495
e4ce
e508
e543
e57d
e5b9
e5f4
e631
e66d
e6aa
e6e8
e725
e764
e7a2
e7e1
e821
e861
e8a1
e8e2
e923
e964
e9a6
e9e8
ea2a
ea6d
eab0
eaf4
eb38
eb7c
ebc1
ec06
ec4b
ec91
ecd7
ed1d
ed63
edaa
edf1
ee39
ee81
eec9
ef11
ef5a
efa3
efec
f035
f07f
f0c9
f113
f15d
f1a8
f1f3
f23e
f28a
f2d5
f321
f36d
f3b9
f406
f452
f49f
f4ec
f539
f587
f5d4
f622
f670
f6be
f70c
f75b
f7a9
f7f8
f847
f896
f8e5
f934
f983
f9d2
fa22
fa71
fac1
fb11
fb61
fbb0
fc00
fc50
fca1
fcf1
fd41
fd91
fde1
fe32
fe82
fed2
ff23
ff73
ffc4
0014
0065
00b5
0105
0156
01a6
01f6
0247
0297
02e7
0337
0388
03d8
0428
0478
04c7
0517
0567
05b6
0606
0655
06a5
06f4
0743
0792
07e1
0830
087e
08cd
091b
0969
09b7
0a05
0a52
0aa0
0aed
0b3a
0b87
0bd4
0c21
0c6d
0cb9
0d05
0d51
0d9c
0de7
0e32
0e7d
0ec8
0f12
0f5c
0fa6
0ff0
1039
1082
10cb
1113
115b
11a3
11eb
1232
1279
12c0
1306
134c
1392
13d8
141d
1461
14a6
14ea
152e
1571
15b4
15f7
1639
167b
16bd
16fe
173f
177f
17bf
17ff
183e
187d
18bc
18fa
1937
1974
19b1
19ee
1a2a
1a65
1aa0
1adb
1b15
1b4f
1b88
1bc1
1bf9
1c31
1c68
1c9f
1cd6
1d0c
1d41
1d77
1dab
1ddf
1e13
1e46
1e78
1eaa
1edc
1f0d
1f3e
1f6e
1f9d
1fcc
1ffb
2028
2056
2083
20af
20db
2106
2131
215b
2184
21ad
21d6
21fe
2225
224c
2272
2298
22bd
22e1
2305
2329
234b
236e
238f
23b0
23d1
23f0
2410
242e
244c
246a
2486
24a3
24be
24d9
24f4
250d
2527
253f
2557
256e
2585
259b
25b1
25c5
25da
25ed
2600
2612
2624
2635
2646
2655
2664
2673
2681
268e
269b
26a7
26b2
26bd
26c7
26d0
26d9
26e1
26e8
26ef
26f5
26fb
2700
2704
2708
270b
270d
270f
2710
2710
2710
270f
270d
270b
2708
2705
2700
26fc
26f6
26f0
26e9
26e2
26da
26d1
26c8
26be
26b3
26a8
269c
2690
2683
2675
2666
2657
2648
2637
2626
2615
2602
25f0
25dc
25c8
25b3
259e
2588
2571
255a
2542
252a
2511
24f7
24dd
24c2
24a6
248a
246d
2450
2432
2413
23f4
23d5
23b4
2393
2372
2350
232d
230a
22e6
22c1
229c
2277
2251
222a
2203
21db
21b3
218a
2160
2136
210b
20e0
20b5
2088
205b
202e
2000
1fd2
1fa3
1f74
1f44
1f13
1ee2
1eb1
1e7f
1e4c
1e19
1de6
1db2
1d7d
1d48
1d13
1cdd
1ca6
1c6f
1c38
1c00
1bc8
1b8f
1b56
1b1c
1ae2
1aa7
1a6c
1a31
19f5
19b9
197c
193f
1901
18c3
1885
1846
1807
17c7
1787
1747
1706
16c5
1683
1642
15ff
15bd
157a
1536
14f3
14ae
146a
1425
13e0
139b
1355
130f
12c9
1282
123b
11f4
11ac
1164
111c
10d4
108b
1042
0ff9
0faf
0f65
0f1b
0ed1
0e87
0e3c
0df1
0da6
0d5a
0d0e
0cc3
0c76
0c2a
0bde
0b91
0b44
0af7
0aaa
0a5c
0a0e
09c1
0973
0925
08d6
0888
0839
07eb
079c
074d
06fe
06af
065f
0610
05c0
0571
0521
04d1
0482
0432
03e2
0392
0341
02f1
02a1
0251
0200
01b0
0160
010f
00bf
006f
001e
ffce
ff7d
ff2d
fedd
fe8c
fe3c
fdeb
fd9b
fd4b
fcfb
fcab
fc5a
fc0a
fbba
fb6a
fb1b
facb
fa7b
fa2c
f9dc
f98d
f93e
f8ee
f89f
f850
f802
f7b3
f764
f716
f6c8
f67a
f62c
f5de
f591
f543
f4f6
f4a9
f45c
f40f
f3c3
f377
f32a
f2df
f293
f248
f1fc
f1b1
f167
f11c
f0d2
f088
f03e
eff5
efac
ef63
ef1a
eed2
ee8a
ee42
edfa
edb3
ed6c
ed26
ecdf
ec99
ec54
ec0e
ebc9
eb85
eb40
eafd
eab9
ea76
ea33
e9f0
e9ae
e96c
e92b
e8ea
e8a9
e869
e829
e7e9
e7aa
e76b
e72d
e6ef
e6b2
e675
e638
e5fc
e5c0
e585
e54a
e50f
e4d5
e49c
e463
e42a
e3f2
e3ba
e383
e34c
e316
e2e0
e2ab
e276
e241
e20d
e1da
e1a7
e175
e143
e112
e0e1
e0b0
e081
e051
e022
dff4
dfc6
df99
df6d
df40
df15
deea
debf
de95
de6c
de43
de1b
ddf3
ddcc
dda6
dd80
dd5a
dd35
dd11
dced
dcca
dca8
dc86
dc64
dc44
dc23
dc04
dbe5
dbc6
dba9
db8c
db6f
db53
db38
db1d
db03
dae9
dad0
dab8
daa0
da89
da73
da5d
da48
da33
da1f
da0c
d9f9
d9e7
d9d5
d9c5
d9b4
d9a5
d996
d988
d97a
d96d
d961
d955
d94a
d93f
d936
d92d
d924
d91c
d915
d90e
d908
d903
d8fe
d8fa
d8f7
d8f4
d8f2
d8f1
d8f0
d8f0
d8f1
d8f2
d8f4
d8f6
d8f9
d8fd
d901
d906
d90c
d912
d919
d921
d929
d932
d93c
d946
d951
d95c
d968
d975
d983
d991
d99f
d9af
d9be
d9cf
d9e0
d9f2
da05
da18
da2b
da40
da55
da6a
da81
da97
daaf
dac7
dae0
daf9
db13
db2d
db49
db64
db81
db9e
dbbb
dbd9
dbf8
dc18
dc38
dc58
dc79
dc9b
dcbd
dce0
dd04
dd28
dd4c
dd72
dd97
ddbe
dde5
de0c
de34
de5d
de86
deb0
deda
df05
df30
df5c
df88
dfb5
dfe3
e011
e040
e06f
e09e
e0ce
e0ff
e130
e162
e194
e1c7
e1fa
e22e
e262
e297
e2cc
e302
e338
e36e
e3a5
e3dd
e415
e44d
e486
e4c0
e4fa
e534
e56f
e5aa
e5e5
e621
e65e
e69b
e6d8
e716
e754
e793
e7d2
e811
e851
e891
e8d1
e912
e954
e995
e9d7
ea1a
ea5d
eaa0
eae3
eb27
eb6b
ebb0
ebf5
ec3a
ec7f
ecc5
ed0b
ed52
ed99
ede0
ee27
ee6f
eeb7
eeff
ef47
ef90
efd9
f023
f06c
f0b6
f100
f14b
f195
f1e0
f22b
f277
f2c2
f30e
f35a
f3a6
f3f3
f43f
f48c
f4d9
f526
f574
f5c1
f60f
f65d
f6ab
f6f9
f747
f796
f7e4
f833
f882
f8d1
f920
f96f
f9be
fa0e
fa5d
faad
fafd
fb4d
fb9c
fbec
fc3c
fc8c
fcdd
fd2d
fd7d
fdcd
fe1e
fe6e
febe
ff0f
ff5f
ffb0
0000
0050
00a1
00f1
0142
0192
01e2
0233
0283
02d3
0323
0374
03c4
0414
0464
04b3
0503
0553
05a3
05f2
0642
0691
06e0
072f
077e
07cd
081c
086a
08b9
0907
0955
09a3
09f1
0a3f
0a8c
0ada
0b27
0b74
0bc1
0c0d
0c5a
0ca6
0cf2
0d3e
0d89
0dd5
0e20
0e6b
0eb5
0f00
0f4a
0f94
0fdd
1027
1070
10b9
1101
1149
1191
11d9
1220
1267
12ae
12f5
133b
1381
13c6
140b
1450
1495
14d9
151d
1560
15a3
15e6
1629
166b
16ac
16ee
172f
176f
17af
17ef
182e
186d
18ac
18ea
1928
1965
19a2
19df
1a1b
1a56
1a91
1acc
1b06
1b40
1b7a
1bb3
1beb
1c23
1c5b
1c92
1cc8
1cfe
1d34
1d69
1d9e
1dd2
1e06
1e39
1e6c
1e9e
1ed0
1f01
1f32
1f62
1f91
1fc0
1fef
201d
204b
2078
20a4
20d0
20fb
2126
2150
217a
21a3
21cc
21f4
221b
2242
2269
228e
22b4
22d8
22fc
2320
2343
2365
2387
23a8
23c8
23e8
2408
2427
2445
2462
247f
249c
24b7
24d3
24ed
2507
2520
2539
2551
2569
257f
2596
25ab
25c0
25d5
25e8
25fb
260e
2620
2631
2642
2651
2661
266f
267d
268b
2698
26a4
26af
26ba
26c4
26ce
26d7
26df
26e7
26ee
26f4
26fa
26ff
2703
2707
270a
270c
270e
270f
2710
2710
270f
270e
270c
2709
2706
2702
26fd
26f8
26f2
26eb
26e4
26dc
26d3
26ca
26c1
26b6
26ab
269f
2693
2686
2678
266a
265b
264c
263b
262b
2619
2607
25f4
25e1
25cd
25b8
25a3
258d
2577
2560
2548
2530
2517
24fd
24e3
24c8
24ad
2491
2474
2457
243a
241b
23fc
23dd
23bc
239c
237a
2358
2336
2313
22ef
22cb
22a6
2280
225a
2234
220d
21e5
21bd
2194
216b
2141
2116
20eb
20c0
2093
2067
203a
200c
1fde
1faf
1f7f
1f50
1f1f
1eee
1ebd
1e8b
1e59
1e26
1df3
1dbf
1d8a
1d55
1d20
1cea
1cb4
1c7d
1c46
1c0e
1bd6
1b9d
1b64
1b2b
1af1
1ab6
1a7b
1a40
1a04
19c8
198b
194e
1911
18d3
1895
1856
1817
17d7
1797
1757
1716
16d5
1694
1652
1610
15cd
158a
1547
1503
14c0
147b
1437
13f2
13ac
1367
1321
12da
1294
124d
1206
11be
1176
112e
10e6
109d
1054
100b
0fc2
0f78
0f2e
0ee4
0e99
0e4f
0e04
0db8
0d6d
0d21
0cd6
0c89
0c3d
0bf1
0ba4
0b57
0b0a
0abd
0a6f
0a22
09d4
0986
0938
08ea
089c
084d
07fe
07b0
0761
0712
06c2
0673
0624
05d4
0585
0535
04e5
0496
0446
03f6
03a6
0355
0305
02b5
0265
0215
01c4
0174
0123
00d3
0083
0032
ffe2
ff91
ff41
fef1
fea0
fe50
fe00
fdaf
fd5f
fd0f
fcbf
fc6e
fc1e
fbce
fb7e
fb2f
fadf
fa8f
fa40
f9f0
f9a1
f951
f902
f8b3
f864
f815
f7c7
f778
f72a
f6db
f68d
f63f
f5f2
f5a4
f556
f509
f4bc
f46f
f422
f3d6
f38a
f33d
f2f2
f2a6
f25a
f20f
f1c4
f179
f12f
f0e5
f09b
f051
f007
efbe
ef75
ef2c
eee4
ee9c
ee54
ee0c
edc5
ed7e
ed37
ecf1
ecab
ec65
ec20
ebdb
eb96
eb52
eb0d
eaca
ea86
ea43
ea01
e9be
e97d
e93b
e8fa
e8b9
e879
e839
e7f9
e7ba
e77b
e73d
e6ff
e6c1
e684
e647
e60b
e5cf
e594
e559
e51e
e4e4
e4aa
e471
e438
e400
e3c8
e391
e35a
e323
e2ed
e2b8
e283
e24e
e21a
e1e7
e1b4
e181
e14f
e11e
e0ed
e0bc
e08c
e05d
e02e
e000
dfd2
dfa5
df78
df4b
df20
def5
deca
dea0
de76
de4d
de25
ddfd
ddd6
ddaf
dd89
dd64
dd3f
dd1a
dcf6
dcd3
dcb0
dc8e
dc6d
dc4c
dc2b
dc0c
dbed
dbce
dbb0
db93
db76
db5a
db3e
db23
db09
daef
dad6
dabe
daa6
da8f
da78
da62
da4d
da38
da24
da10
d9fe
d9eb
d9da
d9c9
d9b8
d9a9
d99a
d98b
d97d
d970
d964
d958
d94d
d942
d938
d92f
d926
d91e
d917
d910
d90a
d904
d900
d8fb
d8f8
d8f5
d8f3
d8f1
d8f0
d8f0
d8f0
d8f1
d8f3
d8f5
d8f8
d8fc
d900
d905
d90b
d911
d918
d91f
d927
d930
d939
d943
d94e
d959
d965
d972
d97f
d98d
d99c
d9ab
d9ba
d9cb
d9dc
d9ee
da00
da13
da26
da3b
da4f
da65
da7b
da92
daa9
dac1
dad9
daf3
db0c
db27
db42
db5d
db7a
db96
dbb4
dbd2
dbf0
dc10
dc2f
dc50
dc71
dc92
dcb5
dcd7
dcfb
dd1f
dd43
dd68
dd8e
ddb4
dddb
de02
de2a
de53
de7c
dea5
decf
defa
df25
df51
df7d
dfaa
dfd8
e005
e034
e063
e092
e0c2
e0f3
e124
e156
e188
e1ba
e1ed
e221
e255
e289
e2bf
e2f4
e32a
e361
e398
e3cf
e407
e43f
e478
e4b1
e4eb
e525
e560
e59b
e5d6
e612
e64f
e68c
e6c9
e706
e744
e783
e7c2
e801
e841
e881
e8c1
e902
e943
e985
e9c7
ea09
ea4c
ea8f
ead2
eb16
eb5a
eb9f
ebe3
ec28
ec6e
ecb4
ecfa
ed40
ed87
edce
ee15
ee5d
eea5
eeed
ef35
ef7e
efc7
f010
f05a
f0a4
f0ee
f138
f183
f1ce
f219
f264
f2af
f2fb
f347
f393
f3df
f42c
f479
f4c6
f513
f560
f5ae
f5fb
f649
f697
f6e5
f733
f782
f7d0
f81f
f86e
f8bd
f90c
f95b
f9ab
f9fa
fa4a
fa99
fae9
fb39
fb88
fbd8
fc28
fc78
fcc9
fd19
fd69
fdb9
fe0a
fe5a
feaa
fefb
ff4b
ff9b
ffec
003c
008d
00dd
012e
017e
01ce
021f
026f
02bf
030f
035f
03b0
0400
0450
049f
04ef
053f
058f
05de
062e
067d
06cc
071b
076a
07b9
0808
0857
08a5
08f4
0942
0990
09de
0a2c
0a79
0ac7
0b14
0b61
0bae
0bfa
0c47
0c93
0cdf
0d2b
0d76
0dc2
0e0d
0e58
0ea3
0eed
0f37
0f81
0fcb
1014
105d
10a6
10ef
1137
117f
11c7
120f
1256
129d
12e3
1329
136f
13b5
13fa
143f
1484
14c8
150c
1550
1593
15d6
1618
165a
169c
16dd
171e
175f
179f
17df
181f
185e
189c
18db
1918
1956
1993
19cf
1a0c
1a47
1a83
1abd
1af8
1b32
1b6b
1ba4
1bdd
1c15
1c4d
1c84
1cbb
1cf1
1d27
1d5c
1d91
1dc5
1df9
1e2c
1e5f
1e91
1ec3
1ef5
1f25
1f56
1f85
1fb5
1fe3
2012
203f
206c
2099
20c5
20f0
211b
2146
2170
2199
21c2
21ea
2212
2239
225f
2285
22aa
22cf
22f3
2317
233a
235d
237e
23a0
23c0
23e1
2400
241f
243d
245b
2478
2495
24b1
24cc
24e7
2501
251a
2533
254b
2563
257a
2590
25a6
25bb
25d0
25e3
25f7
2609
261b
262d
263d
264e
265d
266c
267a
2688
2694
26a1
26ac
26b7
26c2
26cb
26d5
26dd
26e5
26ec
26f2
26f8
26fe
2702
2706
2709
270c
270e
270f
2710
2710
270f
270e
270c
270a
2706
2703
26fe
26f9
26f3
26ed
26e6
26de
26d6
26cd
26c3
26b9
26ae
26a2
2696
2689
267c
266e
265f
264f
263f
262f
261e
260c
25f9
25e6
25d2
25be
25a9
2593
257d
2566
254e
2536
251d
2504
24ea
24cf
24b4
2498
247c
245f
2441
2423
2404
23e4
23c4
23a4
2383
2361
233e
231b
22f8
22d4
22af
228a
2264
223d
2216
21ef
21c7
219e
2175
214b
2121
20f6
20ca
209e
2072
2045
2017
1fe9
1fbb
1f8b
1f5c
1f2b
1efb
1ec9
1e98
1e65
1e33
1dff
1dcc
1d97
1d63
1d2d
1cf8
1cc2
1c8b
1c54
1c1c
1be4
1bab
1b72
1b39
1aff
1ac5
1a8a
1a4f
1a13
19d7
199a
195e
1920
18e2
18a4
1866
1827
17e7
17a7
1767
1727
16e6
16a4
1663
1620
15de
159b
1558
1514
14d1
148c
1448
1403
13be
1378
1332
12ec
12a5
125f
1217
11d0
1188
1140
10f8
10af
1067
101d
0fd4
0f8a
0f40
0ef6
0eac
0e61
0e16
0dcb
0d80
0d34
0ce8
0c9c
0c50
0c04
0bb7
0b6a
0b1d
0ad0
0a83
0a35
09e8
099a
094c
08fd
08af
0861
0812
07c3
0774
0725
06d6
0687
0638
05e8
0599
0549
04f9
04a9
045a
040a
03ba
036a
0319
02c9
0279
0229
01d8
0188
0138
00e7
0097
0046
fff6
ffa6
ff55
ff05
feb4
fe64
fe14
fdc3
fd73
fd23
fcd3
fc82
fc32
fbe2
fb92
fb43
faf3
faa3
fa53
fa04
f9b5
f965
f916
f8c7
f878
f829
f7da
f78c
f73d
f6ef
f6a1
f653
f605
f5b7
f56a
f51d
f4cf
f482
f436
f3e9
f39d
f351
f305
f2b9
f26d
f222
f1d7
f18c
f141
f0f7
f0ad
f063
f01a
efd0
ef87
ef3e
eef6
eeae
ee66
ee1e
edd7
ed90
ed49
ed02
ecbc
ec77
ec31
ebec
eba7
eb63
eb1e
eadb
ea97
ea54
ea11
e9cf
e98d
e94b
e90a
e8c9
e889
e849
e809
e7ca
e78b
e74c
e70e
e6d0
e693
e656
e61a
e5de
e5a2
e567
e52d
e4f2
e4b9
e47f
e446
e40e
e3d6
e39e
e367
e331
e2fb
e2c5
e290
e25b
e227
e1f4
e1c1
e18e
e15c
e12a
e0f9
e0c8
e098
e069
e03a
e00b
dfdd
dfb0
df83
df56
df2b
deff
ded5
deaa
de81
de58
de2f
de07
dde0
ddb9
dd93
dd6d
dd48
dd23
dcff
dcdc
dcb9
dc97
dc75
dc54
dc33
dc14
dbf4
dbd6
dbb8
db9a
db7d
db61
db45
db2a
db10
daf6
dadd
dac4
daac
da95
da7e
da68
da52
da3d
da29
da15
da02
d9f0
d9de
d9cd
d9bc
d9ad
d99d
d98f
d981
d974
d967
d95b
d94f
d945
d93b
d931
d928
d920
d918
d912
d90b
d906
d901
d8fc
d8f9
d8f6
d8f3
d8f2
d8f0
d8f0
d8f0
d8f1
d8f3
d8f5
d8f7
d8fb
d8ff
d904
d909
d90f
d916
d91d
d925
d92e
d937
d941
d94b
d956
d962
d96f
d97c
d989
d998
d9a7
d9b6
d9c7
d9d8
d9e9
d9fb
da0e
da21
da36
da4a
da5f
da75
da8c
daa3
dabb
dad3
daec
db06
db20
db3b
db56
db72
db8f
dbac
dbca
dbe9
dc08
dc27
dc48
dc69
dc8a
dcac
dccf
dcf2
dd16
dd3a
dd5f
dd84
ddaa
ddd1
ddf8
de20
de48
de71
de9b
dec5
deef
df1a
df46
df72
df9f
dfcc
dffa
e028
e057
e086
e0b6
e0e7
e118
e149
e17b
e1ae
e1e0
e214
e248
e27c
e2b1
e2e7
e31d
e353
e38a
e3c1
e3f9
e431
e46a
e4a3
e4dd
e517
e551
e58c
e5c8
e603
e640
e67c
e6b9
e6f7
e735
e773
e7b2
e7f1
e831
e871
e8b1
e8f2
e933
e974
e9b6
e9f8
ea3b
ea7e
eac1
eb05
eb49
eb8d
ebd2
ec17
ec5c
eca2
ece8
ed2e
ed75
edbc
ee03
ee4b
ee93
eedb
ef23
ef6c
efb5
effe
f048
f091
f0db
f126
f170
f1bb
f206
f251
f29c
f2e8
f334
f380
f3cc
f419
f466
f4b2
f500
f54d
f59a
f5e8
f636
f684
f6d2
f720
f76e
f7bd
f80c
f85a
f8a9
f8f8
f947
f997
f9e6
fa36
fa85
fad5
fb25
fb74
fbc4
fc14
fc64
fcb5
fd05
fd55
fda5
fdf5
fe46
fe96
fee7
ff37
ff87
ffd8
0028
0079
00c9
0119
016a
01ba
020b
025b
02ab
02fb
034b
039c
03ec
043c
048c
04db
052b
057b
05ca
061a
0669
06b9
0708
0757
07a6
07f4
0843
0892
08e0
092e
097c
09ca
0a18
0a66
0ab3
0b00
0b4e
0b9a
0be7
0c34
0c80
0ccc
0d18
0d64
0daf
0dfa
0e45
0e90
0eda
0f25
0f6f
0fb8
1002
104b
1094
10dd
1125
116d
11b5
11fd
1244
128b
12d2
1318
135e
13a4
13e9
142e
1473
14b7
14fb
153f
1582
15c5
1608
164a
168c
16cd
170e
174f
178f
17cf
180f
184e
188d
18cb
1909
1947
1984
19c0
19fd
1a38
1a74
1aaf
1ae9
1b23
1b5d
1b96
1bcf
1c07
1c3f
1c76
1cad
1ce3
1d19
1d4f
1d84
1db8
1dec
1e20
1e52
1e85
1eb7
1ee8
1f19
1f4a
1f7a
1fa9
1fd8
2006
2034
2061
208e
20ba
20e6
2111
213b
2165
218f
21b8
21e0
2208
222f
2256
227c
22a1
22c6
22ea
230e
2331
2354
2376
2397
23b8
23d9
23f8
2417
2436
2454
2471
248e
24aa
24c5
24e0
24fa
2514
252d
2545
255d
2574
258b
25a1
25b6
25ca
25df
25f2
2605
2617
2628
2639
264a
2659
2668
2677
2684
2691
269e
26aa
26b5
26bf
26c9
26d2
26db
26e3
26ea
26f1
26f7
26fc
2701
2705
2709
270b
270d
270f
2710
2710
2710
270e
270d
270a
2707
2704
26ff
26fa
26f5
26ee
26e8
26e0
26d8
26cf
26c5
26bb
26b1
26a5
2699
268c
267f
2671
2663
2653
2644
2633
2622
2610
25fe
25eb
25d7
25c3
25ae
2598
2582
256b
2554
253c
2523
250a
24f0
24d6
24bb
249f
2483
2466
2448
242a
240c
23ec
23cd
23ac
238b
2369
2347
2324
2301
22dd
22b8
2293
226d
2247
2220
21f9
21d1
21a8
217f
2156
212b
2101
20d5
20aa
207d
2050
2023
1ff5
1fc6
1f97
1f68
1f38
1f07
1ed6
1ea4
1e72
1e3f
1e0c
1dd9
1da5
1d70
1d3b
1d05
1ccf
1c99
1c62
1c2a
1bf2
1bba
1b81
1b47
1b0e
1ad3
1a99
1a5e
1a22
19e6
19aa
196d
1930
18f2
18b4
1875
1836
17f7
17b7
1777
1737
16f6
16b5
1673
1631
15ef
15ac
1569
1525
14e2
149d
1459
1414
13cf
1389
1344
12fe
12b7
1270
1229
11e2
119a
1152
110a
10c2
1079
1030
0fe6
0f9d
0f53
0f09
0ebf
0e74
0e29
0dde
0d93
0d47
0cfb
0caf
0c63
0c17
0bca
0b7e
0b31
0ae3
0a96
0a49
09fb
09ad
095f
0911
08c3
0874
0826
07d7
0788
0739
06ea
069b
064b
05fc
05ad
055d
050d
04bd
046e
041e
03ce
037e
032d
02dd
028d
023d
01ec
019c
014c
00fb
00ab
005a
000a
ffba
ff69
ff19
fec8
fe78
fe28
fdd7
fd87
fd37
fce7
fc96
fc46
fbf6
fba6
fb57
fb07
fab7
fa67
fa18
f9c8
f979
f92a
f8db
f88c
f83d
f7ee
f79f
f751
f703
f6b4
f666
f618
f5cb
f57d
f530
f4e3
f496
f449
f3fc
f3b0
f364
f318
f2cc
f280
f235
f1ea
f19f
f154
f10a
f0c0
f076
f02c
efe3
ef99
ef51
ef08
eec0
ee78
ee30
ede9
eda1
ed5b
ed14
ecce
ec88
ec42
ebfd
ebb8
eb74
eb2f
eaec
eaa8
ea65
ea22
e9e0
e99d
e95c
e91a
e8d9
e899
e859
e819
e7d9
e79a
e75c
e71e
e6e0
e6a2
e666
e629
e5ed
e5b1
e576
e53b
e501
e4c7
e48e
e455
e41c
e3e4
e3ac
e375
e33e
e308
e2d3
e29d
e269
e234
e201
e1cd
e19b
e168
e137
e105
e0d5
e0a4
e075
e045
e017
dfe9
dfbb
df8e
df62
df36
df0a
dedf
deb5
de8b
de62
de39
de11
ddea
ddc3
dd9c
dd76
dd51
dd2c
dd08
dce5
dcc2
dc9f
dc7d
dc5c
dc3c
dc1c
dbfc
dbdd
dbbf
dba1
db84
db68
db4c
db31
db16
dafc
dae3
daca
dab2
da9a
da83
da6d
da57
da42
da2e
da1a
da07
d9f4
d9e2
d9d1
d9c1
d9b1
d9a1
d992
d984
d977
d96a
d95e
d952
d947
d93d
d933
d92a
d922
d91a
d913
d90d
d907
d902
d8fd
d8fa
d8f6
d8f4
d8f2
d8f1
d8f0
d8f0
d8f1
d8f2
d8f4
d8f7
d8fa
d8fe
d902
d908
d90e
d914
d91b
d923
d92b
d935
d93e
d949
d954
d95f
d96c
d978
d986
d994
d9a3
d9b2
d9c3
d9d3
d9e5
d9f7
da09
da1d
da30
da45
da5a
da70
da86
da9d
dab5
dacd
dae6
daff
db19
db34
db4f
db6b
db88
dba5
dbc3
dbe1
dc00
dc1f
dc40
dc60
dc82
dca3
dcc6
dce9
dd0d
dd31
dd56
dd7b
dda1
ddc7
ddee
de16
de3e
de67
de90
deba
dee5
df10
df3b
df67
df94
dfc1
dfee
e01d
e04b
e07b
e0aa
e0db
e10b
e13d
e16f
e1a1
e1d4
e207
e23b
e26f
e2a4
e2d9
e30f
e345
e37c
e3b3
e3eb
e423
e45c
e495
e4ce
e508
e543
e57d
e5b9
e5f4
e631
e66d
e6aa
e6e8
e725
e764
e7a2
e7e1
e821
e861
e8a1
e8e2
e923
e964
e9a6
e9e8
ea2a
ea6d
eab0
eaf4
eb38
eb7c
ebc1
ec06
ec4b
ec91
ecd7
ed1d
ed63
edaa
edf1
ee39
ee81
eec9
ef11
ef5a
efa3
efec
f035
f07f
f0c9
f113
f15d
f1a8
f1f3
f23e
f28a
f2d5
f321
f36d
f3b9
f406
f452
f49f
f4ec
f539
f587
f5d4
f622
f670
f6be
f70c
f75b
f7a9
f7f8
f847
f896
f8e5
f934
f983
f9d2
fa22
fa71
fac1
fb11
fb61
fbb0
fc00
fc50
fca1
fcf1
fd41
fd91
fde1
fe32
fe82
fed2
ff23
ff73
ffc4
0014
0065
00b5
0105
0156
01a6
01f6
0247
0297
02e7
0337
0388
03d8
0428
0478
04c7
0517
0567
05b6
0606
0655
06a5
06f4
0743
0792
07e1
0830
087e
08cd
091b
0969
09b7
0a05
0a52
0aa0
0aed
0b3a
0b87
0bd4
0c21
0c6d
0cb9
0d05
0d51
0d9c
0de7
0e32
0e7d
0ec8
0f12
0f5c
0fa6
0ff0
1039
1082
10cb
1113
115b
11a3
11eb
1232
1279
12c0
1306
134c
1392
13d8
141d
1461
14a6
14ea
152e
1571
15b4
15f7
1639
167b
16bd
16fe
173f
177f
17bf
17ff
183e
187d
18bc
18fa
1937
1974
19b1
19ee
1a2a
1a65
1aa0
1adb
1b15
1b4f
1b88
1bc1
1bf9
1c31
1c68
1c9f
1cd6
1d0c
1d41
1d77
1dab
1ddf
1e13
1e46
1e78
1eaa
1edc
1f0d
1f3e
1f6e
1f9d
1fcc
1ffb
2028
2056
2083
20af
20db
2106
2131
215b
2184
21ad
21d6
21fe
2225
224c
2272
2298
22bd
22e1
2305
2329
234b
236e
238f
23b0
23d1
23f0
2410
242e
244c
246a
2486
24a3
24be
24d9
24f4
250d
2527
253f
2557
256e
2585
259b
25b1
25c5
25da
25ed
2600
2612
2624
2635
2646
2655
2664
2673
2681
268e
269b
26a7
26b2
26bd
26c7
26d0
26d9
26e1
26e8
26ef
26f5
26fb
2700
2704
2708
270b
270d
270f
2710
2710
2710
270f
270d
270b
2708
2705
2700
26fc
26f6
26f0
26e9
26e2
26da
26d1
26c8
26be
26b3
26a8
269c
2690
2683
2675
2666
2657
2648
2637
2626
2615
2602
25f0
25dc
25c8
25b3
259e
2588
2571
255a
2542
252a
2511
24f7
24dd
24c2
24a6
248a
246d
2450
2432
2413
23f4
23d5
23b4
2393
2372
2350
232d
230a
22e6
22c1
229c
2277
2251
222a
2203
21db
21b3
218a
2160
2136
210b
20e0
20b5
2088
205b
202e
2000
1fd2
1fa3
1f74
1f44
1f13
1ee2
1eb1
1e7f
1e4c
1e19
1de6
1db2
1d7d
1d48
1d13
1cdd
1ca6
1c6f
1c38
1c00
1bc8
1b8f
1b56
1b1c
1ae2
1aa7
1a6c
1a31
19f5
19b9
197c
193f
1901
18c3
1885
1846
1807
17c7
1787
1747
1706
16c5
1683
1642
15ff
15bd
157a
1536
14f3
14ae
146a
1425
13e0
139b
1355
130f
12c9
1282
123b
11f4
11ac
1164
111c
10d4
108b
1042
0ff9
0faf
0f65
0f1b
0ed1
0e87
0e3c
0df1
0da6
0d5a
0d0e
0cc3
0c76
0c2a
0bde
0b91
0b44
0af7
0aaa
0a5c
0a0e
09c1
0973
0925
08d6
0888
0839
07eb
079c
074d
06fe
06af
065f
0610
05c0
0571
0521
04d1
0482
0432
03e2
0392
0341
02f1
02a1
0251
0200
01b0
0160
010f
00bf
006f
001e
ffce
ff7d
ff2d
fedd
fe8c
fe3c
fdeb
fd9b
fd4b
fcfb
fcab
fc5a
fc0a
fbba
fb6a
fb1b
facb
fa7b
fa2c
f9dc
f98d
f93e
f8ee
f89f
f850
f802
f7b3
f764
f716
f6c8
f67a
f62c
f5de
f591
f543
f4f6
f4a9
f45c
f40f
f3c3
f377
f32a
f2df
f293
f248
f1fc
f1b1
f167
f11c
f0d2
f088
f03e
eff5
efac
ef63
ef1a
eed2
ee8a
ee42
edfa
edb3
ed6c
ed26
ecdf
ec99
ec54
ec0e
ebc9
eb85
eb40
eafd
eab9
ea76
ea33
e9f0
e9ae
e96c
e92b
e8ea
e8a9
e869
e829
e7e9
e7aa
e76b
e72d
e6ef
e6b2
e675
e638
e5fc
e5c0
e585
e54a
e50f
e4d5
e49c
e463
e42a
e3f2
e3ba
e383
e34c
e316
e2e0
e2ab
e276
e241
e20d
e1da
e1a7
e175
e143
e112
e0e1
e0b0
e081
e051
e022
dff4
dfc6
df99
df6d
df40
df15
deea
debf
de95
de6c
de43
de1b
ddf3
ddcc
dda6
dd80
dd5a
dd35
dd11
dced
dcca
dca8
dc86
dc64
dc44
dc23
dc04
dbe5
dbc6
dba9
db8c
db6f
db53
db38
db1d
db03
dae9
dad0
dab8
daa0
da89
da73
da5d
da48
da33
da1f
da0c
d9f9
d9e7
d9d5
d9c5
d9b4
d9a5
d996
d988
d97a
d96d
d961
d955
d94a
d93f
d936
d92d
d924
d91c
d915
d90e
d908
d903
d8fe
d8fa
d8f7
d8f4
d8f2
d8f1
d8f0
d8f0
d8f1
d8f2
d8f4
d8f6
d8f9
d8fd
d901
d906
d90c
d912
d919
d921
d929
d932
d93c
d946
d951
d95c
d968
d975
d983
d991
d99f
d9af
d9be
d9cf
d9e0
d9f2
da05
da18
da2b
da40
da55
da6a
da81
da97
daaf
dac7
dae0
daf9
db13
db2d
db49
db64
db81
db9e
dbbb
dbd9
dbf8
dc18
dc38
dc58
dc79
dc9b
dcbd
dce0
dd04
dd28
dd4c
dd72
dd97
ddbe
dde5
de0c
de34
de5d
de86
deb0
deda
df05
df30
df5c
df88
dfb5
dfe3
e011
e040
e06f
e09e
e0ce
e0ff
e130
e162
e194
e1c7
e1fa
e22e
e262
e297
e2cc
e302
e338
e36e
e3a5
e3dd
e415
e44d
e486
e4c0
e4fa
e534
e56f
e5aa
e5e5
e621
e65e
e69b
e6d8
e716
e754
e793
e7d2
e811
e851
e891
e8d1
e912
e954
e995
e9d7
ea1a
ea5d
eaa0
eae3
eb27
eb6b
ebb0
ebf5
ec3a
ec7f
ecc5
ed0b
ed52
ed99
ede0
ee27
ee6f
eeb7
eeff
ef47
ef90
efd9
f023
f06c
f0b6
f100
f14b
f195
f1e0
f22b
f277
f2c2
f30e
f35a
f3a6
f3f3
f43f
f48c
f4d9
f526
f574
f5c1
f60f
f65d
f6ab
f6f9
f747
f796
f7e4
f833
f882
f8d1
f920
f96f
f9be
fa0e
fa5d
faad
fafd
fb4d
fb9c
fbec
fc3c
fc8c
fcdd
fd2d
fd7d
fdcd
fe1e
fe6e
febe
ff0f
ff5f
ffb0
0000
0050
00a1
00f1
0142
0192
01e2
0233
0283
02d3
0323
0374
03c4
0414
0464
04b3
0503
0553
05a3
05f2
0642
0691
06e0
072f
077e
07cd
081c
086a
08b9
0907
0955
09a3
09f1
0a3f
0a8c
0ada
0b27
0b74
0bc1
0c0d
0c5a
0ca6
0cf2
0d3e
0d89
0dd5
0e20
0e6b
0eb5
0f00
0f4a
0f94
0fdd
1027
1070
10b9
1101
1149
1191
11d9
1220
1267
12ae
12f5
133b
1381
13c6
140b
1450
1495
14d9
151d
1560
15a3
15e6
1629
166b
16ac
16ee
172f
176f
17af
17ef
182e
186d
18ac
18ea
1928
1965
19a2
19df
1a1b
1a56
1a91
1acc
1b06
1b40
1b7a
1bb3
1beb
1c23
1c5b
1c92
1cc8
1cfe
1d34
1d69
1d9e
1dd2
1e06
1e39
1e6c
1e9e
1ed0
1f01
1f32
1f62
1f91
1fc0
1fef
201d
204b
2078
20a4
20d0
20fb
2126
2150
217a
21a3
21cc
21f4
221b
2242
2269
228e
22b4
22d8
22fc
2320
2343
2365
2387
23a8
23c8
23e8
2408
2427
2445
2462
247f
249c
24b7
24d3
24ed
2507
2520
2539
2551
2569
257f
2596
25ab
25c0
25d5
25e8
25fb
260e
2620
2631
2642
2651
2661
266f
267d
268b
2698
26a4
26af
26ba
26c4
26ce
26d7
26df
26e7
26ee
26f4
26fa
26ff
2703
2707
270a
270c
270e
270f
2710
2710
270f
270e
270c
2709
2706
2702
26fd
26f8
26f2
26eb
26e4
26dc
26d3
26ca
26c1
26b6
26ab
269f
2693
2686
2678
266a
265b
264c
263b
262b
2619
2607
25f4
25e1
25cd
25b8
25a3
258d
2577
2560
2548
2530
2517
24fd
24e3
24c8
24ad
2491
2474
2457
243a
241b
23fc
23dd
23bc
239c
237a
2358
2336
2313
22ef
22cb
22a6
2280
225a
2234
220d
21e5
21bd
2194
216b
2141
2116
20eb
20c0
2093
2067
203a
200c
1fde
1faf
1f7f
1f50
1f1f
1eee
1ebd
1e8b
1e59
1e26
1df3
1dbf
1d8a
1d55
1d20
1cea
1cb4
1c7d
1c46
1c0e
1bd6
1b9d
1b64
1b2b
1af1
1ab6
1a7b
1a40
1a04
19c8
198b
194e
1911
18d3
1895
1856
1817
17d7
1797
1757
1716
16d5
1694
1652
1610
15cd
158a
1547
1503
14c0
147b
1437
13f2
13ac
1367
1321
12da
1294
124d
1206
11be
1176
112e
10e6
109d
1054
100b
0fc2
0f78
0f2e
0ee4
0e99
0e4f
0e04
0db8
0d6d
0d21
0cd6
0c89
0c3d
0bf1
0ba4
0b57
0b0a
0abd
0a6f
0a22
09d4
0986
0938
08ea
089c
084d
07fe
07b0
0761
0712
06c2
0673
0624
05d4
0585
0535
04e5
0496
0446
03f6
03a6
0355
0305
02b5
0265
0215
01c4
0174
0123
00d3
0083
0032
ffe2
ff91
ff41
fef1
fea0
fe50
fe00
fdaf
fd5f
fd0f
fcbf
fc6e
fc1e
fbce
fb7e
fb2f
fadf
fa8f
fa40
f9f0
f9a1
f951
f902
f8b3
f864
f815
f7c7
f778
f72a
f6db
f68d
f63f
f5f2
f5a4
f556
f509
f4bc
f46f
f422
f3d6
f38a
f33d
f2f2
f2a6
f25a
f20f
f1c4
f179
f12f
f0e5
f09b
f051
f007
efbe
ef75
ef2c
eee4
ee9c
ee54
ee0c
edc5
ed7e
ed37
ecf1
ecab
ec65
ec20
ebdb
eb96
eb52
eb0d
eaca
ea86
ea43
ea01
e9be
e97d
e93b
e8fa
e8b9
e879
e839
e7f9
e7ba
e77b
e73d
e6ff
e6c1
e684
e647
e60b
e5cf
e594
e559
e51e
e4e4
e4aa
e471
e438
e400
e3c8
e391
e35a
e323
e2ed
e2b8
e283
e24e
e21a
e1e7
e1b4
e181
e14f
e11e
e0ed
e0bc
e08c
e05d
e02e
e000
dfd2
dfa5
df78
df4b
df20
def5
deca
dea0
de76
de4d
de25
ddfd
ddd6
ddaf
dd89
dd64
dd3f
dd1a
dcf6
dcd3
dcb0
dc8e
dc6d
dc4c
dc2b
dc0c
dbed
dbce
dbb0
db93
db76
db5a
db3e
db23
db09
daef
dad6
dabe
daa6
da8f
da78
da62
da4d
da38
da24
da10
d9fe
d9eb
d9da
d9c9
d9b8
d9a9
d99a
d98b
d97d
d970
d964
d958
d94d
d942
d938
d92f
d926
d91e
d917
d910
d90a
d904
d900
d8fb
d8f8
d8f5
d8f3
d8f1
d8f0
d8f0
d8f0
d8f1
d8f3
d8f5
d8f8
d8fc
d900
d905
d90b
d911
d918
d91f
d927
d930
d939
d943
d94e
d959
d965
d972
d97f
d98d
d99c
d9ab
d9ba
d9cb
d9dc
d9ee
da00
da13
da26
da3b
da4f
da65
da7b
da92
daa9
dac1
dad9
daf3
db0c
db27
db42
db5d
db7a
db96
dbb4
dbd2
dbf0
dc10
dc2f
dc50
dc71
dc92
dcb5
dcd7
dcfb
dd1f
dd43
dd68
dd8e
ddb4
dddb
de02
de2a
de53
de7c
dea5
decf
defa
df25
df51
df7d
dfaa
dfd8
e005
e034
e063
e092
e0c2
e0f3
e124
e156
e188
e1ba
e1ed
e221
e255
e289
e2bf
e2f4
e32a
e361
e398
e3cf
e407
e43f
e478
e4b1
e4eb
e525
e560
e59b
e5d6
e612
e64f
e68c
e6c9
e706
e744
e783
e7c2
e801
e841
e881
e8c1
e902
e943
e985
e9c7
ea09
ea4c
ea8f
ead2
eb16
eb5a
eb9f
ebe3
ec28
ec6e
ecb4
ecfa
ed40
ed87
edce
ee15
ee5d
eea5
eeed
ef35
ef7e
efc7
f010
f05a
f0a4
f0ee
f138
f183
f1ce
f219
f264
f2af
f2fb
f347
f393
f3df
f42c
f479
f4c6
f513
f560
f5ae
f5fb
f649
f697
f6e5
f733
f782
f7d0
f81f
f86e
f8bd
f90c
f95b
f9ab
f9fa
fa4a
fa99
fae9
fb39
fb88
fbd8
fc28
fc78
fcc9
fd19
fd69
fdb9
fe0a
fe5a
feaa
fefb
ff4b
ff9b
ffec
003c
008d
00dd
012e
017e
01ce
021f
026f
02bf
030f
035f
03b0
0400
0450
049f
04ef
053f
058f
05de
062e
067d
06cc
071b
076a
07b9
0808
0857
08a5
08f4
0942
0990
09de
0a2c
0a79
0ac7
0b14
0b61
0bae
0bfa
0c47
0c93
0cdf
0d2b
0d76
0dc2
0e0d
0e58
0ea3
0eed
0f37
0f81
0fcb
1014
105d
10a6
10ef
1137
117f
11c7
120f
1256
129d
12e3
1329
136f
13b5
13fa
143f
1484
14c8
150c
1550
1593
15d6
1618
165a
169c
16dd
171e
175f
179f
17df
181f
185e
189c
18db
1918
1956
1993
19cf
1a0c
1a47
1a83
1abd
1af8
1b32
1b6b
1ba4
1bdd
1c15
1c4d
1c84
1cbb
1cf1
1d27
1d5c
1d91
1dc5
1df9
1e2c
1e5f
1e91
1ec3
1ef5
1f25
1f56
1f85
1fb5
1fe3
2012
203f
206c
2099
20c5
20f0
211b
2146
2170
2199
21c2
21ea
2212
2239
225f
2285
22aa
22cf
22f3
2317
233a
235d
237e
23a0
23c0
23e1
2400
241f
243d
245b
2478
2495
24b1
24cc
24e7
2501
251a
2533
254b
2563
257a
2590
25a6
25bb
25d0
25e3
25f7
2609
261b
262d
263d
264e
265d
266c
267a
2688
2694
26a1
26ac
26b7
26c2
26cb
26d5
26dd
26e5
26ec
26f2
26f8
26fe
2702
2706
2709
270c
270e
270f
2710
2710
270f
270e
270c
270a
2706
2703
26fe
26f9
26f3
26ed
26e6
26de
26d6
26cd
26c3
26b9
26ae
26a2
2696
2689
267c
266e
265f
264f
263f
262f
261e
260c
25f9
25e6
25d2
25be
25a9
2593
257d
2566
254e
2536
251d
2504
24ea
24cf
24b4
2498
247c
245f
2441
2423
2404
23e4
23c4
23a4
2383
2361
233e
231b
22f8
22d4
22af
228a
2264
223d
2216
21ef
21c7
219e
2175
214b
2121
20f6
20ca
209e
2072
2045
2017
1fe9
1fbb
1f8b
1f5c
1f2b
1efb
1ec9
1e98
1e65
1e33
1dff
1dcc
1d97
1d63
1d2d
1cf8
1cc2
1c8b
1c54
1c1c
1be4
1bab
1b72
1b39
1aff
1ac5
1a8a
1a4f
1a13
19d7
199a
195e
1920
18e2
18a4
1866
1827
17e7
17a7
1767
1727
16e6
16a4
1663
1620
15de
159b
1558
1514
14d1
148c
1448
1403
13be
1378
1332
12ec
12a5
125f
1217
11d0
1188
1140
10f8
10af
1067
101d
0fd4
0f8a
0f40
0ef6
0eac
0e61
0e16
0dcb
0d80
0d34
0ce8
0c9c
0c50
0c04
0bb7
0b6a
0b1d
0ad0
0a83
0a35
09e8
099a
094c
08fd
08af
0861
0812
07c3
0774
0725
06d6
0687
0638
05e8
0599
0549
04f9
04a9
045a
040a
03ba
036a
0319
02c9
0279
0229
01d8
0188
0138
00e7
0097
0046
fff6
ffa6
ff55
ff05
feb4
fe64
fe14
fdc3
fd73
fd23
fcd3
fc82
fc32
fbe2
fb92
fb43
faf3
faa3
fa53
fa04
f9b5
f965
f916
f8c7
f878
f829
f7da
f78c
f73d
f6ef
f6a1
f653
f605
f5b7
f56a
f51d
f4cf
f482
f436
f3e9
f39d
f351
f305
f2b9
f26d
f222
f1d7
f18c
f141
f0f7
f0ad
f063
f01a
efd0
ef87
ef3e
eef6
eeae
ee66
ee1e
edd7
ed90
ed49
ed02
ecbc
ec77
ec31
ebec
eba7
eb63
eb1e
eadb
ea97
ea54
ea11
e9cf
e98d
e94b
e90a
e8c9
e889
e849
e809
e7ca
e78b
e74c
e70e
e6d0
e693
e656
e61a
e5de
e5a2
e567
e52d
e4f2
e4b9
e47f
e446
e40e
e3d6
e39e
e367
e331
e2fb
e2c5
e290
e25b
e227
e1f4
e1c1
e18e
e15c
e12a
e0f9
e0c8
e098
e069
e03a
e00b
dfdd
dfb0
df83
df56
df2b
deff
ded5
deaa
de81
de58
de2f
de07
dde0
ddb9
dd93
dd6d
dd48
dd23
dcff
dcdc
dcb9
dc97
dc75
dc54
dc33
dc14
dbf4
dbd6
dbb8
db9a
db7d
db61
db45
db2a
db10
daf6
dadd
dac4
daac
da95
da7e
da68
da52
da3d
da29
da15
da02
d9f0
d9de
d9cd
d9bc
d9ad
d99d
d98f
d981
d974
d967
d95b
d94f
d945
d93b
d931
d928
d920
d918
d912
d90b
d906
d901
d8fc
d8f9
d8f6
d8f3
d8f2
d8f0
d8f0
d8f0
d8f1
d8f3
d8f5
d8f7
d8fb
d8ff
d904
d909
d90f
d916
d91d
d925
d92e
d937
d941
d94b
d956
d962
d96f
d97c
d989
d998
d9a7
d9b6
d9c7
d9d8
d9e9
d9fb
da0e
da21
da36
da4a
da5f
da75
da8c
daa3
dabb
dad3
daec
db06
db20
db3b
db56
db72
db8f
dbac
dbca
dbe9
dc08
dc27
dc48
dc69
dc8a
dcac
dccf
dcf2
dd16
dd3a
dd5f
dd84
ddaa
ddd1
ddf8
de20
de48
de71
de9b
dec5
deef
df1a
df46
df72
df9f
dfcc
dffa
e028
e057
e086
e0b6
e0e7
e118
e149
e17b
e1ae
e1e0
e214
e248
e27c
e2b1
e2e7
e31d
e353
e38a
e3c1
e3f9
e431
e46a
e4a3
e4dd
e517
e551
e58c
e5c8
e603
e640
e67c
e6b9
e6f7
e735
e773
e7b2
e7f1
e831
e871
e8b1
e8f2
e933
e974
e9b6
e9f8
ea3b
ea7e
eac1
eb05
eb49
eb8d
ebd2
ec17
ec5c
eca2
ece8
ed2e
ed75
edbc
ee03
ee4b
ee93
eedb
ef23
ef6c
efb5
effe
f048
f091
f0db
f126
f170
f1bb
f206
f251
f29c
f2e8
f334
f380
f3cc
f419
f466
f4b2
f500
f54d
f59a
f5e8
f636
f684
f6d2
f720
f76e
f7bd
f80c
f85a
f8a9
f8f8
f947
f997
f9e6
fa36
fa85
fad5
fb25
fb74
fbc4
fc14
fc64
fcb5
fd05
fd55
fda5
fdf5
fe46
fe96
fee7
ff37
ff87
0000
0000
0000
0000
0000
0000
0000
0000
0000
0000
0000
0000
0000
0000
0000
0000
0000
0000
0000
0000
0000
0000
0000
0000
0000
0000
0000
0000
0000
0000
0000
0000
0000
0000
0000
0000
0000
0000
0000
0000
0000
0000
0000
0000
0000
0000
0000
0000
0000
0000
0000
0000
0000
0000
0000
0000
0000
0000
0000
0000
0000
0000
0000
0000
0000
0000
0000
0000
0000
0000
0000
0000
0000
0000
0000
0000
0000
0000
0000
0000
0000
0000
0000
0000
0000
0000
0000
0000
0000
0000
0000
0000
0000
0000
0000
0000
0000
0000
0000
0000
0000
0000
0000
0000
0000
0000
0000
0000
0000
0000
0000
0000
0000
0000
0000
0000
0000
0000
0000
0000
0000
0000
0000
0000
0000
0000
0000
0000
0000
0000
0000
0000
0000
0000
0000
0000
0000
0000
0000
0000
0000
0000
0000
0000
0000
0000
0000
0000
0000
0000
0000
0000
0000
0000
0000
0000
0000
0000
0000
0000
0000
0000
0000
0000
0000
0000
0000
0000
0000
0000
0000
0000
0000
0000
0000
0000
0000
0000
0000
0000
0000
0000
0000
0000
0000
0000
0000
0000
0000
0000
0000
0000
0000
0000
0000
0000
0000
0000
0000
0000
0000
0323
0642
0955
0c5a
0f4a
1220
14d9
176f
19df
1c23
1e39
201d
21cc
2343
247f
257f
2642
26c4
2707
2709
26ca
264c
258d
2491
2358
21e5
203a
1e59
1c46
1a04
1797
1503
124d
0f78
0c89
0986
0673
0355
0032
fd0f
f9f0
f6db
f3d6
f0e5
ee0c
eb52
e8b9
e647
e400
e1e7
e000
de4d
dcd3
db93
da8f
d9c9
d942
d8fb
d8f5
d930
d9ab
da65
db5d
dc92
de02
dfaa
e188
e398
e5d6
e841
ead2
ed87
f05a
f347
f649
f95b
fc78
ff9b
02bf
05de
08f4
0bfa
0eed
11c7
1484
171e
1993
1bdd
1df9
1fe3
2199
2317
245b
2563
262d
26b7
2702
270c
26d6
265f
25a9
24b4
2383
2216
2072
1e98
1c8b
1a4f
17e7
1558
12a5
0fd4
0ce8
09e8
06d6
03ba
0097
fd73
fa53
f73d
f436
f141
ee66
eba7
e90a
e693
e446
e227
e03a
de81
dcff
dbb8
daac
d9de
d94f
d901
d8f3
d925
d998
da4a
db3b
dc69
ddd1
df72
e149
e353
e58c
e7f1
ea7e
ed2e
effe
f2e8
f5e8
f8f8
fc14
ff37
025b
057b
0892
0b9a
0e90
116d
142e
16cd
1947
1b96
1db8
1fa9
2165
22ea
2436
2545
2617
26aa
26fc
270e
26e0
2671
25c3
24d6
23ac
2247
20aa
1ed6
1ccf
1a99
1836
15ac
12fe
1030
0d47
0a49
0739
041e
00fb
fdd7
fab7
f79f
f496
f19f
eec0
ebfd
e95c
e6e0
e48e
e269
e075
deb5
dd2c
dbdd
daca
d9f4
d95e
d907
d8f1
d91b
d986
da30
db19
dc40
dda1
df3b
e10b
e30f
e543
e7a2
ea2a
ecd7
efa3
f28a
f587
f896
fbb0
fed2
01f6
0517
0830
0b3a
0e32
1113
13d8
167b
18fa
1b4f
1d77
1f6e
2131
22bd
2410
2527
2600
269b
26f5
2710
26e9
2683
25dc
24f7
23d5
2277
20e0
1f13
1d13
1ae2
1885
15ff
1355
108b
0da6
0aaa
079c
0482
0160
fe3c
fb1b
f802
f4f6
f1fc
ef1a
ec54
e9ae
e72d
e4d5
e2ab
e0b0
deea
dd5a
dc04
dae9
da0c
d96d
d90e
d8f0
d912
d975
da18
daf9
dc18
dd72
df05
e0ce
e2cc
e4fa
e754
e9d7
ec7f
ef47
f22b
f526
f833
fb4d
fe6e
0192
04b3
07cd
0ada
0dd5
10b9
1381
1629
18ac
1b06
1d34
1f32
20fb
228e
23e8
2507
25e8
268b
26ee
2710
26f2
2693
25f4
2517
23fc
22a6
2116
1f50
1d55
1b2b
18d3
1652
13ac
10e6
0e04
0b0a
07fe
04e5
01c4
fea0
fb7e
f864
f556
f25a
ef75
ecab
ea01
e77b
e51e
e2ed
e0ed
df20
dd89
dc2b
db09
da24
d97d
d917
d8f0
d90b
d965
da00
dad9
dbf0
dd43
decf
e092
e289
e4b1
e706
e985
ec28
eeed
f1ce
f4c6
f7d0
fae9
fe0a
012e
0450
076a
0a79
0d76
105d
1329
15d6
185e
1abd
1cf1
1ef5
20c5
225f
23c0
24e7
25d0
267a
26e5
270f
26f9
26a2
260c
2536
2423
22d4
214b
1f8b
1d97
1b72
1920
16a4
1403
1140
0e61
0b6a
0861
0549
0229
ff05
fbe2
f8c7
f5b7
f2b9
efd0
ed02
ea54
e7ca
e567
e331
e12a
df56
ddb9
dc54
db2a
da3d
d98f
d920
d8f2
d904
d956
d9e9
dabb
dbca
dd16
de9b
e057
e248
e46a
e6b9
e933
ebd2
ee93
f170
f466
f76e
fa85
fda5
00c9
03ec
0708
0a18
0d18
1002
12d2
1582
180f
1a74
1cad
1eb7
208e
222f
2397
24c5
25b6
2668
26db
270d
26ff
26b1
2622
2554
2448
2301
217f
1fc6
1dd9
1bba
196d
16f6
1459
119a
0ebf
0bca
08c3
05ad
028d
ff69
fc46
f92a
f618
f318
f02c
ed5b
eaa8
e819
e5b1
e375
e168
df8e
ddea
dc7d
db4c
da57
d9a1
d92a
d8f4
d8fe
d949
d9d3
da9d
dba5
dce9
de67
e01d
e207
e423
e66d
e8e2
eb7c
ee39
f113
f406
f70c
fa22
fd41
0065
0388
06a5
09b7
0cb9
0fa6
1279
152e
17bf
1a2a
1c68
1e78
2056
21fe
236e
24a3
259b
2655
26d0
270b
2705
26be
2637
2571
246d
232d
21b3
2000
1e19
1c00
19b9
1747
14ae
11f4
0f1b
0c2a
0925
0610
02f1
ffce
fcab
f98d
f67a
f377
f088
edb3
eafd
e869
e5fc
e3ba
e1a7
dfc6
de1b
dca8
db6f
da73
d9b4
d936
d8f7
d8f9
d93c
d9be
da81
db81
dcbd
de34
dfe3
e1c7
e3dd
e621
e891
eb27
ede0
f0b6
f3a6
f6ab
f9be
fcdd
0000
0323
0642
0955
0c5a
0f4a
1220
14d9
176f
19df
1c23
1e39
201d
21cc
2343
247f
257f
2642
26c4
2707
2709
26ca
264c
258d
2491
2358
21e5
203a
1e59
1c46
1a04
1797
1503
124d
0f78
0c89
0986
0673
0355
0032
fd0f
f9f0
f6db
f3d6
f0e5
ee0c
eb52
e8b9
e647
e400
e1e7
e000
de4d
dcd3
db93
da8f
d9c9
d942
d8fb
d8f5
d930
d9ab
da65
db5d
dc92
de02
dfaa
e188
e398
e5d6
e841
ead2
ed87
f05a
f347
f649
f95b
fc78
ff9b
02bf
05de
08f4
0bfa
0eed
11c7
1484
171e
1993
1bdd
1df9
1fe3
2199
2317
245b
2563
262d
26b7
2702
270c
26d6
265f
25a9
24b4
2383
2216
2072
1e98
1c8b
1a4f
17e7
1558
12a5
0fd4
0ce8
09e8
06d6
03ba
0097
fd73
fa53
f73d
f436
f141
ee66
eba7
e90a
e693
e446
e227
e03a
de81
dcff
dbb8
daac
d9de
d94f
d901
d8f3
d925
d998
da4a
db3b
dc69
ddd1
df72
e149
e353
e58c
e7f1
ea7e
ed2e
effe
f2e8
f5e8
f8f8
fc14
ff37
025b
057b
0892
0b9a
0e90
116d
142e
16cd
1947
1b96
1db8
1fa9
2165
22ea
2436
2545
2617
26aa
26fc
270e
26e0
2671
25c3
24d6
23ac
2247
20aa
1ed6
1ccf
1a99
1836
15ac
12fe
1030
0d47
0a49
0739
041e
00fb
fdd7
fab7
f79f
f496
f19f
eec0
ebfd
e95c
e6e0
e48e
e269
e075
deb5
dd2c
dbdd
daca
d9f4
d95e
d907
d8f1
d91b
d986
da30
db19
dc40
dda1
df3b
e10b
e30f
e543
e7a2
ea2a
ecd7
efa3
f28a
f587
f896
fbb0
fed2
01f6
0517
0830
0b3a
0e32
1113
13d8
167b
18fa
1b4f
1d77
1f6e
2131
22bd
2410
2527
2600
269b
26f5
2710
26e9
2683
25dc
24f7
23d5
2277
20e0
1f13
1d13
1ae2
1885
15ff
1355
108b
0da6
0aaa
079c
0482
0160
fe3c
fb1b
f802
f4f6
f1fc
ef1a
ec54
e9ae
e72d
e4d5
e2ab
e0b0
deea
dd5a
dc04
dae9
da0c
d96d
d90e
d8f0
d912
d975
da18
daf9
dc18
dd72
df05
e0ce
e2cc
e4fa
e754
e9d7
ec7f
ef47
f22b
f526
f833
fb4d
fe6e
0192
04b3
07cd
0ada
0dd5
10b9
1381
1629
18ac
1b06
1d34
1f32
20fb
228e
23e8
2507
25e8
268b
26ee
2710
26f2
2693
25f4
2517
23fc
22a6
2116
1f50
1d55
1b2b
18d3
1652
13ac
10e6
0e04
0b0a
07fe
04e5
01c4
fea0
fb7e
f864
f556
f25a
ef75
ecab
ea01
e77b
e51e
e2ed
e0ed
df20
dd89
dc2b
db09
da24
d97d
d917
d8f0
d90b
d965
da00
dad9
dbf0
dd43
decf
e092
e289
e4b1
e706
e985
ec28
eeed
f1ce
f4c6
f7d0
fae9
fe0a
012e
0450
076a
0a79
0d76
105d
1329
15d6
185e
1abd
1cf1
1ef5
20c5
225f
23c0
24e7
25d0
267a
26e5
270f
26f9
26a2
260c
2536
2423
22d4
214b
1f8b
1d97
1b72
1920
16a4
1403
1140
0e61
0b6a
0861
0549
0229
ff05
fbe2
f8c7
f5b7
f2b9
efd0
ed02
ea54
e7ca
e567
e331
e12a
df56
ddb9
dc54
db2a
da3d
d98f
d920
d8f2
d904
d956
d9e9
dabb
dbca
dd16
de9b
e057
e248
e46a
e6b9
e933
ebd2
ee93
f170
f466
f76e
fa85
fda5
00c9
03ec
0708
0a18
0d18
1002
12d2
1582
180f
1a74
1cad
1eb7
208e
222f
2397
24c5
25b6
2668
26db
270d
26ff
26b1
2622
2554
2448
2301
217f
1fc6
1dd9
1bba
196d
16f6
1459
119a
0ebf
0bca
08c3
05ad
028d
ff69
fc46
f92a
f618
f318
f02c
ed5b
eaa8
e819
e5b1
e375
e168
df8e
ddea
dc7d
db4c
da57
d9a1
d92a
d8f4
d8fe
d949
d9d3
da9d
dba5
dce9
de67
e01d
e207
e423
e66d
e8e2
eb7c
ee39
f113
f406
f70c
fa22
fd41
0065
0388
06a5
09b7
0cb9
0fa6
1279
152e
17bf
1a2a
1c68
1e78
2056
21fe
236e
24a3
259b
2655
26d0
270b
2705
26be
2637
2571
246d
232d
21b3
2000
1e19
1c00
19b9
1747
14ae
11f4
0f1b
0c2a
0925
0610
02f1
ffce
fcab
f98d
f67a
f377
f088
edb3
eafd
e869
e5fc
e3ba
e1a7
dfc6
de1b
dca8
db6f
da73
d9b4
d936
d8f7
d8f9
d93c
d9be
da81
db81
dcbd
de34
dfe3
e1c7
e3dd
e621
e891
eb27
ede0
f0b6
f3a6
f6ab
f9be
fcdd
0000
0323
0642
0955
0c5a
0f4a
1220
14d9
176f
19df
1c23
1e39
201d
21cc
2343
247f
257f
2642
26c4
2707
2709
26ca
264c
258d
2491
2358
21e5
203a
1e59
1c46
1a04
1797
1503
124d
0f78
0c89
0986
0673
0355
0032
fd0f
f9f0
f6db
f3d6
f0e5
ee0c
eb52
e8b9
e647
e400
e1e7
e000
de4d
dcd3
db93
da8f
d9c9
d942
d8fb
d8f5
d930
d9ab
da65
db5d
dc92
de02
dfaa
e188
e398
e5d6
e841
ead2
ed87
f05a
f347
f649
f95b
fc78
ff9b
02bf
05de
08f4
0bfa
0eed
11c7
1484
171e
1993
1bdd
1df9
1fe3
2199
2317
245b
2563
262d
26b7
2702
270c
26d6
265f
25a9
24b4
2383
2216
2072
1e98
1c8b
1a4f
17e7
1558
12a5
0fd4
0ce8
09e8
06d6
03ba
0097
fd73
fa53
f73d
f436
f141
ee66
eba7
e90a
e693
e446
e227
e03a
de81
dcff
dbb8
daac
d9de
d94f
d901
d8f3
d925
d998
da4a
db3b
dc69
ddd1
df72
e149
e353
e58c
e7f1
ea7e
ed2e
effe
f2e8
f5e8
f8f8
fc14
ff37
025b
057b
0892
0b9a
0e90
116d
142e
16cd
1947
1b96
1db8
1fa9
2165
22ea
2436
2545
2617
26aa
26fc
270e
26e0
2671
25c3
24d6
23ac
2247
20aa
1ed6
1ccf
1a99
1836
15ac
12fe
1030
0d47
0a49
0739
041e
00fb
fdd7
fab7
f79f
f496
f19f
eec0
ebfd
e95c
e6e0
e48e
e269
e075
deb5
dd2c
dbdd
daca
d9f4
d95e
d907
d8f1
d91b
d986
da30
db19
dc40
dda1
df3b
e10b
e30f
e543
e7a2
ea2a
ecd7
efa3
f28a
f587
f896
fbb0
fed2
01f6
0517
0830
0b3a
0e32
1113
13d8
167b
18fa
1b4f
1d77
1f6e
2131
22bd
2410
2527
2600
269b
26f5
2710
26e9
2683
25dc
24f7
23d5
2277
20e0
1f13
1d13
1ae2
1885
15ff
1355
108b
0da6
0aaa
079c
0482
0160
fe3c
fb1b
f802
f4f6
f1fc
ef1a
ec54
e9ae
e72d
e4d5
e2ab
e0b0
deea
dd5a
dc04
dae9
da0c
d96d
d90e
d8f0
d912
d975
da18
daf9
dc18
dd72
df05
e0ce
e2cc
e4fa
e754
e9d7
ec7f
ef47
f22b
f526
f833
fb4d
fe6e
0192
04b3
07cd
0ada
0dd5
10b9
1381
1629
18ac
1b06
1d34
1f32
20fb
228e
23e8
2507
25e8
268b
26ee
2710
26f2
2693
25f4
2517
23fc
22a6
2116
1f50
1d55
1b2b
18d3
1652
13ac
10e6
0e04
0b0a
07fe
04e5
01c4
fea0
fb7e
f864
f556
f25a
ef75
ecab
ea01
e77b
e51e
e2ed
e0ed
df20
dd89
dc2b
db09
da24
d97d
d917
d8f0
d90b
d965
da00
dad9
dbf0
dd43
decf
e092
e289
e4b1
e706
e985
ec28
eeed
f1ce
f4c6
f7d0
fae9
fe0a
012e
0450
076a
0a79
0d76
105d
1329
15d6
185e
1abd
1cf1
1ef5
20c5
225f
23c0
24e7
25d0
267a
26e5
270f
26f9
26a2
260c
2536
2423
22d4
214b
1f8b
1d97
1b72
1920
16a4
1403
1140
0e61
0b6a
0861
0549
0229
ff05
fbe2
f8c7
f5b7
f2b9
efd0
ed02
ea54
e7ca
e567
e331
e12a
df56
ddb9
dc54
db2a
da3d
d98f
d920
d8f2
d904
d956
d9e9
dabb
dbca
dd16
de9b
e057
e248
e46a
e6b9
e933
ebd2
ee93
f170
f466
f76e
fa85
fda5
00c9
03ec
0708
0a18
0d18
1002
12d2
1582
180f
1a74
1cad
1eb7
208e
222f
2397
24c5
25b6
2668
26db
270d
26ff
26b1
2622
2554
2448
2301
217f
1fc6
1dd9
1bba
196d
16f6
1459
119a
0ebf
0bca
08c3
05ad
028d
ff69
fc46
f92a
f618
f318
f02c
ed5b
eaa8
e819
e5b1
e375
e168
df8e
ddea
dc7d
db4c
da57
d9a1
d92a
d8f4
d8fe
d949
d9d3
da9d
dba5
dce9
de67
e01d
e207
e423
e66d
e8e2
eb7c
ee39
f113
f406
f70c
fa22
fd41
0065
0388
06a5
09b7
0cb9
0fa6
1279
152e
17bf
1a2a
1c68
1e78
2056
21fe
236e
24a3
259b
2655
26d0
270b
2705
26be
2637
2571
246d
232d
21b3
2000
1e19
1c00
19b9
1747
14ae
11f4
0f1b
0c2a
0925
0610
02f1
ffce
fcab
f98d
f67a
f377
f088
edb3
eafd
e869
e5fc
e3ba
e1a7
dfc6
de1b
dca8
db6f
da73
d9b4
d936
d8f7
d8f9
d93c
d9be
da81
db81
dcbd
de34
dfe3
e1c7
e3dd
e621
e891
eb27
ede0
f0b6
f3a6
f6ab
f9be
fcdd
0000
0323
0642
0955
0c5a
0f4a
1220
14d9
176f
19df
1c23
1e39
201d
21cc
2343
247f
257f
2642
26c4
2707
2709
26ca
264c
258d
2491
2358
21e5
203a
1e59
1c46
1a04
1797
1503
124d
0f78
0c89
0986
0673
0355
0032
fd0f
f9f0
f6db
f3d6
f0e5
ee0c
eb52
e8b9
e647
e400
e1e7
e000
de4d
dcd3
db93
da8f
d9c9
d942
d8fb
d8f5
d930
d9ab
da65
db5d
dc92
de02
dfaa
e188
e398
e5d6
e841
ead2
ed87
f05a
f347
f649
f95b
fc78
ff9b
02bf
05de
08f4
0bfa
0eed
11c7
1484
171e
1993
1bdd
1df9
1fe3
2199
2317
245b
2563
262d
26b7
2702
270c
26d6
265f
25a9
24b4
2383
2216
2072
1e98
1c8b
1a4f
17e7
1558
12a5
0fd4
0ce8
09e8
06d6
03ba
0097
fd73
fa53
f73d
f436
f141
ee66
eba7
e90a
e693
e446
e227
e03a
de81
dcff
dbb8
daac
d9de
d94f
d901
d8f3
d925
d998
da4a
db3b
dc69
ddd1
df72
e149
e353
e58c
e7f1
ea7e
ed2e
effe
f2e8
f5e8
f8f8
fc14
ff37
025b
057b
0892
0b9a
0e90
116d
142e
16cd
1947
1b96
1db8
1fa9
2165
22ea
2436
2545
2617
26aa
26fc
270e
26e0
2671
25c3
24d6
23ac
2247
20aa
1ed6
1ccf
1a99
1836
15ac
12fe
1030
0d47
0a49
0739
041e
00fb
fdd7
fab7
f79f
f496
f19f
eec0
ebfd
e95c
e6e0
e48e
e269
e075
deb5
dd2c
dbdd
daca
d9f4
d95e
d907
d8f1
d91b
d986
da30
db19
dc40
dda1
df3b
e10b
e30f
e543
e7a2
ea2a
ecd7
efa3
f28a
f587
f896
fbb0
fed2
01f6
0517
0830
0b3a
0e32
1113
13d8
167b
18fa
1b4f
1d77
1f6e
2131
22bd
2410
2527
2600
269b
26f5
2710
26e9
2683
25dc
24f7
23d5
2277
20e0
1f13
1d13
1ae2
1885
15ff
1355
108b
0da6
0aaa
079c
0482
0160
fe3c
fb1b
f802
f4f6
f1fc
ef1a
ec54
e9ae
e72d
e4d5
e2ab
e0b0
deea
dd5a
dc04
dae9
da0c
d96d
d90e
d8f0
d912
d975
da18
daf9
dc18
dd72
df05
e0ce
e2cc
e4fa
e754
e9d7
ec7f
ef47
f22b
f526
f833
fb4d
fe6e
0192
04b3
07cd
0ada
0dd5
10b9
1381
1629
18ac
1b06
1d34
1f32
20fb
228e
23e8
2507
25e8
268b
26ee
2710
26f2
2693
25f4
2517
23fc
22a6
2116
1f50
1d55
1b2b
18d3
1652
13ac
10e6
0e04
0b0a
07fe
04e5
01c4
fea0
fb7e
f864
f556
f25a
ef75
ecab
ea01
e77b
e51e
e2ed
e0ed
df20
dd89
dc2b
db09
da24
d97d
d917
d8f0
d90b
d965
da00
dad9
dbf0
dd43
decf
e092
e289
e4b1
e706
e985
ec28
eeed
f1ce
f4c6
f7d0
fae9
fe0a
012e
0450
076a
0a79
0d76
105d
1329
15d6
185e
1abd
1cf1
1ef5
20c5
225f
23c0
24e7
25d0
267a
26e5
270f
26f9
26a2
260c
2536
2423
22d4
214b
1f8b
1d97
1b72
1920
16a4
1403
1140
0e61
0b6a
0861
0549
0229
ff05
fbe2
f8c7
f5b7
f2b9
efd0
ed02
ea54
e7ca
e567
e331
e12a
df56
ddb9
dc54
db2a
da3d
d98f
d920
d8f2
d904
d956
d9e9
dabb
dbca
dd16
de9b
e057
e248
e46a
e6b9
e933
ebd2
ee93
f170
f466
f76e
fa85
fda5
00c9
03ec
0708
0a18
0d18
1002
12d2
1582
180f
1a74
1cad
1eb7
208e
222f
2397
24c5
25b6
2668
26db
270d
26ff
26b1
2622
2554
2448
2301
217f
1fc6
1dd9
1bba
196d
16f6
1459
119a
0ebf
0bca
08c3
05ad
028d
ff69
fc46
f92a
f618
f318
f02c
ed5b
eaa8
e819
e5b1
e375
e168
df8e
ddea
dc7d
db4c
da57
d9a1
d92a
d8f4
d8fe
d949
d9d3
da9d
dba5
dce9
de67
e01d
e207
e423
e66d
e8e2
eb7c
ee39
f113
f406
f70c
fa22
fd41
0065
0388
06a5
09b7
0cb9
0fa6
1279
152e
17bf
1a2a
1c68
1e78
2056
21fe
236e
24a3
259b
2655
26d0
270b
2705
26be
2637
2571
246d
232d
21b3
2000
1e19
1c00
19b9
1747
14ae
11f4
0f1b
0c2a
0925
0610
02f1
ffce
fcab
f98d
f67a
f377
f088
edb3
eafd
e869
e5fc
e3ba
e1a7
dfc6
de1b
dca8
db6f
da73
d9b4
d936
d8f7
d8f9
d93c
d9be
da81
db81
dcbd
de34
dfe3
e1c7
e3dd
e621
e891
eb27
ede0
f0b6
f3a6
f6ab
f9be
fcdd
0000
0323
0642
0955
0c5a
0f4a
1220
14d9
176f
19df
1c23
1e39
201d
21cc
2343
247f
257f
2642
26c4
2707
2709
26ca
264c
258d
2491
2358
21e5
203a
1e59
1c46
1a04
1797
1503
124d
0f78
0c89
0986
0673
0355
0032
fd0f
f9f0
f6db
f3d6
f0e5
ee0c
eb52
e8b9
e647
e400
e1e7
e000
de4d
dcd3
db93
da8f
d9c9
d942
d8fb
d8f5
d930
d9ab
da65
db5d
dc92
de02
dfaa
e188
e398
e5d6
e841
ead2
ed87
f05a
f347
f649
f95b
fc78
ff9b
02bf
05de
08f4
0bfa
0eed
11c7
1484
171e
1993
1bdd
1df9
1fe3
2199
2317
245b
2563
262d
26b7
2702
270c
26d6
265f
25a9
24b4
2383
2216
2072
1e98
1c8b
1a4f
17e7
1558
12a5
0fd4
0ce8
09e8
06d6
03ba
0097
fd73
fa53
f73d
f436
f141
ee66
eba7
e90a
e693
e446
e227
e03a
de81
dcff
dbb8
daac
d9de
d94f
d901
d8f3
d925
d998
da4a
db3b
dc69
ddd1
df72
e149
e353
e58c
e7f1
ea7e
ed2e
effe
f2e8
f5e8
f8f8
fc14
ff37
025b
057b
0892
0b9a
0e90
116d
142e
16cd
1947
1b96
1db8
1fa9
2165
22ea
2436
2545
2617
26aa
26fc
270e
26e0
2671
25c3
24d6
23ac
2247
20aa
1ed6
1ccf
1a99
1836
15ac
12fe
1030
0d47
0a49
0739
041e
00fb
fdd7
fab7
f79f
f496
f19f
eec0
ebfd
e95c
e6e0
e48e
e269
e075
deb5
dd2c
dbdd
daca
d9f4
d95e
d907
d8f1
d91b
d986
da30
db19
dc40
dda1
df3b
e10b
e30f
e543
e7a2
ea2a
ecd7
efa3
f28a
f587
f896
fbb0
fed2
01f6
0517
0830
0b3a
0e32
1113
13d8
167b
18fa
1b4f
1d77
1f6e
2131
22bd
2410
2527
2600
269b
26f5
2710
26e9
2683
25dc
24f7
23d5
2277
20e0
1f13
1d13
1ae2
1885
15ff
1355
108b
0da6
0aaa
079c
0482
0160
fe3c
fb1b
f802
f4f6
f1fc
ef1a
ec54
e9ae
e72d
e4d5
e2ab
e0b0
deea
dd5a
dc04
dae9
da0c
d96d
d90e
d8f0
d912
d975
da18
daf9
dc18
dd72
df05
e0ce
e2cc
e4fa
e754
e9d7
ec7f
ef47
f22b
f526
f833
fb4d
fe6e
0192
04b3
07cd
0ada
0dd5
10b9
1381
1629
18ac
1b06
1d34
1f32
20fb
228e
23e8
2507
25e8
268b
26ee
2710
26f2
2693
25f4
2517
23fc
22a6
2116
1f50
1d55
1b2b
18d3
1652
13ac
10e6
0e04
0b0a
07fe
04e5
01c4
fea0
fb7e
f864
f556
f25a
ef75
ecab
ea01
e77b
e51e
e2ed
e0ed
df20
dd89
dc2b
db09
da24
d97d
d917
d8f0
d90b
d965
da00
dad9
dbf0
dd43
decf
e092
e289
e4b1
e706
e985
ec28
eeed
f1ce
f4c6
f7d0
fae9
fe0a
012e
0450
076a
0a79
0d76
105d
1329
15d6
185e
1abd
1cf1
1ef5
20c5
225f
23c0
24e7
25d0
267a
26e5
270f
26f9
26a2
260c
2536
2423
22d4
214b
1f8b
1d97
1b72
1920
16a4
1403
1140
0e61
0b6a
0861
0549
0229
ff05
fbe2
f8c7
f5b7
f2b9
efd0
ed02
ea54
e7ca
e567
e331
e12a
df56
ddb9
dc54
db2a
da3d
d98f
d920
d8f2
d904
d956
d9e9
dabb
dbca
dd16
de9b
e057
e248
e46a
e6b9
e933
ebd2
ee93
f170
f466
f76e
fa85
fda5
00c9
03ec
0708
0a18
0d18
1002
12d2
1582
180f
1a74
1cad
1eb7
208e
222f
2397
24c5
25b6
2668
26db
270d
26ff
26b1
2622
2554
2448
2301
217f
1fc6
1dd9
1bba
196d
16f6
1459
119a
0ebf
0bca
08c3
05ad
028d
ff69
fc46
f92a
f618
f318
f02c
ed5b
eaa8
e819
e5b1
e375
e168
df8e
ddea
dc7d
db4c
da57
d9a1
d92a
d8f4
d8fe
d949
d9d3
da9d
dba5
dce9
de67
e01d
e207
e423
e66d
e8e2
eb7c
ee39
f113
f406
f70c
fa22
fd41
0065
0388
06a5
09b7
0cb9
0fa6
1279
152e
17bf
1a2a
1c68
1e78
2056
21fe
236e
24a3
259b
2655
26d0
270b
2705
26be
2637
2571
246d
232d
21b3
2000
1e19
1c00
19b9
1747
14ae
11f4
0f1b
0c2a
0925
0610
02f1
ffce
fcab
f98d
f67a
f377
f088
edb3
eafd
e869
e5fc
e3ba
e1a7
dfc6
de1b
dca8
db6f
da73
d9b4
d936
d8f7
d8f9
d93c
d9be
da81
db81
dcbd
de34
dfe3
e1c7
e3dd
e621
e891
eb27
ede0
f0b6
f3a6
f6ab
f9be
fcdd
0000
0323
0642
0955
0c5a
0f4a
1220
14d9
176f
19df
1c23
1e39
201d
21cc
2343
247f
257f
2642
26c4
2707
2709
26ca
264c
258d
2491
2358
21e5
203a
1e59
1c46
1a04
1797
1503
124d
0f78
0c89
0986
0673
0355
0032
fd0f
f9f0
f6db
f3d6
f0e5
ee0c
eb52
e8b9
e647
e400
e1e7
e000
de4d
dcd3
db93
da8f
d9c9
d942
d8fb
d8f5
d930
d9ab
da65
db5d
dc92
de02
dfaa
e188
e398
e5d6
e841
ead2
ed87
f05a
f347
f649
f95b
fc78
ff9b
02bf
05de
08f4
0bfa
0eed
11c7
1484
171e
1993
1bdd
1df9
1fe3
2199
2317
245b
2563
262d
26b7
2702
270c
26d6
265f
25a9
24b4
2383
2216
2072
1e98
1c8b
1a4f
17e7
1558
12a5
0fd4
0ce8
09e8
06d6
03ba
0097
fd73
fa53
f73d
f436
f141
ee66
eba7
e90a
e693
e446
e227
e03a
de81
dcff
dbb8
daac
d9de
d94f
d901
d8f3
d925
d998
da4a
db3b
dc69
ddd1
df72
e149
e353
e58c
e7f1
ea7e
ed2e
effe
f2e8
f5e8
f8f8
fc14
ff37
025b
057b
0892
0b9a
0e90
116d
142e
16cd
1947
1b96
1db8
1fa9
2165
22ea
2436
2545
2617
26aa
26fc
270e
26e0
2671
25c3
24d6
23ac
2247
20aa
1ed6
1ccf
1a99
1836
15ac
12fe
1030
0d47
0a49
0739
041e
00fb
fdd7
fab7
f79f
f496
f19f
eec0
ebfd
e95c
e6e0
e48e
e269
e075
deb5
dd2c
dbdd
daca
d9f4
d95e
d907
d8f1
d91b
d986
da30
db19
dc40
dda1
df3b
e10b
e30f
e543
e7a2
ea2a
ecd7
efa3
f28a
f587
f896
fbb0
fed2
01f6
0517
0830
0b3a
0e32
1113
13d8
167b
18fa
1b4f
1d77
1f6e
2131
22bd
2410
2527
2600
269b
26f5
2710
26e9
2683
25dc
24f7
23d5
2277
20e0
1f13
1d13
1ae2
1885
15ff
1355
108b
0da6
0aaa
079c
0482
0160
fe3c
fb1b
f802
f4f6
f1fc
ef1a
ec54
e9ae
e72d
e4d5
e2ab
e0b0
deea
dd5a
dc04
dae9
da0c
d96d
d90e
d8f0
d912
d975
da18
daf9
dc18
dd72
df05
e0ce
e2cc
e4fa
e754
e9d7
ec7f
ef47
f22b
f526
f833
fb4d
fe6e
0192
04b3
07cd
0ada
0dd5
10b9
1381
1629
18ac
1b06
1d34
1f32
20fb
228e
23e8
2507
25e8
268b
26ee
2710
26f2
2693
25f4
2517
23fc
22a6
2116
1f50
1d55
1b2b
18d3
1652
13ac
10e6
0e04
0b0a
07fe
04e5
01c4
fea0
fb7e
f864
f556
f25a
ef75
ecab
ea01
e77b
e51e
e2ed
e0ed
df20
dd89
dc2b
db09
da24
d97d
d917
d8f0
d90b
d965
da00
dad9
dbf0
dd43
decf
e092
e289
e4b1
e706
e985
ec28
eeed
f1ce
f4c6
f7d0
fae9
fe0a
012e
0450
076a
0a79
0d76
105d
1329
15d6
185e
1abd
1cf1
1ef5
20c5
225f
23c0
24e7
25d0
267a
26e5
270f
26f9
26a2
260c
2536
2423
22d4
214b
1f8b
1d97
1b72
1920
16a4
1403
1140
0e61
0b6a
0861
0549
0229
ff05
fbe2
f8c7
f5b7
f2b9
efd0
ed02
ea54
e7ca
e567
e331
e12a
df56
ddb9
dc54
db2a
da3d
d98f
d920
d8f2
d904
d956
d9e9
dabb
dbca
dd16
de9b
e057
e248
e46a
e6b9
e933
ebd2
ee93
f170
f466
f76e
fa85
fda5
00c9
03ec
0708
0a18
0d18
1002
12d2
1582
180f
1a74
1cad
1eb7
208e
222f
2397
24c5
25b6
2668
26db
270d
26ff
26b1
2622
2554
2448
2301
217f
1fc6
1dd9
1bba
196d
16f6
1459
119a
0ebf
0bca
08c3
05ad
028d
ff69
fc46
f92a
f618
f318
f02c
ed5b
eaa8
e819
e5b1
e375
e168
df8e
ddea
dc7d
db4c
da57
d9a1
d92a
d8f4
d8fe
d949
d9d3
da9d
dba5
dce9
de67
e01d
e207
e423
e66d
e8e2
eb7c
ee39
f113
f406
f70c
fa22
fd41
0065
0388
06a5
09b7
0cb9
0fa6
1279
152e
17bf
1a2a
1c68
1e78
2056
21fe
236e
24a3
259b
2655
26d0
270b
2705
26be
2637
2571
246d
232d
21b3
2000
1e19
1c00
19b9
1747
14ae
11f4
0f1b
0c2a
0925
0610
02f1
ffce
fcab
f98d
f67a
f377
f088
edb3
eafd
e869
e5fc
e3ba
e1a7
dfc6
de1b
dca8
db6f
da73
d9b4
d936
d8f7
d8f9
d93c
d9be
da81
db81
dcbd
de34
dfe3
e1c7
e3dd
e621
e891
eb27
ede0
f0b6
f3a6
f6ab
f9be
fcdd
0000
0323
0642
0955
0c5a
0f4a
1220
14d9
176f
19df
1c23
1e39
201d
21cc
2343
247f
257f
2642
26c4
2707
2709
26ca
264c
258d
2491
2358
21e5
203a
1e59
1c46
1a04
1797
1503
124d
0f78
0c89
0986
0673
0355
0032
fd0f
f9f0
f6db
f3d6
f0e5
ee0c
eb52
e8b9
e647
e400
e1e7
e000
de4d
dcd3
db93
da8f
d9c9
d942
d8fb
d8f5
d930
d9ab
da65
db5d
dc92
de02
dfaa
e188
e398
e5d6
e841
ead2
ed87
f05a
f347
f649
f95b
fc78
ff9b
02bf
05de
08f4
0bfa
0eed
11c7
1484
171e
1993
1bdd
1df9
1fe3
2199
2317
245b
2563
262d
26b7
2702
270c
26d6
265f
25a9
24b4
2383
2216
2072
1e98
1c8b
1a4f
17e7
1558
12a5
0fd4
0ce8
09e8
06d6
03ba
0097
fd73
fa53
f73d
f436
f141
ee66
eba7
e90a
e693
e446
e227
e03a
de81
dcff
dbb8
daac
d9de
d94f
d901
d8f3
d925
d998
da4a
db3b
dc69
ddd1
df72
e149
e353
e58c
e7f1
ea7e
ed2e
effe
f2e8
f5e8
f8f8
0000
0000
0000
0000
0000
0000
0000
0000
0000
0000
0000
0000
0000
0000
0000
0000
0000
0000
0000
0000
0000
0000
0000
0000
0000
0000
0000
0000
0000
0000
0000
0000
0000
0000
0000
0000
0000
0000
0000
0000
0000
0000
0000
0000
0000
0000
0000
0000
0000
0000
0000
0000
0000
0000
0000
0000
0000
0000
0000
0000
0000
0000
0000
0000
0000
0000
0000
0000
0000
0000
0000
0000
0000
0000
0000
0000
0000
0000
0000
0000
0000
0000
0000
0000
0000
0000
0000
0000
0000
0000
0000
0000
0000
0000
0000
0000
0000
0000
0000
0000
0000
0000
0000
0000
0000
0000
0000
0000
0000
0000
0000
0000
0000
0000
0000
0000
0000
0000
0000
0000
0000
0000
0000
0000
0000
0000
0000
0000
0000
0000
0000
0000
0000
0000
0000
0000
0000
0000
0000
0000
0000
0000
0000
0000
0000
0000
0000
0000
0000
0000
0000
0000
0000
0000
0000
0000
0000
0000
0000
0000
0000
0000
0000
0000
0000
0000
0000
0000
0000
0000
0000
0000
0000
0000
0000
0000
0000
0000
0000
0000
0000
0000
0000
0000
0000
0000
0000
0000
0000
0000
0000
0000
0000
0000
0000
0000
0000
0000
0000
0000
0000
08cf
112a
18a3
1ed6
2373
263d
270e
25dc
22b6
1dc7
174f
0fa3
072a
fe52
f590
ed57
e615
e029
dbe0
d974
d905
da97
de18
e357
ea10
f1eb
fa7f
035c
0c0d
141e
1b27
20c9
24bb
26c8
26d6
24e4
210b
1b7e
1487
0c80
03d5
faf8
f25d
ea75
e3aa
de55
dabb
d90d
d961
dbb3
dfe3
e5ba
eced
f51a
fdd8
06b2
0f33
16ed
1d77
227e
25bd
270a
2655
23a6
1f21
1901
1197
0946
007a
f7a8
ef44
e7bc
e175
dcc1
d9dd
d8f0
da07
dd13
e1eb
e850
efed
f85f
0135
09fb
123d
198f
1f90
23f1
2677
2702
258b
2224
1cfb
1654
0e87
05f9
fd1d
f467
ec4a
e531
df7a
db6f
d947
d91e
daf5
deb5
e42c
eb12
f30c
fbb1
048f
0d31
1525
1c01
216d
2520
26e8
26b0
247a
2062
1a9f
137d
0b5a
02a2
f9c6
f13d
e976
e2d9
ddbc
da63
d8fb
d994
dc29
e096
e6a2
edfc
f644
ff0c
07e1
104e
17e4
1e3e
230a
2608
2710
2615
2323
1e62
1811
1082
0819
ff45
f67b
ee2f
e6cd
e0b8
dc40
d99f
d8f8
da54
dda1
e2b3
e948
f108
f98e
0269
0b24
134c
1a76
2042
2465
26a8
26ed
2531
218a
1c29
1554
0d66
04c8
fbea
f342
eb42
e454
ded3
db07
d923
d940
db5b
df5a
e508
ec19
f431
fce5
05c1
0e52
1626
1cd5
2209
257b
26ff
2681
2407
1fb2
19ba
1270
0a32
016d
f896
f021
e87d
e20f
dd2c
da15
d8f1
d9d1
dca8
e152
e790
ef10
f770
0041
090e
1164
18d5
1efe
238e
264a
270c
25cb
2298
1d9d
171b
0f68
06ea
fe11
f551
ed1e
e5e5
e003
dbc8
d96a
d909
daaa
de38
e383
ea46
f227
fabf
039d
0c4b
1456
1b55
20ec
24d1
26d0
26cf
24ce
20e8
1b50
144f
0c43
0395
fab7
f220
ea3f
e37e
de34
daa8
d909
d96b
dbcb
e008
e5eb
ed25
f559
fe19
06f2
0f6f
1721
1da2
229c
25cd
270c
2648
238b
1ef9
18cf
115d
0907
0039
f768
ef09
e789
e14d
dca5
d9cf
d8f1
da17
dd30
e214
e884
f029
f89e
0176
0a3a
1277
19c0
1fb6
240a
2682
26ff
2579
2205
1cd0
161f
0e4a
05b9
fcdd
f429
ec12
e502
df56
db59
d93f
d924
db0a
ded7
e45a
eb49
f34a
fbf2
04d0
0d6e
155b
1c2f
218e
2534
26ee
26a7
2462
203e
1a70
1345
0b1c
0261
f986
f101
e941
e2ae
dd9d
da52
d8f8
d9a0
dc43
e0bd
e6d4
ee36
f683
ff4d
0821
1089
1817
1e67
2327
2617
2710
2606
2307
1e39
17dd
1047
07d9
ff04
f63c
edf5
e69c
e091
dc26
d993
d8fb
da66
ddc0
e2df
e97d
f145
f9ce
02aa
0b62
1384
1aa5
2067
247d
26b1
26e8
251d
2169
1bfc
151e
0d29
0487
fba9
f305
eb0b
e426
deb1
daf2
d91d
d948
db72
df7e
e537
ec51
f46f
fd25
0601
0e8e
165b
1d01
2228
258d
2703
2676
23ed
1f8b
1989
1236
09f3
012d
f857
efe6
e849
e1e6
dd0f
da05
d8f0
d9df
dcc4
e17a
e7c3
ef4b
f7b0
0082
094e
119f
1907
1f26
23a9
2656
270a
25bb
227a
1d72
16e6
0f2c
06aa
fdd0
f513
ece5
e5b4
dfde
dbb0
d960
d90e
dabe
de59
e3b0
ea7c
f264
fb00
03de
0c88
148d
1b84
210f
24e6
26d7
26c7
24b8
20c5
1b21
1418
0c05
0354
fa77
f1e3
ea09
e351
de13
da95
d904
d976
dbe3
e02d
e61b
ed5e
f597
fe5a
0732
0fab
1755
1dcc
22ba
25de
270e
263b
2370
1ed1
189c
1123
08c7
fff8
f729
eecf
e757
e125
dc89
d9c2
d8f2
da26
dd4e
e23e
e8b8
f064
f8de
01b7
0a78
12b0
19f1
1fdc
2423
268d
26fb
2566
21e4
1ca4
15e9
0e0e
0579
fc9c
f3eb
ebdb
e4d3
df32
db42
d937
d92b
db1f
defa
e488
eb80
f387
fc33
0510
0dab
1591
1c5b
21af
2547
26f3
269d
244a
2019
1a40
130c
0ade
0220
f946
f0c5
e90d
e283
dd7f
da41
d8f5
d9ad
dc5d
e0e4
e705
ee70
f6c2
ff8e
0860
10c4
184a
1e90
2343
2625
270f
25f7
22ea
1e10
17aa
100b
0799
fec3
f5fd
edbb
e66b
e06b
dc0c
d987
d8fe
da77
dde0
e30a
e9b2
f181
fa0f
02eb
0ba0
13bd
1ad5
208b
2494
26ba
26e2
2508
2147
1bce
14e7
0cec
0447
fb69
f2c7
ead5
e3f9
de8f
dade
d917
d951
db89
dfa2
e567
ec8a
f4ad
fd66
0642
0eca
1690
1d2c
2248
259f
2706
266a
23d4
1f65
1958
11fd
09b4
00ec
f817
efab
e816
e1bc
dcf2
d9f6
d8f0
d9ed
dce0
e1a3
e7f6
ef86
f7ef
00c3
098d
11d8
1939
1f4d
23c4
2663
2708
25aa
225b
1d47
16b1
0ef0
066a
fd8f
f4d4
ecad
e584
dfb9
db98
d957
d913
dad1
de7a
e3dd
eab2
f2a1
fb40
041e
0cc6
14c5
1bb2
2132
24fc
26de
26bf
24a2
20a1
1af2
13e0
0bc7
0313
fa37
f1a7
e9d4
e325
ddf3
da83
d900
d980
dbfc
e053
e64c
ed98
f5d6
fe9b
0772
0fe6
1789
1df6
22d7
25ed
270f
262d
2354
1ea9
186a
10e8
0888
ffb7
f6ea
ee94
e725
e0fd
dc6e
d9b5
d8f4
da37
dd6c
e269
e8ec
f0a0
f91e
01f8
0ab7
12e9
1a22
2001
243b
2697
26f6
2553
21c4
1c77
15b3
0dd1
0538
fc5b
f3ae
eba3
e4a5
df0f
db2c
d92f
d932
db35
df1c
e4b6
ebb8
f3c5
fc73
0551
0de8
15c8
1c88
21d0
255a
26f8
2693
2432
1ff3
1a0f
12d4
0a9f
01df
f906
f089
e8d8
e259
dd60
da31
d8f3
d9b9
dc78
e10c
e737
eeaa
f701
ffcf
08a0
10fe
187d
1eb8
235f
2633
270f
25e7
22cc
1de6
1776
0fd0
075a
fe82
f5bf
ed82
e63a
e045
dbf3
d97c
d902
da8a
ddff
e336
e9e8
f1bd
fa4f
032c
0bde
13f5
1b04
20af
24aa
26c2
26db
24f4
2125
1ba0
14b0
0caf
0406
fb28
f28a
ea9e
e3cc
de6d
daca
d911
d95a
dba1
dfc7
e596
ecc2
f4ec
fda7
0682
0f07
16c5
1d57
2267
25b0
2709
265e
23ba
1f3e
1926
11c3
0975
00ab
f7d7
ef70
e7e3
e193
dcd6
d9e8
d8f0
d9fc
dcfd
e1cc
e829
efc1
f82f
0104
09cc
1212
196a
1f73
23dd
266f
2705
2598
223c
1d1c
167c
0eb4
062a
fd4e
f496
ec74
e555
df95
db80
d94e
d919
dae6
de9c
e40a
eae9
f2de
fb81
045f
0d03
14fc
1bdf
2154
2510
26e4
26b7
248b
207d
1ac3
13a8
0b89
02d2
f9f6
f16a
e99e
e2fa
ddd4
da71
d8fd
d98c
dc16
e079
e67d
edd1
f615
fedc
07b1
1022
17bd
1e20
22f5
25fd
2710
261f
2338
1e81
1837
10ae
0848
ff76
f6aa
ee5a
e6f3
e0d6
dc54
d9a8
d8f6
da47
dd8a
e293
e921
f0dc
f95e
0238
0af5
1322
1a52
2027
2453
26a1
26f1
2540
21a3
1c4b
157d
0d94
04f8
fc1a
f370
eb6c
e476
deed
db17
d928
d93a
db4b
df40
e4e5
ebef
f403
fcb4
0591
0e24
15fd
1cb4
21f1
256d
26fc
2689
241a
1fce
19df
129a
0a61
019e
f8c6
f04e
e8a4
e22f
dd42
da20
d8f2
d9c7
dc94
e134
e76a
eee4
f741
0010
08df
1139
18af
1ee0
237a
2640
270d
25d8
22af
1dbc
1742
0f95
071a
fe41
f580
ed49
e609
e01f
dbda
d972
d906
da9c
de20
e362
ea1e
f1fa
fa8f
036c
0c1c
142c
1b33
20d2
24c0
26ca
26d4
24de
2102
1b72
1479
0c71
03c5
fae8
f24d
ea68
e39f
de4c
dab6
d90c
d964
dbb9
dfec
e5c6
ecfb
f52a
fde8
06c2
0f42
16fa
1d82
2285
25c1
270b
2652
239f
1f17
18f4
1189
0936
006a
f798
ef35
e7b0
e16b
dcba
d9d9
d8f1
da0b
dd1a
e1f5
e85d
effc
f86f
0145
0a0b
124c
199c
1f9a
23f7
267a
2701
2586
221c
1cf1
1647
0e78
05e9
fd0d
f458
ec3c
e525
df71
db6a
d945
d91f
dafa
debd
e437
eb20
f31c
fbc2
049f
0d40
1532
1c0d
2175
2525
26ea
26ae
2474
2059
1a93
136f
0b4b
0292
f9b6
f12e
e969
e2ce
ddb4
da5f
d8fa
d997
dc2f
e0a0
e6ae
ee0b
f654
ff1d
07f1
105d
17f1
1e49
2311
260c
2710
2611
231c
1e58
1804
1073
0809
ff35
f66b
ee20
e6c1
e0af
dc39
d99c
d8f9
da58
dda9
e2be
e955
f118
f99e
0279
0b34
135a
1a82
204b
246b
26ab
26ec
252c
2182
1c1e
1547
0d57
04b8
fbda
f333
eb34
e449
deca
db02
d921
d942
db61
df63
e514
ec27
f441
fcf5
05d1
0e61
1633
1ce0
2211
2580
2700
267e
2400
1fa8
19ae
1261
0a22
015d
f886
f012
e870
e205
dd25
da11
d8f1
d9d4
dcaf
e15c
e79d
ef1f
f780
0051
091e
1173
18e2
1f08
2395
264d
270c
25c7
2291
1d92
170d
0f59
06da
fe00
f541
ed10
e5d8
dffa
dbc2
d968
d90a
daaf
de40
e38e
ea54
f237
fad0
03ad
0c5a
1464
1b61
20f5
24d6
26d2
26cd
24c9
20df
1b44
1441
0c33
0385
faa7
f211
ea32
e372
de2c
daa3
d908
d96e
dbd1
e011
e5f7
ed34
f568
fe29
0702
0f7e
172e
1dad
22a3
25d2
270d
2645
2384
1eef
18c2
114f
08f7
0029
f758
eefa
e77d
e143
dc9e
d9cc
d8f2
da1a
dd37
e21f
e891
f037
f8ae
0186
0a49
1285
19cd
1fc0
2410
2685
26fe
2574
21fd
1cc5
1611
0e3b
05a9
fccc
f41a
ec04
e4f6
df4d
db53
d93d
d926
db0f
dee0
e465
eb57
f359
fc02
04e0
0d7d
1569
1c3a
2197
2538
26ef
26a5
245c
2034
1a64
1337
0b0d
0251
f976
f0f2
e934
e2a3
dd96
da4e
d8f7
d9a3
dc4a
e0c7
e6e0
ee44
0000
0000
0000
0000
0000
0000
0000
0000
0000
0000
0000
0000
0000
0000
0000
0000
0000
0000
0000
0000
0000
0000
0000
0000
0000
0000
0000
0000
0000
0000
0000
0000
0000
0000
0000
0000
0000
0000
0000
0000
0000
0000
0000
0000
0000
0000
0000
0000
0000
0000
0000
0000
0000
0000
0000
0000
0000
0000
0000
0000
0000
0000
0000
0000
0000
0000
0000
0000
0000
0000
0000
0000
0000
0000
0000
0000
0000
0000
0000
0000
0000
0000
0000
0000
0000
0000
0000
0000
0000
0000
0000
0000
0000
0000
0000
0000
0000
0000
0000
0000
0000
0000
0000
0000
0000
0000
0000
0000
0000
0000
0000
0000
0000
0000
0000
0000
0000
0000
0000
0000
0000
0000
0000
0000
0000
0000
0000
0000
0000
0000
0000
0000
0000
0000
0000
0000
0000
0000
0000
0000
0000
0000
0000
0000
0000
0000
0000
0000
0000
0000
0000
0000
0000
0000
0000
0000
0000
0000
0000
0000
0000
0000
0000
0000
0000
0000
0000
0000
0000
0000
0000
0000
0000
0000
0000
0000
0000
0000
0000
0000
0000
0000
0000
0000
0000
0000
0000
0000
0000
0000
0000
0000
0000
0000
0000
0000
0000
0000
0000
0000
0000
176f
257f
2491
1503
fd0f
e647
d9c9
dc92
ed87
05de
1bdd
26b7
2216
0fd4
f73d
e227
d901
df72
f2e8
0b9a
1fa9
270e
1ed6
0a49
f19f
deb5
d91b
e30f
f896
1113
22bd
2683
1ae2
0482
ec54
dc04
da18
e754
fe6e
1629
2507
2517
1652
fea0
e77b
da24
dbf0
ec28
0450
1abd
267a
22d4
1140
f8c7
e331
d920
de9b
f170
0a18
1eb7
270d
1fc6
0bca
f318
df8e
d8fe
e207
f70c
0fa6
21fe
26be
1c00
0610
edb3
dca8
d9be
e621
fcdd
14d9
247f
258d
1797
0032
e8b9
da8f
db5d
ead2
02bf
1993
262d
2383
12a5
fa53
e446
d94f
ddd1
effe
0892
1db8
26fc
20aa
0d47
f496
e075
d8f1
e10b
f587
0e32
2131
26e9
1d13
079c
ef1a
dd5a
d975
e4fa
fb4d
1381
23e8
25f4
18d3
01c4
ea01
db09
dad9
e985
012e
185e
25d0
2423
1403
fbe2
e567
d98f
dd16
ee93
0708
1cad
26db
217f
0ebf
f618
e168
d8f4
e01d
f406
0cb9
2056
2705
1e19
0925
f088
de1b
d93c
e3dd
f9be
1220
2343
264c
1a04
0355
eb52
db93
da65
e841
ff9b
171e
2563
24b4
1558
fd73
e693
d9de
dc69
ed2e
057b
1b96
26aa
2247
1030
f79f
e269
d907
df3b
f28a
0b3a
1f6e
2710
1f13
0aaa
f1fc
deea
d912
e2cc
f833
10b9
228e
2693
1b2b
04e5
ecab
dc2b
da00
e706
fe0a
15d6
24e7
2536
16a4
ff05
e7ca
da3d
dbca
ebd2
03ec
1a74
2668
2301
119a
f92a
e375
d92a
de67
f113
09b7
1e78
270b
2000
0c2a
f377
dfc6
d8f9
e1c7
f6ab
0f4a
21cc
26ca
1c46
0673
ee0c
dcd3
d9ab
e5d6
fc78
1484
245b
25a9
17e7
0097
e90a
daac
db3b
ea7e
025b
1947
2617
23ac
12fe
fab7
e48e
d95e
dda1
efa3
0830
1d77
26f5
20e0
0da6
f4f6
e0b0
d8f0
e0ce
f526
0dd5
20fb
26f2
1d55
07fe
ef75
dd89
d965
e4b1
fae9
1329
23c0
260c
1920
0229
ea54
db2a
dabb
e933
00c9
180f
25b6
2448
1459
fc46
e5b1
d9a1
dce9
ee39
06a5
1c68
26d0
21b3
0f1b
f67a
e1a7
d8f7
dfe3
f3a6
0c5a
201d
2709
1e59
0986
f0e5
de4d
d930
e398
f95b
11c7
2317
265f
1a4f
03ba
eba7
dbb8
da4a
e7f1
ff37
16cd
2545
24d6
15ac
fdd7
e6e0
d9f4
dc40
ecd7
0517
1b4f
269b
2277
108b
f802
e2ab
d90e
df05
f22b
0ada
1f32
2710
1f50
0b0a
f25a
df20
d90b
e289
f7d0
105d
225f
26a2
1b72
0549
ed02
dc54
d9e9
e6b9
fda5
1582
24c5
2554
16f6
ff69
e819
da57
dba5
eb7c
0388
1a2a
2655
232d
11f4
f98d
e3ba
d936
de34
f0b6
0955
1e39
2707
203a
0c89
f3d6
e000
d8f5
e188
f649
0eed
2199
26d6
1c8b
06d6
ee66
dcff
d998
e58c
fc14
142e
2436
25c3
1836
00fb
e95c
daca
db19
ea2a
01f6
18fa
2600
23d5
1355
fb1b
e4d5
d96d
dd72
ef47
07cd
1d34
26ee
2116
0e04
f556
e0ed
d8f0
e092
f4c6
0d76
20c5
26f9
1d97
0861
efd0
ddb9
d956
e46a
fa85
12d2
2397
2622
196d
028d
eaa8
db4c
da9d
e8e2
0065
17bf
259b
246d
14ae
fcab
e5fc
d9b4
dcbd
ede0
0642
1c23
26c4
21e5
0f78
f6db
e1e7
d8fb
dfaa
f347
0bfa
1fe3
270c
1e98
09e8
f141
de81
d925
0000
0000
0000
0000
0000
0000
0000
0000
0000
0000
0000
0000
0000
0000
0000
0000
0000
0000
0000
0000
0000
0000
0000
0000
0000
0000
0000
0000
0000
0000
0000
0000
0000
0000
0000
0000
0000
0000
0000
0000
0000
0000
0000
0000
0000
0000
0000
0000
0000
0000
0000
0000
0000
0000
0000
0000
0000
0000
0000
0000
0000
0000
0000
0000
0000
0000
0000
0000
0000
0000
0000
0000
0000
0000
0000
0000
0000
0000
0000
0000
0000
0000
0000
0000
0000
0000
0000
0000
0000
0000
0000
0000
0000
0000
0000
0000
0000
0000
0000
0000
0000
0000
0000
0000
0000
0000
0000
0000
0000
0000
0000
0000
0000
0000
0000
0000
0000
0000
0000
0000
0000
0000
0000
0000
0000
0000
0000
0000
0000
0000
0000
0000
0000
0000
0000
0000
0000
0000
0000
0000
0000
0000
0000
0000
0000
0000
0000
0000
0000
0000
0000
0000
0000
0000
0000
0000
0000
0000
0000
0000
0000
0000
0000
0000
0000
0000
0000
0000
0000
0000
0000
0000
0000
0000
0000
0000
0000
0000
0000
0000
0000
0000
0000
0000
0000
0000
0000
0000
0000
0000
0000
0000
0000
0000
0000
0000
0000
0000
0000
0000
0000
257f
1503
e647
dc92
05de
26b7
0fd4
e227
df72
0b9a
270e
0a49
deb5
e30f
1113
2683
0482
dc04
e754
1629
2517
fea0
da24
ec28
1abd
22d4
f8c7
d920
f170
1eb7
1fc6
f318
d8fe
f70c
21fe
1c00
edb3
d9be
fcdd
247f
1797
e8b9
db5d
02bf
262d
12a5
e446
ddd1
0892
26fc
0d47
e075
e10b
0e32
26e9
079c
dd5a
e4fa
1381
25f4
01c4
db09
e985
185e
2423
fbe2
d98f
ee93
1cad
217f
f618
d8f4
f406
2056
1e19
f088
d93c
f9be
2343
1a04
eb52
da65
ff9b
2563
1558
e693
dc69
057b
26aa
1030
e269
df3b
0b3a
2710
0aaa
deea
e2cc
10b9
2693
04e5
dc2b
e706
15d6
2536
ff05
da3d
ebd2
1a74
2301
f92a
d92a
f113
1e78
2000
f377
d8f9
f6ab
21cc
1c46
ee0c
d9ab
fc78
245b
17e7
e90a
db3b
025b
2617
12fe
e48e
dda1
0830
26f5
0da6
e0b0
e0ce
0dd5
26f2
07fe
dd89
e4b1
1329
260c
0229
db2a
e933
180f
2448
fc46
d9a1
ee39
1c68
21b3
f67a
d8f7
f3a6
201d
1e59
f0e5
d930
f95b
2317
1a4f
eba7
da4a
ff37
2545
15ac
e6e0
dc40
0517
269b
108b
e2ab
df05
0ada
2710
0b0a
df20
e289
105d
26a2
0549
dc54
e6b9
1582
2554
ff69
da57
eb7c
1a2a
232d
f98d
d936
f0b6
1e39
203a
f3d6
d8f5
f649
2199
1c8b
ee66
d998
fc14
2436
1836
e95c
db19
01f6
2600
1355
e4d5
dd72
07cd
26ee
0e04
e0ed
e092
0d76
26f9
0861
ddb9
e46a
12d2
2622
028d
db4c
e8e2
17bf
246d
fcab
d9b4
ede0
1c23
21e5
f6db
d8fb
f347
1fe3
1e98
f141
