Copyright 1986-2020 Xilinx, Inc. All Rights Reserved.
------------------------------------------------------------------------------------
| Tool Version : Vivado v.2020.1 (lin64) Build 2902540 Wed May 27 19:54:35 MDT 2020
| Date         : Mon Sep 14 15:40:27 2026
| Host         : facu-edge running 64-bit Ubuntu 24.04.4 LTS
| Command      : report_timing_summary -file out/post_route_timing_summary.rpt
| Design       : red_pitaya_top
| Device       : 7z010-clg400
| Speed File   : -1  PRODUCTION 1.12 2019-11-22
------------------------------------------------------------------------------------

Timing Summary Report

------------------------------------------------------------------------------------------------
| Timer Settings
| --------------
------------------------------------------------------------------------------------------------

  Enable Multi Corner Analysis               :  Yes
  Enable Pessimism Removal                   :  Yes
  Pessimism Removal Resolution               :  Nearest Common Node
  Enable Input Delay Default Clock           :  No
  Enable Preset / Clear Arcs                 :  No
  Disable Flight Delays                      :  No
  Ignore I/O Paths                           :  No
  Timing Early Launch at Borrowing Latches   :  No
  Borrow Time for Max Delay Exceptions       :  Yes
  Merge Timing Exceptions                    :  Yes

  Corner  Analyze    Analyze    
  Name    Max Paths  Min Paths  
  ------  ---------  ---------  
  Slow    Yes        Yes        
  Fast    Yes        Yes        



check_timing report

Table of Contents
-----------------
1. checking no_clock (0)
2. checking constant_clock (0)
3. checking pulse_width_clock (0)
4. checking unconstrained_internal_endpoints (0)
5. checking no_input_delay (17)
6. checking no_output_delay (40)
7. checking multiple_clock (0)
8. checking generated_clocks (0)
9. checking loops (0)
10. checking partial_input_delay (0)
11. checking partial_output_delay (0)
12. checking latch_loops (0)

1. checking no_clock (0)
------------------------
 There are 0 register/latch pins with no clock.


2. checking constant_clock (0)
------------------------------
 There are 0 register/latch pins with constant_clock.


3. checking pulse_width_clock (0)
---------------------------------
 There are 0 register/latch pins which need pulse_width check


4. checking unconstrained_internal_endpoints (0)
------------------------------------------------
 There are 0 pins that are not constrained for maximum delay.

 There are 0 pins that are not constrained for maximum delay due to constant clock.


5. checking no_input_delay (17)
-------------------------------
 There are 17 input ports with no input delay specified. (HIGH)

 There are 0 input ports with no input delay but user has a false path constraint.


6. checking no_output_delay (40)
--------------------------------
 There are 39 ports with no output delay specified. (HIGH)

 There are 0 ports with no output delay but user has a false path constraint

 There is 1 port with no output delay but with a timing clock defined on it or propagating through it (LOW)


7. checking multiple_clock (0)
------------------------------
 There are 0 register/latch pins with multiple clocks.


8. checking generated_clocks (0)
--------------------------------
 There are 0 generated clocks that are not connected to a clock source.


9. checking loops (0)
---------------------
 There are 0 combinational loops in the design.


10. checking partial_input_delay (0)
------------------------------------
 There are 0 input ports with partial input delay specified.


11. checking partial_output_delay (0)
-------------------------------------
 There are 0 ports with partial output delay specified.


12. checking latch_loops (0)
----------------------------
 There are 0 combinational latch loops in the design through latch input



------------------------------------------------------------------------------------------------
| Design Timing Summary
| ---------------------
------------------------------------------------------------------------------------------------

    WNS(ns)      TNS(ns)  TNS Failing Endpoints  TNS Total Endpoints      WHS(ns)      THS(ns)  THS Failing Endpoints  THS Total Endpoints     WPWS(ns)     TPWS(ns)  TPWS Failing Endpoints  TPWS Total Endpoints  
    -------      -------  ---------------------  -------------------      -------      -------  ---------------------  -------------------     --------     --------  ----------------------  --------------------  
     -8.913    -3073.373                   1771                30481        0.049        0.000                      0                30433        1.020        0.000                       0                 12598  


Timing constraints are not met.


------------------------------------------------------------------------------------------------
| Clock Summary
| -------------
------------------------------------------------------------------------------------------------

Clock                                  Waveform(ns)         Period(ns)      Frequency(MHz)
-----                                  ------------         ----------      --------------
adc_clk                                {0.000 4.000}        8.000           125.000         
  clk_fb                               {0.000 4.000}        8.000           125.000         
  pll_dac_clk_1x                       {0.000 4.000}        8.000           125.000         
  pll_dac_clk_2p                       {-0.500 1.500}       4.000           250.000         
  pll_dac_clk_2x                       {0.000 2.000}        4.000           250.000         
clk_fpga_0                             {0.000 4.000}        8.000           125.000         
clk_fpga_1                             {0.000 2.000}        4.000           250.000         
clk_fpga_2                             {0.000 10.000}       20.000          50.000          
clk_fpga_3                             {0.000 2.500}        5.000           200.000         
dac_clk_o                              {0.000 4.000}        8.000           125.000         
daisy_clk                              {0.000 4.000}        8.000           125.000         
system_wrapper_i/clk_gen/inst/clk_in1  {0.000 4.000}        8.000           125.000         
  clk_125_system_clk_gen_0             {0.000 4.000}        8.000           125.000         
  clk_200_system_clk_gen_0             {0.000 2.000}        4.000           250.000         
  clkfbout_system_clk_gen_0            {0.000 4.000}        8.000           125.000         


------------------------------------------------------------------------------------------------
| Intra Clock Table
| -----------------
------------------------------------------------------------------------------------------------

Clock                                      WNS(ns)      TNS(ns)  TNS Failing Endpoints  TNS Total Endpoints      WHS(ns)      THS(ns)  THS Failing Endpoints  THS Total Endpoints     WPWS(ns)     TPWS(ns)  TPWS Failing Endpoints  TPWS Total Endpoints  
-----                                      -------      -------  ---------------------  -------------------      -------      -------  ---------------------  -------------------     --------     --------  ----------------------  --------------------  
adc_clk                                                                                                                                                                                  2.000        0.000                       0                     1  
  clk_fb                                                                                                                                                                                 6.751        0.000                       0                     2  
  pll_dac_clk_1x                             0.611        0.000                      0                   45        0.110        0.000                      0                   45        3.500        0.000                       0                    47  
  pll_dac_clk_2p                                                                                                                                                                         1.845        0.000                       0                     3  
  pll_dac_clk_2x                                                                                                                                                                         1.845        0.000                       0                     3  
clk_fpga_2                                   7.555        0.000                      0                 3776        0.066        0.000                      0                 3776        9.020        0.000                       0                  1678  
daisy_clk                                    5.672        0.000                      0                   11        0.142        0.000                      0                   11        3.500        0.000                       0                    14  
system_wrapper_i/clk_gen/inst/clk_in1                                                                                                                                                    2.000        0.000                       0                     1  
  clk_125_system_clk_gen_0                  -8.913    -3071.809                   1754                23324        0.049        0.000                      0                23324        2.750        0.000                       0                  9629  
  clk_200_system_clk_gen_0                  -0.130       -1.564                     17                 2660        0.052        0.000                      0                 2660        1.020        0.000                       0                  1217  
  clkfbout_system_clk_gen_0                                                                                                                                                              5.845        0.000                       0                     3  


------------------------------------------------------------------------------------------------
| Inter Clock Table
| -----------------
------------------------------------------------------------------------------------------------

From Clock                To Clock                      WNS(ns)      TNS(ns)  TNS Failing Endpoints  TNS Total Endpoints      WHS(ns)      THS(ns)  THS Failing Endpoints  THS Total Endpoints  
----------                --------                      -------      -------  ---------------------  -------------------      -------      -------  ---------------------  -------------------  
clk_125_system_clk_gen_0  pll_dac_clk_1x                  0.489        0.000                      0                   29        0.371        0.000                      0                   29  
adc_clk                   clk_125_system_clk_gen_0        0.636        0.000                      0                   28        4.490        0.000                      0                   28  
clk_200_system_clk_gen_0  clk_125_system_clk_gen_0        0.363        0.000                      0                   28        0.207        0.000                      0                    4  
clk_125_system_clk_gen_0  clk_200_system_clk_gen_0        1.145        0.000                      0                   28        0.204        0.000                      0                    4  


------------------------------------------------------------------------------------------------
| Other Path Groups Table
| -----------------------
------------------------------------------------------------------------------------------------

Path Group                From Clock                To Clock                      WNS(ns)      TNS(ns)  TNS Failing Endpoints  TNS Total Endpoints      WHS(ns)      THS(ns)  THS Failing Endpoints  THS Total Endpoints  
----------                ----------                --------                      -------      -------  ---------------------  -------------------      -------      -------  ---------------------  -------------------  
**async_default**         clk_125_system_clk_gen_0  clk_125_system_clk_gen_0        3.933        0.000                      0                  552        0.404        0.000                      0                  552  


------------------------------------------------------------------------------------------------
| Timing Details
| --------------
------------------------------------------------------------------------------------------------


---------------------------------------------------------------------------------------------------
From Clock:  adc_clk
  To Clock:  adc_clk

Setup :           NA  Failing Endpoints,  Worst Slack           NA  ,  Total Violation           NA
Hold  :           NA  Failing Endpoints,  Worst Slack           NA  ,  Total Violation           NA
PW    :            0  Failing Endpoints,  Worst Slack        2.000ns,  Total Violation        0.000ns
---------------------------------------------------------------------------------------------------


Pulse Width Checks
--------------------------------------------------------------------------------------
Clock Name:         adc_clk
Waveform(ns):       { 0.000 4.000 }
Period(ns):         8.000
Sources:            { adc_clk_i[1] }

Check Type        Corner  Lib Pin           Reference Pin  Required(ns)  Actual(ns)  Slack(ns)  Location        Pin
Min Period        n/a     PLLE2_ADV/CLKIN1  n/a            1.249         8.000       6.751      PLLE2_ADV_X0Y0  pll/pll/CLKIN1
Max Period        n/a     PLLE2_ADV/CLKIN1  n/a            52.633        8.000       44.633     PLLE2_ADV_X0Y0  pll/pll/CLKIN1
Low Pulse Width   Fast    PLLE2_ADV/CLKIN1  n/a            2.000         4.000       2.000      PLLE2_ADV_X0Y0  pll/pll/CLKIN1
High Pulse Width  Slow    PLLE2_ADV/CLKIN1  n/a            2.000         4.000       2.000      PLLE2_ADV_X0Y0  pll/pll/CLKIN1



---------------------------------------------------------------------------------------------------
From Clock:  clk_fb
  To Clock:  clk_fb

Setup :           NA  Failing Endpoints,  Worst Slack           NA  ,  Total Violation           NA
Hold  :           NA  Failing Endpoints,  Worst Slack           NA  ,  Total Violation           NA
PW    :            0  Failing Endpoints,  Worst Slack        6.751ns,  Total Violation        0.000ns
---------------------------------------------------------------------------------------------------


Pulse Width Checks
--------------------------------------------------------------------------------------
Clock Name:         clk_fb
Waveform(ns):       { 0.000 4.000 }
Period(ns):         8.000
Sources:            { pll/pll/CLKFBOUT }

Check Type  Corner  Lib Pin             Reference Pin  Required(ns)  Actual(ns)  Slack(ns)  Location        Pin
Min Period  n/a     PLLE2_ADV/CLKFBOUT  n/a            1.249         8.000       6.751      PLLE2_ADV_X0Y0  pll/pll/CLKFBOUT
Max Period  n/a     PLLE2_ADV/CLKFBIN   n/a            52.633        8.000       44.633     PLLE2_ADV_X0Y0  pll/pll/CLKFBIN



---------------------------------------------------------------------------------------------------
From Clock:  pll_dac_clk_1x
  To Clock:  pll_dac_clk_1x

Setup :            0  Failing Endpoints,  Worst Slack        0.611ns,  Total Violation        0.000ns
Hold  :            0  Failing Endpoints,  Worst Slack        0.110ns,  Total Violation        0.000ns
PW    :            0  Failing Endpoints,  Worst Slack        3.500ns,  Total Violation        0.000ns
---------------------------------------------------------------------------------------------------


Max Delay Paths
--------------------------------------------------------------------------------------
Slack (MET) :             0.611ns  (required time - arrival time)
  Source:                 dac_rst_reg/C
                            (rising edge-triggered cell FDRE clocked by pll_dac_clk_1x  {rise@0.000ns fall@4.000ns period=8.000ns})
  Destination:            oddr_dac_dat[4]/R
                            (falling edge-triggered cell ODDR clocked by pll_dac_clk_1x  {rise@0.000ns fall@4.000ns period=8.000ns})
  Path Group:             pll_dac_clk_1x
  Path Type:              Setup (Max at Slow Process Corner)
  Requirement:            4.000ns  (pll_dac_clk_1x fall@4.000ns - pll_dac_clk_1x rise@0.000ns)
  Data Path Delay:        2.429ns  (logic 0.456ns (18.771%)  route 1.973ns (81.229%))
  Logic Levels:           0  
  Clock Path Skew:        -0.093ns (DCD - SCD + CPR)
    Destination Clock Delay (DCD):    5.425ns = ( 9.425 - 4.000 ) 
    Source Clock Delay      (SCD):    5.975ns
    Clock Pessimism Removal (CPR):    0.457ns
  Clock Uncertainty:      0.069ns  ((TSJ^2 + DJ^2)^1/2) / 2 + PE
    Total System Jitter     (TSJ):    0.071ns
    Discrete Jitter          (DJ):    0.118ns
    Phase Error              (PE):    0.000ns

    Location             Delay type                Incr(ns)  Path(ns)    Netlist Resource(s)
  -------------------------------------------------------------------    -------------------
                         (clock pll_dac_clk_1x rise edge)
                                                      0.000     0.000 r  
    U18                                               0.000     0.000 r  adc_clk_i[1] (IN)
                         net (fo=0)                   0.000     0.000    adc_clk_i[1]
    U18                  IBUFDS (Prop_ibufds_I_O)     0.983     0.983 r  i_IBUF_clkadc/O
                         net (fo=4, routed)           1.306     2.289    pll/clk
    PLLE2_ADV_X0Y0       PLLE2_ADV (Prop_plle2_adv_CLKIN1_CLKOUT1)
                                                      0.089     2.378 r  pll/pll/CLKOUT1
                         net (fo=1, routed)           1.754     4.132    pll_dac_clk_1x
    BUFGCTRL_X0Y3        BUFG (Prop_bufg_I_O)         0.101     4.233 r  bufg_dac_clk_1x/O
                         net (fo=45, routed)          1.742     5.975    dac_clk_1x
    SLICE_X43Y57         FDRE                                         r  dac_rst_reg/C
  -------------------------------------------------------------------    -------------------
    SLICE_X43Y57         FDRE (Prop_fdre_C_Q)         0.456     6.431 r  dac_rst_reg/Q
                         net (fo=17, routed)          1.973     8.404    dac_rst
    OLOGIC_X0Y80         ODDR                                         r  oddr_dac_dat[4]/R
  -------------------------------------------------------------------    -------------------

                         (clock pll_dac_clk_1x fall edge)
                                                      4.000     4.000 f  
    U18                                               0.000     4.000 f  adc_clk_i[1] (IN)
                         net (fo=0)                   0.000     4.000    adc_clk_i[1]
    U18                  IBUFDS (Prop_ibufds_I_O)     0.940     4.940 f  i_IBUF_clkadc/O
                         net (fo=4, routed)           1.181     6.121    pll/clk
    PLLE2_ADV_X0Y0       PLLE2_ADV (Prop_plle2_adv_CLKIN1_CLKOUT1)
                                                      0.084     6.205 f  pll/pll/CLKOUT1
                         net (fo=1, routed)           1.594     7.799    pll_dac_clk_1x
    BUFGCTRL_X0Y3        BUFG (Prop_bufg_I_O)         0.091     7.890 f  bufg_dac_clk_1x/O
                         net (fo=45, routed)          1.535     9.425    dac_clk_1x
    OLOGIC_X0Y80         ODDR                                         f  oddr_dac_dat[4]/C
                         clock pessimism              0.457     9.883    
                         clock uncertainty           -0.069     9.814    
    OLOGIC_X0Y80         ODDR (Setup_oddr_C_R)       -0.798     9.016    oddr_dac_dat[4]
  -------------------------------------------------------------------
                         required time                          9.016    
                         arrival time                          -8.404    
  -------------------------------------------------------------------
                         slack                                  0.611    





Min Delay Paths
--------------------------------------------------------------------------------------
Slack (MET) :             0.110ns  (arrival time - required time)
  Source:                 dac_rst_reg/C
                            (rising edge-triggered cell FDRE clocked by pll_dac_clk_1x  {rise@0.000ns fall@4.000ns period=8.000ns})
  Destination:            oddr_dac_sel/R
                            (rising edge-triggered cell ODDR clocked by pll_dac_clk_1x  {rise@0.000ns fall@4.000ns period=8.000ns})
  Path Group:             pll_dac_clk_1x
  Path Type:              Hold (Min at Fast Process Corner)
  Requirement:            0.000ns  (pll_dac_clk_1x rise@0.000ns - pll_dac_clk_1x rise@0.000ns)
  Data Path Delay:        0.616ns  (logic 0.141ns (22.874%)  route 0.475ns (77.126%))
  Logic Levels:           0  
  Clock Path Skew:        0.030ns (DCD - SCD - CPR)
    Destination Clock Delay (DCD):    2.394ns
    Source Clock Delay      (SCD):    2.004ns
    Clock Pessimism Removal (CPR):    0.360ns

    Location             Delay type                Incr(ns)  Path(ns)    Netlist Resource(s)
  -------------------------------------------------------------------    -------------------
                         (clock pll_dac_clk_1x rise edge)
                                                      0.000     0.000 r  
    U18                                               0.000     0.000 r  adc_clk_i[1] (IN)
                         net (fo=0)                   0.000     0.000    adc_clk_i[1]
    U18                  IBUFDS (Prop_ibufds_I_O)     0.401     0.401 r  i_IBUF_clkadc/O
                         net (fo=4, routed)           0.440     0.842    pll/clk
    PLLE2_ADV_X0Y0       PLLE2_ADV (Prop_plle2_adv_CLKIN1_CLKOUT1)
                                                      0.051     0.893 r  pll/pll/CLKOUT1
                         net (fo=1, routed)           0.497     1.390    pll_dac_clk_1x
    BUFGCTRL_X0Y3        BUFG (Prop_bufg_I_O)         0.026     1.416 r  bufg_dac_clk_1x/O
                         net (fo=45, routed)          0.589     2.004    dac_clk_1x
    SLICE_X43Y57         FDRE                                         r  dac_rst_reg/C
  -------------------------------------------------------------------    -------------------
    SLICE_X43Y57         FDRE (Prop_fdre_C_Q)         0.141     2.145 r  dac_rst_reg/Q
                         net (fo=17, routed)          0.475     2.621    dac_rst
    OLOGIC_X0Y57         ODDR                                         r  oddr_dac_sel/R
  -------------------------------------------------------------------    -------------------

                         (clock pll_dac_clk_1x rise edge)
                                                      0.000     0.000 r  
    U18                                               0.000     0.000 r  adc_clk_i[1] (IN)
                         net (fo=0)                   0.000     0.000    adc_clk_i[1]
    U18                  IBUFDS (Prop_ibufds_I_O)     0.433     0.433 r  i_IBUF_clkadc/O
                         net (fo=4, routed)           0.481     0.914    pll/clk
    PLLE2_ADV_X0Y0       PLLE2_ADV (Prop_plle2_adv_CLKIN1_CLKOUT1)
                                                      0.054     0.968 r  pll/pll/CLKOUT1
                         net (fo=1, routed)           0.544     1.512    pll_dac_clk_1x
    BUFGCTRL_X0Y3        BUFG (Prop_bufg_I_O)         0.029     1.541 r  bufg_dac_clk_1x/O
                         net (fo=45, routed)          0.853     2.394    dac_clk_1x
    OLOGIC_X0Y57         ODDR                                         r  oddr_dac_sel/C
                         clock pessimism             -0.360     2.034    
    OLOGIC_X0Y57         ODDR (Hold_oddr_C_R)         0.476     2.510    oddr_dac_sel
  -------------------------------------------------------------------
                         required time                         -2.510    
                         arrival time                           2.621    
  -------------------------------------------------------------------
                         slack                                  0.110    





Pulse Width Checks
--------------------------------------------------------------------------------------
Clock Name:         pll_dac_clk_1x
Waveform(ns):       { 0.000 4.000 }
Period(ns):         8.000
Sources:            { pll/pll/CLKOUT1 }

Check Type        Corner  Lib Pin            Reference Pin  Required(ns)  Actual(ns)  Slack(ns)  Location        Pin
Min Period        n/a     BUFG/I             n/a            2.155         8.000       5.845      BUFGCTRL_X0Y3   bufg_dac_clk_1x/I
Max Period        n/a     PLLE2_ADV/CLKOUT1  n/a            160.000       8.000       152.000    PLLE2_ADV_X0Y0  pll/pll/CLKOUT1
Low Pulse Width   Slow    FDRE/C             n/a            0.500         4.000       3.500      SLICE_X43Y57    dac_rst_reg/C
High Pulse Width  Slow    FDRE/C             n/a            0.500         4.000       3.500      SLICE_X42Y67    dac_dat_a_o_reg[8]/C



---------------------------------------------------------------------------------------------------
From Clock:  pll_dac_clk_2p
  To Clock:  pll_dac_clk_2p

Setup :           NA  Failing Endpoints,  Worst Slack           NA  ,  Total Violation           NA
Hold  :           NA  Failing Endpoints,  Worst Slack           NA  ,  Total Violation           NA
PW    :            0  Failing Endpoints,  Worst Slack        1.845ns,  Total Violation        0.000ns
---------------------------------------------------------------------------------------------------


Pulse Width Checks
--------------------------------------------------------------------------------------
Clock Name:         pll_dac_clk_2p
Waveform(ns):       { -0.500 1.500 }
Period(ns):         4.000
Sources:            { pll/pll/CLKOUT3 }

Check Type  Corner  Lib Pin            Reference Pin  Required(ns)  Actual(ns)  Slack(ns)  Location        Pin
Min Period  n/a     BUFG/I             n/a            2.155         4.000       1.845      BUFGCTRL_X0Y5   bufg_dac_clk_2p/I
Max Period  n/a     PLLE2_ADV/CLKOUT3  n/a            160.000       4.000       156.000    PLLE2_ADV_X0Y0  pll/pll/CLKOUT3



---------------------------------------------------------------------------------------------------
From Clock:  pll_dac_clk_2x
  To Clock:  pll_dac_clk_2x

Setup :           NA  Failing Endpoints,  Worst Slack           NA  ,  Total Violation           NA
Hold  :           NA  Failing Endpoints,  Worst Slack           NA  ,  Total Violation           NA
PW    :            0  Failing Endpoints,  Worst Slack        1.845ns,  Total Violation        0.000ns
---------------------------------------------------------------------------------------------------


Pulse Width Checks
--------------------------------------------------------------------------------------
Clock Name:         pll_dac_clk_2x
Waveform(ns):       { 0.000 2.000 }
Period(ns):         4.000
Sources:            { pll/pll/CLKOUT2 }

Check Type  Corner  Lib Pin            Reference Pin  Required(ns)  Actual(ns)  Slack(ns)  Location        Pin
Min Period  n/a     BUFG/I             n/a            2.155         4.000       1.845      BUFGCTRL_X0Y6   bufg_dac_clk_2x/I
Max Period  n/a     PLLE2_ADV/CLKOUT2  n/a            160.000       4.000       156.000    PLLE2_ADV_X0Y0  pll/pll/CLKOUT2



---------------------------------------------------------------------------------------------------
From Clock:  clk_fpga_2
  To Clock:  clk_fpga_2

Setup :            0  Failing Endpoints,  Worst Slack        7.555ns,  Total Violation        0.000ns
Hold  :            0  Failing Endpoints,  Worst Slack        0.066ns,  Total Violation        0.000ns
PW    :            0  Failing Endpoints,  Worst Slack        9.020ns,  Total Violation        0.000ns
---------------------------------------------------------------------------------------------------


Max Delay Paths
--------------------------------------------------------------------------------------
Slack (MET) :             7.555ns  (required time - arrival time)
  Source:                 system_wrapper_i/processing_system7_0/inst/PS7_i/MAXIGP0ACLK
                            (rising edge-triggered cell PS7 clocked by clk_fpga_2  {rise@0.000ns fall@10.000ns period=20.000ns})
  Destination:            system_wrapper_i/axi_reg/xbar/inst/gen_samd.crossbar_samd/addr_arbiter_aw/gen_no_arbiter.m_target_hot_i_reg[0]/CE
                            (rising edge-triggered cell FDRE clocked by clk_fpga_2  {rise@0.000ns fall@10.000ns period=20.000ns})
  Path Group:             clk_fpga_2
  Path Type:              Setup (Max at Slow Process Corner)
  Requirement:            20.000ns  (clk_fpga_2 rise@20.000ns - clk_fpga_2 rise@0.000ns)
  Data Path Delay:        11.667ns  (logic 3.103ns (26.596%)  route 8.564ns (73.404%))
  Logic Levels:           8  (CARRY4=1 LUT4=2 LUT5=1 LUT6=4)
  Clock Path Skew:        -0.271ns (DCD - SCD + CPR)
    Destination Clock Delay (DCD):    2.686ns = ( 22.686 - 20.000 ) 
    Source Clock Delay      (SCD):    3.073ns
    Clock Pessimism Removal (CPR):    0.116ns
  Clock Uncertainty:      0.302ns  ((TSJ^2 + TIJ^2)^1/2 + DJ) / 2 + PE
    Total System Jitter     (TSJ):    0.071ns
    Total Input Jitter      (TIJ):    0.600ns
    Discrete Jitter          (DJ):    0.000ns
    Phase Error              (PE):    0.000ns

    Location             Delay type                Incr(ns)  Path(ns)    Netlist Resource(s)
  -------------------------------------------------------------------    -------------------
                         (clock clk_fpga_2 rise edge)
                                                      0.000     0.000 r  
    PS7_X0Y0             PS7                          0.000     0.000 r  system_wrapper_i/processing_system7_0/inst/PS7_i/FCLKCLK[2]
                         net (fo=1, routed)           1.207     1.207    system_wrapper_i/processing_system7_0/inst/FCLK_CLK_unbuffered[2]
    BUFGCTRL_X0Y1        BUFG (Prop_bufg_I_O)         0.101     1.308 r  system_wrapper_i/processing_system7_0/inst/buffer_fclk_clk_2.FCLK_CLK_2_BUFG/O
                         net (fo=1678, routed)        1.765     3.073    system_wrapper_i/processing_system7_0/inst/M_AXI_GP0_ACLK
    PS7_X0Y0             PS7                                          r  system_wrapper_i/processing_system7_0/inst/PS7_i/MAXIGP0ACLK
  -------------------------------------------------------------------    -------------------
    PS7_X0Y0             PS7 (Prop_ps7_MAXIGP0ACLK_MAXIGP0AWID[5])
                                                      1.453     4.526 r  system_wrapper_i/processing_system7_0/inst/PS7_i/MAXIGP0AWID[5]
                         net (fo=17, routed)          3.419     7.945    system_wrapper_i/axi_reg/xbar/inst/gen_samd.crossbar_samd/gen_slave_slots[0].gen_si_write.si_transactor_aw/S_AID[5]
    SLICE_X3Y67          LUT6 (Prop_lut6_I2_O)        0.124     8.069 r  system_wrapper_i/axi_reg/xbar/inst/gen_samd.crossbar_samd/gen_slave_slots[0].gen_si_write.si_transactor_aw/gen_multi_thread.active_target[41]_i_7/O
                         net (fo=1, routed)           0.000     8.069    system_wrapper_i/axi_reg/xbar/inst/gen_samd.crossbar_samd/gen_slave_slots[0].gen_si_write.si_transactor_aw/gen_multi_thread.active_target[41]_i_7_n_0
    SLICE_X3Y67          CARRY4 (Prop_carry4_S[1]_CO[3])
                                                      0.550     8.619 f  system_wrapper_i/axi_reg/xbar/inst/gen_samd.crossbar_samd/gen_slave_slots[0].gen_si_write.si_transactor_aw/gen_multi_thread.active_target_reg[41]_i_2/CO[3]
                         net (fo=2, routed)           0.862     9.480    system_wrapper_i/axi_reg/xbar/inst/gen_samd.crossbar_samd/gen_slave_slots[0].gen_si_write.si_transactor_aw/gen_multi_thread.aid_match_50
    SLICE_X3Y70          LUT5 (Prop_lut5_I0_O)        0.124     9.604 f  system_wrapper_i/axi_reg/xbar/inst/gen_samd.crossbar_samd/gen_slave_slots[0].gen_si_write.si_transactor_aw/M_AVALID_QUAL_INST_0_i_20/O
                         net (fo=2, routed)           0.577    10.181    system_wrapper_i/axi_reg/xbar/inst/gen_samd.crossbar_samd/gen_slave_slots[0].gen_si_write.si_transactor_aw/M_AVALID_QUAL_INST_0_i_20_n_0
    SLICE_X4Y67          LUT6 (Prop_lut6_I0_O)        0.124    10.305 f  system_wrapper_i/axi_reg/xbar/inst/gen_samd.crossbar_samd/gen_slave_slots[0].gen_si_write.si_transactor_aw/M_AVALID_QUAL_INST_0_i_15/O
                         net (fo=1, routed)           0.431    10.736    system_wrapper_i/axi_reg/xbar/inst/gen_samd.crossbar_samd/gen_slave_slots[0].gen_si_write.si_transactor_aw/M_AVALID_QUAL_INST_0_i_15_n_0
    SLICE_X3Y69          LUT6 (Prop_lut6_I5_O)        0.124    10.860 f  system_wrapper_i/axi_reg/xbar/inst/gen_samd.crossbar_samd/gen_slave_slots[0].gen_si_write.si_transactor_aw/M_AVALID_QUAL_INST_0_i_5/O
                         net (fo=1, routed)           1.088    11.948    system_wrapper_i/axi_reg/xbar/inst/gen_samd.crossbar_samd/gen_slave_slots[0].gen_si_write.si_transactor_aw/M_AVALID_QUAL_INST_0_i_5_n_0
    SLICE_X3Y65          LUT6 (Prop_lut6_I4_O)        0.124    12.072 r  system_wrapper_i/axi_reg/xbar/inst/gen_samd.crossbar_samd/gen_slave_slots[0].gen_si_write.si_transactor_aw/M_AVALID_QUAL_INST_0/O
                         net (fo=2, routed)           1.174    13.246    system_wrapper_i/axi_reg/xbar/inst/gen_samd.crossbar_samd/addr_arbiter_aw/S_VALID_QUAL[0]
    SLICE_X5Y59          LUT4 (Prop_lut4_I1_O)        0.153    13.399 r  system_wrapper_i/axi_reg/xbar/inst/gen_samd.crossbar_samd/addr_arbiter_aw/gen_no_arbiter.m_target_hot_i[3]_i_2/O
                         net (fo=2, routed)           0.540    13.939    system_wrapper_i/axi_reg/xbar/inst/gen_samd.crossbar_samd/addr_arbiter_aw/gen_no_arbiter.m_target_hot_i[3]_i_2_n_0
    SLICE_X6Y58          LUT4 (Prop_lut4_I2_O)        0.327    14.266 r  system_wrapper_i/axi_reg/xbar/inst/gen_samd.crossbar_samd/addr_arbiter_aw/gen_no_arbiter.m_target_hot_i[3]_i_1/O
                         net (fo=4, routed)           0.474    14.740    system_wrapper_i/axi_reg/xbar/inst/gen_samd.crossbar_samd/addr_arbiter_aw/gen_no_arbiter.m_target_hot_i[3]_i_1_n_0
    SLICE_X7Y59          FDRE                                         r  system_wrapper_i/axi_reg/xbar/inst/gen_samd.crossbar_samd/addr_arbiter_aw/gen_no_arbiter.m_target_hot_i_reg[0]/CE
  -------------------------------------------------------------------    -------------------

                         (clock clk_fpga_2 rise edge)
                                                     20.000    20.000 r  
    PS7_X0Y0             PS7                          0.000    20.000 r  system_wrapper_i/processing_system7_0/inst/PS7_i/FCLKCLK[2]
                         net (fo=1, routed)           1.101    21.101    system_wrapper_i/processing_system7_0/inst/FCLK_CLK_unbuffered[2]
    BUFGCTRL_X0Y1        BUFG (Prop_bufg_I_O)         0.091    21.192 r  system_wrapper_i/processing_system7_0/inst/buffer_fclk_clk_2.FCLK_CLK_2_BUFG/O
                         net (fo=1678, routed)        1.494    22.686    system_wrapper_i/axi_reg/xbar/inst/gen_samd.crossbar_samd/addr_arbiter_aw/ACLK
    SLICE_X7Y59          FDRE                                         r  system_wrapper_i/axi_reg/xbar/inst/gen_samd.crossbar_samd/addr_arbiter_aw/gen_no_arbiter.m_target_hot_i_reg[0]/C
                         clock pessimism              0.116    22.802    
                         clock uncertainty           -0.302    22.500    
    SLICE_X7Y59          FDRE (Setup_fdre_C_CE)      -0.205    22.295    system_wrapper_i/axi_reg/xbar/inst/gen_samd.crossbar_samd/addr_arbiter_aw/gen_no_arbiter.m_target_hot_i_reg[0]
  -------------------------------------------------------------------
                         required time                         22.295    
                         arrival time                         -14.740    
  -------------------------------------------------------------------
                         slack                                  7.555    





Min Delay Paths
--------------------------------------------------------------------------------------
Slack (MET) :             0.066ns  (arrival time - required time)
  Source:                 system_wrapper_i/rp_oscilloscope/inst/U_scope_cfg/axi_slave/axi\\.RDATA_reg[2]/C
                            (rising edge-triggered cell FDRE clocked by clk_fpga_2  {rise@0.000ns fall@10.000ns period=20.000ns})
  Destination:            system_wrapper_i/axi_reg/xbar/inst/gen_samd.crossbar_samd/gen_master_slots[0].reg_slice_mi/r.r_pipe/skid_buffer_reg[2]/D
                            (rising edge-triggered cell FDRE clocked by clk_fpga_2  {rise@0.000ns fall@10.000ns period=20.000ns})
  Path Group:             clk_fpga_2
  Path Type:              Hold (Min at Fast Process Corner)
  Requirement:            0.000ns  (clk_fpga_2 rise@0.000ns - clk_fpga_2 rise@0.000ns)
  Data Path Delay:        0.412ns  (logic 0.164ns (39.807%)  route 0.248ns (60.193%))
  Logic Levels:           0  
  Clock Path Skew:        0.271ns (DCD - SCD - CPR)
    Destination Clock Delay (DCD):    1.202ns
    Source Clock Delay      (SCD):    0.902ns
    Clock Pessimism Removal (CPR):    0.029ns

    Location             Delay type                Incr(ns)  Path(ns)    Netlist Resource(s)
  -------------------------------------------------------------------    -------------------
                         (clock clk_fpga_2 rise edge)
                                                      0.000     0.000 r  
    PS7_X0Y0             PS7                          0.000     0.000 r  system_wrapper_i/processing_system7_0/inst/PS7_i/FCLKCLK[2]
                         net (fo=1, routed)           0.315     0.315    system_wrapper_i/processing_system7_0/inst/FCLK_CLK_unbuffered[2]
    BUFGCTRL_X0Y1        BUFG (Prop_bufg_I_O)         0.026     0.341 r  system_wrapper_i/processing_system7_0/inst/buffer_fclk_clk_2.FCLK_CLK_2_BUFG/O
                         net (fo=1678, routed)        0.561     0.902    system_wrapper_i/rp_oscilloscope/inst/U_scope_cfg/axi_slave/axi\\.ACLK
    SLICE_X30Y54         FDRE                                         r  system_wrapper_i/rp_oscilloscope/inst/U_scope_cfg/axi_slave/axi\\.RDATA_reg[2]/C
  -------------------------------------------------------------------    -------------------
    SLICE_X30Y54         FDRE (Prop_fdre_C_Q)         0.164     1.066 r  system_wrapper_i/rp_oscilloscope/inst/U_scope_cfg/axi_slave/axi\\.RDATA_reg[2]/Q
                         net (fo=2, routed)           0.248     1.314    system_wrapper_i/axi_reg/xbar/inst/gen_samd.crossbar_samd/gen_master_slots[0].reg_slice_mi/r.r_pipe/S_PAYLOAD_DATA[2]
    SLICE_X30Y48         FDRE                                         r  system_wrapper_i/axi_reg/xbar/inst/gen_samd.crossbar_samd/gen_master_slots[0].reg_slice_mi/r.r_pipe/skid_buffer_reg[2]/D
  -------------------------------------------------------------------    -------------------

                         (clock clk_fpga_2 rise edge)
                                                      0.000     0.000 r  
    PS7_X0Y0             PS7                          0.000     0.000 r  system_wrapper_i/processing_system7_0/inst/PS7_i/FCLKCLK[2]
                         net (fo=1, routed)           0.341     0.341    system_wrapper_i/processing_system7_0/inst/FCLK_CLK_unbuffered[2]
    BUFGCTRL_X0Y1        BUFG (Prop_bufg_I_O)         0.029     0.370 r  system_wrapper_i/processing_system7_0/inst/buffer_fclk_clk_2.FCLK_CLK_2_BUFG/O
                         net (fo=1678, routed)        0.832     1.202    system_wrapper_i/axi_reg/xbar/inst/gen_samd.crossbar_samd/gen_master_slots[0].reg_slice_mi/r.r_pipe/ACLK
    SLICE_X30Y48         FDRE                                         r  system_wrapper_i/axi_reg/xbar/inst/gen_samd.crossbar_samd/gen_master_slots[0].reg_slice_mi/r.r_pipe/skid_buffer_reg[2]/C
                         clock pessimism             -0.029     1.173    
    SLICE_X30Y48         FDRE (Hold_fdre_C_D)         0.075     1.248    system_wrapper_i/axi_reg/xbar/inst/gen_samd.crossbar_samd/gen_master_slots[0].reg_slice_mi/r.r_pipe/skid_buffer_reg[2]
  -------------------------------------------------------------------
                         required time                         -1.248    
                         arrival time                           1.314    
  -------------------------------------------------------------------
                         slack                                  0.066    





Pulse Width Checks
--------------------------------------------------------------------------------------
Clock Name:         clk_fpga_2
Waveform(ns):       { 0.000 10.000 }
Period(ns):         20.000
Sources:            { system_wrapper_i/processing_system7_0/inst/PS7_i/FCLKCLK[2] }

Check Type        Corner  Lib Pin      Reference Pin  Required(ns)  Actual(ns)  Slack(ns)  Location       Pin
Min Period        n/a     BUFG/I       n/a            2.155         20.000      17.845     BUFGCTRL_X0Y1  system_wrapper_i/processing_system7_0/inst/buffer_fclk_clk_2.FCLK_CLK_2_BUFG/I
Low Pulse Width   Fast    SRLC32E/CLK  n/a            0.980         10.000      9.020      SLICE_X28Y38   system_wrapper_i/axi_reg/m01_couplers/auto_pc/inst/gen_axilite.gen_b2s_conv.axilite_b2s/RD.r_channel_0/rd_data_fifo_0/memory_reg[31][0]_srl32/CLK
High Pulse Width  Slow    SRLC32E/CLK  n/a            0.980         10.000      9.020      SLICE_X20Y43   system_wrapper_i/axi_reg/m01_couplers/auto_pc/inst/gen_axilite.gen_b2s_conv.axilite_b2s/RD.r_channel_0/rd_data_fifo_0/memory_reg[31][24]_srl32/CLK



---------------------------------------------------------------------------------------------------
From Clock:  daisy_clk
  To Clock:  daisy_clk

Setup :            0  Failing Endpoints,  Worst Slack        5.672ns,  Total Violation        0.000ns
Hold  :            0  Failing Endpoints,  Worst Slack        0.142ns,  Total Violation        0.000ns
PW    :            0  Failing Endpoints,  Worst Slack        3.500ns,  Total Violation        0.000ns
---------------------------------------------------------------------------------------------------


Max Delay Paths
--------------------------------------------------------------------------------------
Slack (MET) :             5.672ns  (required time - arrival time)
  Source:                 daisy_cnt_reg[0]/C
                            (rising edge-triggered cell FDRE clocked by daisy_clk  {rise@0.000ns fall@4.000ns period=8.000ns})
  Destination:            daisy_slave_reg/D
                            (rising edge-triggered cell FDRE clocked by daisy_clk  {rise@0.000ns fall@4.000ns period=8.000ns})
  Path Group:             daisy_clk
  Path Type:              Setup (Max at Slow Process Corner)
  Requirement:            8.000ns  (daisy_clk rise@8.000ns - daisy_clk rise@0.000ns)
  Data Path Delay:        2.324ns  (logic 0.704ns (30.289%)  route 1.620ns (69.711%))
  Logic Levels:           2  (LUT6=2)
  Clock Path Skew:        0.000ns (DCD - SCD + CPR)
    Destination Clock Delay (DCD):    4.432ns = ( 12.432 - 8.000 ) 
    Source Clock Delay      (SCD):    4.857ns
    Clock Pessimism Removal (CPR):    0.425ns
  Clock Uncertainty:      0.035ns  ((TSJ^2 + TIJ^2)^1/2 + DJ) / 2 + PE
    Total System Jitter     (TSJ):    0.071ns
    Total Input Jitter      (TIJ):    0.000ns
    Discrete Jitter          (DJ):    0.000ns
    Phase Error              (PE):    0.000ns

    Location             Delay type                Incr(ns)  Path(ns)    Netlist Resource(s)
  -------------------------------------------------------------------    -------------------
                         (clock daisy_clk rise edge)
                                                      0.000     0.000 r  
    N18                                               0.000     0.000 r  daisy_p_i[1] (IN)
                         net (fo=0)                   0.000     0.000    daisy_p_i[1]
    N18                  IBUFDS (Prop_ibufds_I_O)     0.945     0.945 r  i_IBUF_clkdaisy/O
                         net (fo=1, routed)           2.076     3.021    adc_clk_daisy
    BUFGCTRL_X0Y4        BUFG (Prop_bufg_I_O)         0.102     3.123 r  adc_clk_daisy_BUFG_inst/O
                         net (fo=13, routed)          1.734     4.857    adc_clk_daisy_BUFG
    SLICE_X43Y82         FDRE                                         r  daisy_cnt_reg[0]/C
  -------------------------------------------------------------------    -------------------
    SLICE_X43Y82         FDRE (Prop_fdre_C_Q)         0.456     5.313 r  daisy_cnt_reg[0]/Q
                         net (fo=9, routed)           1.125     6.438    daisy_cnt_reg[0]
    SLICE_X42Y82         LUT6 (Prop_lut6_I5_O)        0.124     6.562 r  daisy_slave_i_2/O
                         net (fo=1, routed)           0.495     7.057    daisy_slave_i_2_n_0
    SLICE_X43Y82         LUT6 (Prop_lut6_I4_O)        0.124     7.181 r  daisy_slave_i_1/O
                         net (fo=1, routed)           0.000     7.181    daisy_slave_i_1_n_0
    SLICE_X43Y82         FDRE                                         r  daisy_slave_reg/D
  -------------------------------------------------------------------    -------------------

                         (clock daisy_clk rise edge)
                                                      8.000     8.000 r  
    N18                                               0.000     8.000 r  daisy_p_i[1] (IN)
                         net (fo=0)                   0.000     8.000    daisy_p_i[1]
    N18                  IBUFDS (Prop_ibufds_I_O)     0.902     8.902 r  i_IBUF_clkdaisy/O
                         net (fo=1, routed)           1.880    10.782    adc_clk_daisy
    BUFGCTRL_X0Y4        BUFG (Prop_bufg_I_O)         0.092    10.874 r  adc_clk_daisy_BUFG_inst/O
                         net (fo=13, routed)          1.558    12.432    adc_clk_daisy_BUFG
    SLICE_X43Y82         FDRE                                         r  daisy_slave_reg/C
                         clock pessimism              0.425    12.857    
                         clock uncertainty           -0.035    12.822    
    SLICE_X43Y82         FDRE (Setup_fdre_C_D)        0.032    12.854    daisy_slave_reg
  -------------------------------------------------------------------
                         required time                         12.854    
                         arrival time                          -7.181    
  -------------------------------------------------------------------
                         slack                                  5.672    





Min Delay Paths
--------------------------------------------------------------------------------------
Slack (MET) :             0.142ns  (arrival time - required time)
  Source:                 daisy_cnt_reg[5]/C
                            (rising edge-triggered cell FDRE clocked by daisy_clk  {rise@0.000ns fall@4.000ns period=8.000ns})
  Destination:            daisy_cnt_reg[6]/D
                            (rising edge-triggered cell FDRE clocked by daisy_clk  {rise@0.000ns fall@4.000ns period=8.000ns})
  Path Group:             daisy_clk
  Path Type:              Hold (Min at Fast Process Corner)
  Requirement:            0.000ns  (daisy_clk rise@0.000ns - daisy_clk rise@0.000ns)
  Data Path Delay:        0.275ns  (logic 0.186ns (67.534%)  route 0.089ns (32.466%))
  Logic Levels:           1  (LUT6=1)
  Clock Path Skew:        0.013ns (DCD - SCD - CPR)
    Destination Clock Delay (DCD):    1.960ns
    Source Clock Delay      (SCD):    1.602ns
    Clock Pessimism Removal (CPR):    0.345ns

    Location             Delay type                Incr(ns)  Path(ns)    Netlist Resource(s)
  -------------------------------------------------------------------    -------------------
                         (clock daisy_clk rise edge)
                                                      0.000     0.000 r  
    N18                                               0.000     0.000 r  daisy_p_i[1] (IN)
                         net (fo=0)                   0.000     0.000    daisy_p_i[1]
    N18                  IBUFDS (Prop_ibufds_I_O)     0.364     0.364 r  i_IBUF_clkdaisy/O
                         net (fo=1, routed)           0.627     0.991    adc_clk_daisy
    BUFGCTRL_X0Y4        BUFG (Prop_bufg_I_O)         0.027     1.018 r  adc_clk_daisy_BUFG_inst/O
                         net (fo=13, routed)          0.584     1.602    adc_clk_daisy_BUFG
    SLICE_X43Y82         FDRE                                         r  daisy_cnt_reg[5]/C
  -------------------------------------------------------------------    -------------------
    SLICE_X43Y82         FDRE (Prop_fdre_C_Q)         0.141     1.743 r  daisy_cnt_reg[5]/Q
                         net (fo=4, routed)           0.089     1.832    daisy_cnt_reg[5]
    SLICE_X42Y82         LUT6 (Prop_lut6_I4_O)        0.045     1.877 r  daisy_cnt[6]_i_1/O
                         net (fo=1, routed)           0.000     1.877    p_0_in[6]
    SLICE_X42Y82         FDRE                                         r  daisy_cnt_reg[6]/D
  -------------------------------------------------------------------    -------------------

                         (clock daisy_clk rise edge)
                                                      0.000     0.000 r  
    N18                                               0.000     0.000 r  daisy_p_i[1] (IN)
                         net (fo=0)                   0.000     0.000    daisy_p_i[1]
    N18                  IBUFDS (Prop_ibufds_I_O)     0.395     0.395 r  i_IBUF_clkdaisy/O
                         net (fo=1, routed)           0.683     1.078    adc_clk_daisy
    BUFGCTRL_X0Y4        BUFG (Prop_bufg_I_O)         0.030     1.108 r  adc_clk_daisy_BUFG_inst/O
                         net (fo=13, routed)          0.852     1.960    adc_clk_daisy_BUFG
    SLICE_X42Y82         FDRE                                         r  daisy_cnt_reg[6]/C
                         clock pessimism             -0.345     1.615    
    SLICE_X42Y82         FDRE (Hold_fdre_C_D)         0.120     1.735    daisy_cnt_reg[6]
  -------------------------------------------------------------------
                         required time                         -1.735    
                         arrival time                           1.877    
  -------------------------------------------------------------------
                         slack                                  0.142    





Pulse Width Checks
--------------------------------------------------------------------------------------
Clock Name:         daisy_clk
Waveform(ns):       { 0.000 4.000 }
Period(ns):         8.000
Sources:            { daisy_p_i[1] }

Check Type        Corner  Lib Pin  Reference Pin  Required(ns)  Actual(ns)  Slack(ns)  Location       Pin
Min Period        n/a     BUFG/I   n/a            2.155         8.000       5.845      BUFGCTRL_X0Y4  adc_clk_daisy_BUFG_inst/I
Low Pulse Width   Slow    FDRE/C   n/a            0.500         4.000       3.500      SLICE_X43Y82   daisy_cnt_reg[0]/C
High Pulse Width  Fast    FDRE/C   n/a            0.500         4.000       3.500      SLICE_X43Y82   daisy_cnt_reg[0]/C



---------------------------------------------------------------------------------------------------
From Clock:  system_wrapper_i/clk_gen/inst/clk_in1
  To Clock:  system_wrapper_i/clk_gen/inst/clk_in1

Setup :           NA  Failing Endpoints,  Worst Slack           NA  ,  Total Violation           NA
Hold  :           NA  Failing Endpoints,  Worst Slack           NA  ,  Total Violation           NA
PW    :            0  Failing Endpoints,  Worst Slack        2.000ns,  Total Violation        0.000ns
---------------------------------------------------------------------------------------------------


Pulse Width Checks
--------------------------------------------------------------------------------------
Clock Name:         system_wrapper_i/clk_gen/inst/clk_in1
Waveform(ns):       { 0.000 4.000 }
Period(ns):         8.000
Sources:            { system_wrapper_i/clk_gen/inst/clk_in1 }

Check Type        Corner  Lib Pin            Reference Pin  Required(ns)  Actual(ns)  Slack(ns)  Location         Pin
Min Period        n/a     MMCME2_ADV/CLKIN1  n/a            1.249         8.000       6.751      MMCME2_ADV_X0Y0  system_wrapper_i/clk_gen/inst/mmcm_adv_inst/CLKIN1
Max Period        n/a     MMCME2_ADV/CLKIN1  n/a            100.000       8.000       92.000     MMCME2_ADV_X0Y0  system_wrapper_i/clk_gen/inst/mmcm_adv_inst/CLKIN1
Low Pulse Width   Slow    MMCME2_ADV/CLKIN1  n/a            2.000         4.000       2.000      MMCME2_ADV_X0Y0  system_wrapper_i/clk_gen/inst/mmcm_adv_inst/CLKIN1
High Pulse Width  Slow    MMCME2_ADV/CLKIN1  n/a            2.000         4.000       2.000      MMCME2_ADV_X0Y0  system_wrapper_i/clk_gen/inst/mmcm_adv_inst/CLKIN1



---------------------------------------------------------------------------------------------------
From Clock:  clk_125_system_clk_gen_0
  To Clock:  clk_125_system_clk_gen_0

Setup :         1754  Failing Endpoints,  Worst Slack       -8.913ns,  Total Violation    -3071.809ns
Hold  :            0  Failing Endpoints,  Worst Slack        0.049ns,  Total Violation        0.000ns
PW    :            0  Failing Endpoints,  Worst Slack        2.750ns,  Total Violation        0.000ns
---------------------------------------------------------------------------------------------------


Max Delay Paths
--------------------------------------------------------------------------------------
Slack (VIOLATED) :        -8.913ns  (required time - arrival time)
  Source:                 system_wrapper_i/rp_oscilloscope/inst/U_scope_cfg/cfg_bp_coeff_b2_s0_reg[0]/C
                            (rising edge-triggered cell FDSE clocked by clk_125_system_clk_gen_0  {rise@0.000ns fall@4.000ns period=8.000ns})
  Destination:            system_wrapper_i/rp_oscilloscope/inst/acq_ch_gen[1].U_osc2/U_bandpass_filter/U_seccion0/m_axis_tdata[12]_i_1_psdsp/D
                            (rising edge-triggered cell FDRE clocked by clk_125_system_clk_gen_0  {rise@0.000ns fall@4.000ns period=8.000ns})
  Path Group:             clk_125_system_clk_gen_0
  Path Type:              Setup (Max at Slow Process Corner)
  Requirement:            8.000ns  (clk_125_system_clk_gen_0 rise@8.000ns - clk_125_system_clk_gen_0 rise@0.000ns)
  Data Path Delay:        16.672ns  (logic 11.685ns (70.088%)  route 4.987ns (29.912%))
  Logic Levels:           14  (CARRY4=8 DSP48E1=3 LUT2=1 LUT3=1 LUT6=1)
  Clock Path Skew:        -0.077ns (DCD - SCD + CPR)
    Destination Clock Delay (DCD):    -2.795ns = ( 5.205 - 8.000 ) 
    Source Clock Delay      (SCD):    -2.201ns
    Clock Pessimism Removal (CPR):    0.517ns
  Clock Uncertainty:      0.069ns  ((TSJ^2 + DJ^2)^1/2) / 2 + PE
    Total System Jitter     (TSJ):    0.071ns
    Discrete Jitter          (DJ):    0.119ns
    Phase Error              (PE):    0.000ns

    Location             Delay type                Incr(ns)  Path(ns)    Netlist Resource(s)
  -------------------------------------------------------------------    -------------------
                         (clock clk_125_system_clk_gen_0 rise edge)
                                                      0.000     0.000 r  
    U18                  IBUFDS                       0.000     0.000 r  i_IBUF_clkadc/O
                         net (fo=4, routed)           1.285     1.285    system_wrapper_i/clk_gen/inst/clk_in1
    MMCME2_ADV_X0Y0      MMCME2_ADV (Prop_mmcme2_adv_CLKIN1_CLKOUT0)
                                                     -7.010    -5.725 r  system_wrapper_i/clk_gen/inst/mmcm_adv_inst/CLKOUT0
                         net (fo=1, routed)           1.760    -3.965    system_wrapper_i/clk_gen/inst/clk_125_system_clk_gen_0
    BUFGCTRL_X0Y0        BUFG (Prop_bufg_I_O)         0.101    -3.864 r  system_wrapper_i/clk_gen/inst/clkout1_buf/O
                         net (fo=9645, routed)        1.663    -2.201    system_wrapper_i/rp_oscilloscope/inst/U_scope_cfg/clk_adc_i
    SLICE_X32Y56         FDSE                                         r  system_wrapper_i/rp_oscilloscope/inst/U_scope_cfg/cfg_bp_coeff_b2_s0_reg[0]/C
  -------------------------------------------------------------------    -------------------
    SLICE_X32Y56         FDSE (Prop_fdse_C_Q)         0.478    -1.723 r  system_wrapper_i/rp_oscilloscope/inst/U_scope_cfg/cfg_bp_coeff_b2_s0_reg[0]/Q
                         net (fo=3, routed)           0.750    -0.973    system_wrapper_i/rp_oscilloscope/inst/acq_ch_gen[1].U_osc2/U_bandpass_filter/U_seccion0/cfg_coeff_b2[0]
    DSP48_X1Y25          DSP48E1 (Prop_dsp48e1_A[0]_PCOUT[47])
                                                      4.208     3.235 r  system_wrapper_i/rp_oscilloscope/inst/acq_ch_gen[1].U_osc2/U_bandpass_filter/U_seccion0/prod_b2/PCOUT[47]
                         net (fo=1, routed)           0.002     3.237    system_wrapper_i/rp_oscilloscope/inst/acq_ch_gen[1].U_osc2/U_bandpass_filter/U_seccion0/prod_b2_n_106
    DSP48_X1Y26          DSP48E1 (Prop_dsp48e1_PCIN[47]_PCOUT[47])
                                                      1.713     4.950 r  system_wrapper_i/rp_oscilloscope/inst/acq_ch_gen[1].U_osc2/U_bandpass_filter/U_seccion0/acc_scaled0/PCOUT[47]
                         net (fo=1, routed)           0.002     4.952    system_wrapper_i/rp_oscilloscope/inst/acq_ch_gen[1].U_osc2/U_bandpass_filter/U_seccion0/acc_scaled0_n_106
    DSP48_X1Y27          DSP48E1 (Prop_dsp48e1_PCIN[47]_P[18])
                                                      1.518     6.470 r  system_wrapper_i/rp_oscilloscope/inst/acq_ch_gen[1].U_osc2/U_bandpass_filter/U_seccion0/acc_scaled0__0/P[18]
                         net (fo=1, routed)           0.879     7.349    system_wrapper_i/rp_oscilloscope/inst/acq_ch_gen[1].U_osc2/U_bandpass_filter/U_seccion0/acc_scaled0__0_n_87
    SLICE_X35Y67         CARRY4 (Prop_carry4_S[0]_CO[3])
                                                      0.656     8.005 r  system_wrapper_i/rp_oscilloscope/inst/acq_ch_gen[1].U_osc2/U_bandpass_filter/U_seccion0/m_axis_tdata_reg[3]_i_21/CO[3]
                         net (fo=1, routed)           0.000     8.005    system_wrapper_i/rp_oscilloscope/inst/acq_ch_gen[1].U_osc2/U_bandpass_filter/U_seccion0/m_axis_tdata_reg[3]_i_21_n_0
    SLICE_X35Y68         CARRY4 (Prop_carry4_CI_CO[3])
                                                      0.114     8.119 r  system_wrapper_i/rp_oscilloscope/inst/acq_ch_gen[1].U_osc2/U_bandpass_filter/U_seccion0/m_axis_tdata_reg[7]_i_11/CO[3]
                         net (fo=1, routed)           0.000     8.119    system_wrapper_i/rp_oscilloscope/inst/acq_ch_gen[1].U_osc2/U_bandpass_filter/U_seccion0/m_axis_tdata_reg[7]_i_11_n_0
    SLICE_X35Y69         CARRY4 (Prop_carry4_CI_CO[3])
                                                      0.114     8.233 r  system_wrapper_i/rp_oscilloscope/inst/acq_ch_gen[1].U_osc2/U_bandpass_filter/U_seccion0/m_axis_tdata_reg[11]_i_11/CO[3]
                         net (fo=1, routed)           0.000     8.233    system_wrapper_i/rp_oscilloscope/inst/acq_ch_gen[1].U_osc2/U_bandpass_filter/U_seccion0/m_axis_tdata_reg[11]_i_11_n_0
    SLICE_X35Y70         CARRY4 (Prop_carry4_CI_O[1])
                                                      0.334     8.567 r  system_wrapper_i/rp_oscilloscope/inst/acq_ch_gen[1].U_osc2/U_bandpass_filter/U_seccion0/m_axis_tdata_reg[15]_i_23/O[1]
                         net (fo=3, routed)           1.177     9.744    system_wrapper_i/rp_oscilloscope/inst/acq_ch_gen[1].U_osc2/U_bandpass_filter/U_seccion0/PCIN[31]
    SLICE_X31Y72         LUT6 (Prop_lut6_I1_O)        0.303    10.047 r  system_wrapper_i/rp_oscilloscope/inst/acq_ch_gen[1].U_osc2/U_bandpass_filter/U_seccion0/m_axis_tdata[15]_i_13/O
                         net (fo=1, routed)           0.000    10.047    system_wrapper_i/rp_oscilloscope/inst/acq_ch_gen[1].U_osc2/U_bandpass_filter/U_seccion0/m_axis_tdata[15]_i_13_n_0
    SLICE_X31Y72         CARRY4 (Prop_carry4_S[0]_CO[3])
                                                      0.532    10.579 r  system_wrapper_i/rp_oscilloscope/inst/acq_ch_gen[1].U_osc2/U_bandpass_filter/U_seccion0/m_axis_tdata_reg[15]_i_3/CO[3]
                         net (fo=1, routed)           0.000    10.579    system_wrapper_i/rp_oscilloscope/inst/acq_ch_gen[1].U_osc2/U_bandpass_filter/U_seccion0/m_axis_tdata_reg[15]_i_3_n_0
    SLICE_X31Y73         CARRY4 (Prop_carry4_CI_O[0])
                                                      0.222    10.801 r  system_wrapper_i/rp_oscilloscope/inst/acq_ch_gen[1].U_osc2/U_bandpass_filter/U_seccion0/m_axis_tdata_reg[15]_i_58/O[0]
                         net (fo=4, routed)           0.904    11.706    system_wrapper_i/rp_oscilloscope/inst/acq_ch_gen[1].U_osc2/U_bandpass_filter/U_seccion0/acc_scaled[16]
    SLICE_X29Y76         LUT2 (Prop_lut2_I0_O)        0.299    12.005 r  system_wrapper_i/rp_oscilloscope/inst/acq_ch_gen[1].U_osc2/U_bandpass_filter/U_seccion0/m_axis_tdata[15]_i_32/O
                         net (fo=1, routed)           0.000    12.005    system_wrapper_i/rp_oscilloscope/inst/acq_ch_gen[1].U_osc2/U_bandpass_filter/U_seccion0/m_axis_tdata[15]_i_32_n_0
    SLICE_X29Y76         CARRY4 (Prop_carry4_S[1]_CO[3])
                                                      0.550    12.555 r  system_wrapper_i/rp_oscilloscope/inst/acq_ch_gen[1].U_osc2/U_bandpass_filter/U_seccion0/m_axis_tdata_reg[15]_i_14/CO[3]
                         net (fo=1, routed)           0.000    12.555    system_wrapper_i/rp_oscilloscope/inst/acq_ch_gen[1].U_osc2/U_bandpass_filter/U_seccion0/m_axis_tdata_reg[15]_i_14_n_0
    SLICE_X29Y77         CARRY4 (Prop_carry4_CI_CO[0])
                                                      0.271    12.826 f  system_wrapper_i/rp_oscilloscope/inst/acq_ch_gen[1].U_osc2/U_bandpass_filter/U_seccion0/m_axis_tdata_reg[15]_i_4/CO[0]
                         net (fo=16, routed)          0.721    13.547    system_wrapper_i/rp_oscilloscope/inst/acq_ch_gen[1].U_osc2/U_bandpass_filter/U_seccion0/y_next2
    SLICE_X28Y74         LUT3 (Prop_lut3_I1_O)        0.373    13.920 r  system_wrapper_i/rp_oscilloscope/inst/acq_ch_gen[1].U_osc2/U_bandpass_filter/U_seccion0/m_axis_tdata[12]_i_1/O
                         net (fo=3, routed)           0.551    14.471    system_wrapper_i/rp_oscilloscope/inst/acq_ch_gen[1].U_osc2/U_bandpass_filter/U_seccion0/y_next[12]
    SLICE_X29Y74         FDRE                                         r  system_wrapper_i/rp_oscilloscope/inst/acq_ch_gen[1].U_osc2/U_bandpass_filter/U_seccion0/m_axis_tdata[12]_i_1_psdsp/D
  -------------------------------------------------------------------    -------------------

                         (clock clk_125_system_clk_gen_0 rise edge)
                                                      8.000     8.000 r  
    U18                  IBUFDS                       0.000     8.000 r  i_IBUF_clkadc/O
                         net (fo=4, routed)           1.162     9.162    system_wrapper_i/clk_gen/inst/clk_in1
    MMCME2_ADV_X0Y0      MMCME2_ADV (Prop_mmcme2_adv_CLKIN1_CLKOUT0)
                                                     -7.118     2.043 r  system_wrapper_i/clk_gen/inst/mmcm_adv_inst/CLKOUT0
                         net (fo=1, routed)           1.599     3.642    system_wrapper_i/clk_gen/inst/clk_125_system_clk_gen_0
    BUFGCTRL_X0Y0        BUFG (Prop_bufg_I_O)         0.091     3.734 r  system_wrapper_i/clk_gen/inst/clkout1_buf/O
                         net (fo=9645, routed)        1.472     5.205    system_wrapper_i/rp_oscilloscope/inst/acq_ch_gen[1].U_osc2/U_bandpass_filter/U_seccion0/clk
    SLICE_X29Y74         FDRE                                         r  system_wrapper_i/rp_oscilloscope/inst/acq_ch_gen[1].U_osc2/U_bandpass_filter/U_seccion0/m_axis_tdata[12]_i_1_psdsp/C
                         clock pessimism              0.517     5.722    
                         clock uncertainty           -0.069     5.653    
    SLICE_X29Y74         FDRE (Setup_fdre_C_D)       -0.095     5.558    system_wrapper_i/rp_oscilloscope/inst/acq_ch_gen[1].U_osc2/U_bandpass_filter/U_seccion0/m_axis_tdata[12]_i_1_psdsp
  -------------------------------------------------------------------
                         required time                          5.558    
                         arrival time                         -14.471    
  -------------------------------------------------------------------
                         slack                                 -8.913    





Min Delay Paths
--------------------------------------------------------------------------------------
Slack (MET) :             0.049ns  (arrival time - required time)
  Source:                 system_wrapper_i/rp_oscilloscope/inst/acq_ch_gen[1].U_osc2/i_dfilt/r3_reg_dsp3_reg[16]/C
                            (rising edge-triggered cell FDRE clocked by clk_125_system_clk_gen_0  {rise@0.000ns fall@4.000ns period=8.000ns})
  Destination:            system_wrapper_i/rp_oscilloscope/inst/acq_ch_gen[1].U_osc2/i_dfilt/r3_shr_reg[16]/D
                            (rising edge-triggered cell FDRE clocked by clk_125_system_clk_gen_0  {rise@0.000ns fall@4.000ns period=8.000ns})
  Path Group:             clk_125_system_clk_gen_0
  Path Type:              Hold (Min at Fast Process Corner)
  Requirement:            0.000ns  (clk_125_system_clk_gen_0 rise@0.000ns - clk_125_system_clk_gen_0 rise@0.000ns)
  Data Path Delay:        0.316ns  (logic 0.128ns (40.532%)  route 0.188ns (59.468%))
  Logic Levels:           0  
  Clock Path Skew:        0.267ns (DCD - SCD - CPR)
    Destination Clock Delay (DCD):    -1.183ns
    Source Clock Delay      (SCD):    -0.766ns
    Clock Pessimism Removal (CPR):    -0.685ns

    Location             Delay type                Incr(ns)  Path(ns)    Netlist Resource(s)
  -------------------------------------------------------------------    -------------------
                         (clock clk_125_system_clk_gen_0 rise edge)
                                                      0.000     0.000 r  
    U18                  IBUFDS                       0.000     0.000 r  i_IBUF_clkadc/O
                         net (fo=4, routed)           0.440     0.440    system_wrapper_i/clk_gen/inst/clk_in1
    MMCME2_ADV_X0Y0      MMCME2_ADV (Prop_mmcme2_adv_CLKIN1_CLKOUT0)
                                                     -2.271    -1.831 r  system_wrapper_i/clk_gen/inst/mmcm_adv_inst/CLKOUT0
                         net (fo=1, routed)           0.482    -1.349    system_wrapper_i/clk_gen/inst/clk_125_system_clk_gen_0
    BUFGCTRL_X0Y0        BUFG (Prop_bufg_I_O)         0.026    -1.323 r  system_wrapper_i/clk_gen/inst/clkout1_buf/O
                         net (fo=9645, routed)        0.558    -0.766    system_wrapper_i/rp_oscilloscope/inst/acq_ch_gen[1].U_osc2/i_dfilt/clk
    SLICE_X23Y94         FDRE                                         r  system_wrapper_i/rp_oscilloscope/inst/acq_ch_gen[1].U_osc2/i_dfilt/r3_reg_dsp3_reg[16]/C
  -------------------------------------------------------------------    -------------------
    SLICE_X23Y94         FDRE (Prop_fdre_C_Q)         0.128    -0.638 r  system_wrapper_i/rp_oscilloscope/inst/acq_ch_gen[1].U_osc2/i_dfilt/r3_reg_dsp3_reg[16]/Q
                         net (fo=1, routed)           0.188    -0.450    system_wrapper_i/rp_oscilloscope/inst/acq_ch_gen[1].U_osc2/i_dfilt/r3_reg_dsp3_reg_n_0_[16]
    SLICE_X16Y94         FDRE                                         r  system_wrapper_i/rp_oscilloscope/inst/acq_ch_gen[1].U_osc2/i_dfilt/r3_shr_reg[16]/D
  -------------------------------------------------------------------    -------------------

                         (clock clk_125_system_clk_gen_0 rise edge)
                                                      0.000     0.000 r  
    U18                  IBUFDS                       0.000     0.000 r  i_IBUF_clkadc/O
                         net (fo=4, routed)           0.480     0.480    system_wrapper_i/clk_gen/inst/clk_in1
    MMCME2_ADV_X0Y0      MMCME2_ADV (Prop_mmcme2_adv_CLKIN1_CLKOUT0)
                                                     -3.050    -2.570 r  system_wrapper_i/clk_gen/inst/mmcm_adv_inst/CLKOUT0
                         net (fo=1, routed)           0.528    -2.042    system_wrapper_i/clk_gen/inst/clk_125_system_clk_gen_0
    BUFGCTRL_X0Y0        BUFG (Prop_bufg_I_O)         0.029    -2.013 r  system_wrapper_i/clk_gen/inst/clkout1_buf/O
                         net (fo=9645, routed)        0.830    -1.183    system_wrapper_i/rp_oscilloscope/inst/acq_ch_gen[1].U_osc2/i_dfilt/clk
    SLICE_X16Y94         FDRE                                         r  system_wrapper_i/rp_oscilloscope/inst/acq_ch_gen[1].U_osc2/i_dfilt/r3_shr_reg[16]/C
                         clock pessimism              0.685    -0.498    
    SLICE_X16Y94         FDRE (Hold_fdre_C_D)        -0.001    -0.499    system_wrapper_i/rp_oscilloscope/inst/acq_ch_gen[1].U_osc2/i_dfilt/r3_shr_reg[16]
  -------------------------------------------------------------------
                         required time                          0.499    
                         arrival time                          -0.450    
  -------------------------------------------------------------------
                         slack                                  0.049    





Pulse Width Checks
--------------------------------------------------------------------------------------
Clock Name:         clk_125_system_clk_gen_0
Waveform(ns):       { 0.000 4.000 }
Period(ns):         8.000
Sources:            { system_wrapper_i/clk_gen/inst/mmcm_adv_inst/CLKOUT0 }

Check Type        Corner  Lib Pin             Reference Pin  Required(ns)  Actual(ns)  Slack(ns)  Location         Pin
Min Period        n/a     XADC/DCLK           n/a            4.000         8.000       4.000      XADC_X0Y0        system_wrapper_i/xadc/inst/AXI_XADC_CORE_I/XADC_INST/DCLK
Max Period        n/a     MMCME2_ADV/CLKOUT0  n/a            213.360       8.000       205.360    MMCME2_ADV_X0Y0  system_wrapper_i/clk_gen/inst/mmcm_adv_inst/CLKOUT0
Low Pulse Width   Fast    RAMD32/CLK          n/a            1.250         4.000       2.750      SLICE_X38Y16     system_wrapper_i/rp_oscilloscope/inst/acq_ch_gen[1].U_osc2/U_dma_s2mm/U_dma_s2mm_ctrl/U_fifo_axi_req/U0/inst_fifo_gen/gconvfifo.rf/grf.rf/gntv_or_sync_fifo.mem/gdm.dm_gen.dm/RAM_reg_0_15_0_5/RAMA/CLK
High Pulse Width  Slow    RAMD32/CLK          n/a            1.250         4.000       2.750      SLICE_X38Y21     system_wrapper_i/rp_oscilloscope/inst/acq_ch_gen[0].U_osc2/U_dma_s2mm/U_dma_s2mm_ctrl/U_dma_s2mm_data_ctrl/U_fifo_axi_req/U0/inst_fifo_gen/gconvfifo.rf/grf.rf/gntv_or_sync_fifo.mem/gdm.dm_gen.dm/RAM_reg_0_15_0_5/RAMA/CLK



---------------------------------------------------------------------------------------------------
From Clock:  clk_200_system_clk_gen_0
  To Clock:  clk_200_system_clk_gen_0

Setup :           17  Failing Endpoints,  Worst Slack       -0.130ns,  Total Violation       -1.564ns
Hold  :            0  Failing Endpoints,  Worst Slack        0.052ns,  Total Violation        0.000ns
PW    :            0  Failing Endpoints,  Worst Slack        1.020ns,  Total Violation        0.000ns
---------------------------------------------------------------------------------------------------


Max Delay Paths
--------------------------------------------------------------------------------------
Slack (VIOLATED) :        -0.130ns  (required time - arrival time)
  Source:                 system_wrapper_i/rp_dac/inst/U_dac1/U_dma_mm2s/U_fifo_axi_data/U0/inst_fifo_gen/gconvfifo.rf/grf.rf/gntv_or_sync_fifo.gl0.wr/wpntr/gic0.gc0.count_d1_reg[2]/C
                            (rising edge-triggered cell FDRE clocked by clk_200_system_clk_gen_0  {rise@0.000ns fall@2.000ns period=4.000ns})
  Destination:            system_wrapper_i/rp_dac/inst/U_dac1/U_dma_mm2s/fifo_wr_data_reg[0]/CE
                            (rising edge-triggered cell FDRE clocked by clk_200_system_clk_gen_0  {rise@0.000ns fall@2.000ns period=4.000ns})
  Path Group:             clk_200_system_clk_gen_0
  Path Type:              Setup (Max at Slow Process Corner)
  Requirement:            4.000ns  (clk_200_system_clk_gen_0 rise@4.000ns - clk_200_system_clk_gen_0 rise@0.000ns)
  Data Path Delay:        3.846ns  (logic 1.316ns (34.213%)  route 2.530ns (65.787%))
  Logic Levels:           3  (CARRY4=1 LUT4=2)
  Clock Path Skew:        -0.015ns (DCD - SCD + CPR)
    Destination Clock Delay (DCD):    -2.725ns = ( 1.275 - 4.000 ) 
    Source Clock Delay      (SCD):    -2.156ns
    Clock Pessimism Removal (CPR):    0.554ns
  Clock Uncertainty:      0.063ns  ((TSJ^2 + DJ^2)^1/2) / 2 + PE
    Total System Jitter     (TSJ):    0.071ns
    Discrete Jitter          (DJ):    0.105ns
    Phase Error              (PE):    0.000ns

    Location             Delay type                Incr(ns)  Path(ns)    Netlist Resource(s)
  -------------------------------------------------------------------    -------------------
                         (clock clk_200_system_clk_gen_0 rise edge)
                                                      0.000     0.000 r  
    U18                  IBUFDS                       0.000     0.000 r  i_IBUF_clkadc/O
                         net (fo=4, routed)           1.285     1.285    system_wrapper_i/clk_gen/inst/clk_in1
    MMCME2_ADV_X0Y0      MMCME2_ADV (Prop_mmcme2_adv_CLKIN1_CLKOUT1)
                                                     -7.010    -5.725 r  system_wrapper_i/clk_gen/inst/mmcm_adv_inst/CLKOUT1
                         net (fo=1, routed)           1.760    -3.965    system_wrapper_i/clk_gen/inst/clk_200_system_clk_gen_0
    BUFGCTRL_X0Y2        BUFG (Prop_bufg_I_O)         0.101    -3.864 r  system_wrapper_i/clk_gen/inst/clkout2_buf/O
                         net (fo=1217, routed)        1.708    -2.156    system_wrapper_i/rp_dac/inst/U_dac1/U_dma_mm2s/U_fifo_axi_data/U0/inst_fifo_gen/gconvfifo.rf/grf.rf/gntv_or_sync_fifo.gl0.wr/wpntr/CLK
    SLICE_X4Y24          FDRE                                         r  system_wrapper_i/rp_dac/inst/U_dac1/U_dma_mm2s/U_fifo_axi_data/U0/inst_fifo_gen/gconvfifo.rf/grf.rf/gntv_or_sync_fifo.gl0.wr/wpntr/gic0.gc0.count_d1_reg[2]/C
  -------------------------------------------------------------------    -------------------
    SLICE_X4Y24          FDRE (Prop_fdre_C_Q)         0.518    -1.638 r  system_wrapper_i/rp_dac/inst/U_dac1/U_dma_mm2s/U_fifo_axi_data/U0/inst_fifo_gen/gconvfifo.rf/grf.rf/gntv_or_sync_fifo.gl0.wr/wpntr/gic0.gc0.count_d1_reg[2]/Q
                         net (fo=2, routed)           0.908    -0.730    system_wrapper_i/rp_dac/inst/U_dac1/U_dma_mm2s/U_fifo_axi_data/U0/inst_fifo_gen/gconvfifo.rf/grf.rf/gntv_or_sync_fifo.gl0.wr/gwas.wsts/c1/DINB[2]
    SLICE_X5Y24          LUT4 (Prop_lut4_I1_O)        0.124    -0.606 r  system_wrapper_i/rp_dac/inst/U_dac1/U_dma_mm2s/U_fifo_axi_data/U0/inst_fifo_gen/gconvfifo.rf/grf.rf/gntv_or_sync_fifo.gl0.wr/gwas.wsts/c1/gmux.gm[1].gms.ms_i_1/O
                         net (fo=1, routed)           0.000    -0.606    system_wrapper_i/rp_dac/inst/U_dac1/U_dma_mm2s/U_fifo_axi_data/U0/inst_fifo_gen/gconvfifo.rf/grf.rf/gntv_or_sync_fifo.gl0.wr/gwas.wsts/c1/v1_reg[1]
    SLICE_X5Y24          CARRY4 (Prop_carry4_S[1]_CO[3])
                                                      0.550    -0.056 f  system_wrapper_i/rp_dac/inst/U_dac1/U_dma_mm2s/U_fifo_axi_data/U0/inst_fifo_gen/gconvfifo.rf/grf.rf/gntv_or_sync_fifo.gl0.wr/gwas.wsts/c1/gmux.gm[0].gm1.m1_CARRY4/CO[3]
                         net (fo=2, routed)           0.781     0.725    system_wrapper_i/rp_dac/inst/U_dac1/U_dma_mm2s/pwropt_1
    SLICE_X4Y24          LUT4 (Prop_lut4_I2_O)        0.124     0.849 r  system_wrapper_i/rp_dac/inst/U_dac1/U_dma_mm2s/fifo_wr_data_reg[0]_CE_cooolgate_en_gate_209/O
                         net (fo=64, routed)          0.841     1.690    system_wrapper_i/rp_dac/inst/U_dac1/U_dma_mm2s/fifo_wr_data_reg[0]_CE_cooolgate_en_sig_8
    SLICE_X5Y18          FDRE                                         r  system_wrapper_i/rp_dac/inst/U_dac1/U_dma_mm2s/fifo_wr_data_reg[0]/CE
  -------------------------------------------------------------------    -------------------

                         (clock clk_200_system_clk_gen_0 rise edge)
                                                      4.000     4.000 r  
    U18                  IBUFDS                       0.000     4.000 r  i_IBUF_clkadc/O
                         net (fo=4, routed)           1.162     5.162    system_wrapper_i/clk_gen/inst/clk_in1
    MMCME2_ADV_X0Y0      MMCME2_ADV (Prop_mmcme2_adv_CLKIN1_CLKOUT1)
                                                     -7.118    -1.957 r  system_wrapper_i/clk_gen/inst/mmcm_adv_inst/CLKOUT1
                         net (fo=1, routed)           1.599    -0.357    system_wrapper_i/clk_gen/inst/clk_200_system_clk_gen_0
    BUFGCTRL_X0Y2        BUFG (Prop_bufg_I_O)         0.091    -0.266 r  system_wrapper_i/clk_gen/inst/clkout2_buf/O
                         net (fo=1217, routed)        1.541     1.275    system_wrapper_i/rp_dac/inst/U_dac1/U_dma_mm2s/m_axi_aclk
    SLICE_X5Y18          FDRE                                         r  system_wrapper_i/rp_dac/inst/U_dac1/U_dma_mm2s/fifo_wr_data_reg[0]/C
                         clock pessimism              0.554     1.829    
                         clock uncertainty           -0.063     1.766    
    SLICE_X5Y18          FDRE (Setup_fdre_C_CE)      -0.205     1.561    system_wrapper_i/rp_dac/inst/U_dac1/U_dma_mm2s/fifo_wr_data_reg[0]
  -------------------------------------------------------------------
                         required time                          1.561    
                         arrival time                          -1.690    
  -------------------------------------------------------------------
                         slack                                 -0.130    





Min Delay Paths
--------------------------------------------------------------------------------------
Slack (MET) :             0.052ns  (arrival time - required time)
  Source:                 system_wrapper_i/rp_dac/inst/U_dac_cfg/reg_wdat_axi_reg[4]/C
                            (rising edge-triggered cell FDRE clocked by clk_200_system_clk_gen_0  {rise@0.000ns fall@2.000ns period=4.000ns})
  Destination:            system_wrapper_i/rp_dac/inst/U_dac_cfg/cfg_buf1_adr_chb_reg[4]/D
                            (rising edge-triggered cell FDRE clocked by clk_200_system_clk_gen_0  {rise@0.000ns fall@2.000ns period=4.000ns})
  Path Group:             clk_200_system_clk_gen_0
  Path Type:              Hold (Min at Fast Process Corner)
  Requirement:            0.000ns  (clk_200_system_clk_gen_0 rise@0.000ns - clk_200_system_clk_gen_0 rise@0.000ns)
  Data Path Delay:        0.326ns  (logic 0.128ns (39.238%)  route 0.198ns (60.762%))
  Logic Levels:           0  
  Clock Path Skew:        0.265ns (DCD - SCD - CPR)
    Destination Clock Delay (DCD):    -1.187ns
    Source Clock Delay      (SCD):    -0.768ns
    Clock Pessimism Removal (CPR):    -0.685ns

    Location             Delay type                Incr(ns)  Path(ns)    Netlist Resource(s)
  -------------------------------------------------------------------    -------------------
                         (clock clk_200_system_clk_gen_0 rise edge)
                                                      0.000     0.000 r  
    U18                  IBUFDS                       0.000     0.000 r  i_IBUF_clkadc/O
                         net (fo=4, routed)           0.440     0.440    system_wrapper_i/clk_gen/inst/clk_in1
    MMCME2_ADV_X0Y0      MMCME2_ADV (Prop_mmcme2_adv_CLKIN1_CLKOUT1)
                                                     -2.271    -1.831 r  system_wrapper_i/clk_gen/inst/mmcm_adv_inst/CLKOUT1
                         net (fo=1, routed)           0.482    -1.349    system_wrapper_i/clk_gen/inst/clk_200_system_clk_gen_0
    BUFGCTRL_X0Y2        BUFG (Prop_bufg_I_O)         0.026    -1.323 r  system_wrapper_i/clk_gen/inst/clkout2_buf/O
                         net (fo=1217, routed)        0.556    -0.768    system_wrapper_i/rp_dac/inst/U_dac_cfg/clk_axi_i
    SLICE_X23Y36         FDRE                                         r  system_wrapper_i/rp_dac/inst/U_dac_cfg/reg_wdat_axi_reg[4]/C
  -------------------------------------------------------------------    -------------------
    SLICE_X23Y36         FDRE (Prop_fdre_C_Q)         0.128    -0.640 r  system_wrapper_i/rp_dac/inst/U_dac_cfg/reg_wdat_axi_reg[4]/Q
                         net (fo=6, routed)           0.198    -0.442    system_wrapper_i/rp_dac/inst/U_dac_cfg/reg_wdat_axi[4]
    SLICE_X16Y36         FDRE                                         r  system_wrapper_i/rp_dac/inst/U_dac_cfg/cfg_buf1_adr_chb_reg[4]/D
  -------------------------------------------------------------------    -------------------

                         (clock clk_200_system_clk_gen_0 rise edge)
                                                      0.000     0.000 r  
    U18                  IBUFDS                       0.000     0.000 r  i_IBUF_clkadc/O
                         net (fo=4, routed)           0.480     0.480    system_wrapper_i/clk_gen/inst/clk_in1
    MMCME2_ADV_X0Y0      MMCME2_ADV (Prop_mmcme2_adv_CLKIN1_CLKOUT1)
                                                     -3.050    -2.570 r  system_wrapper_i/clk_gen/inst/mmcm_adv_inst/CLKOUT1
                         net (fo=1, routed)           0.528    -2.042    system_wrapper_i/clk_gen/inst/clk_200_system_clk_gen_0
    BUFGCTRL_X0Y2        BUFG (Prop_bufg_I_O)         0.029    -2.013 r  system_wrapper_i/clk_gen/inst/clkout2_buf/O
                         net (fo=1217, routed)        0.826    -1.187    system_wrapper_i/rp_dac/inst/U_dac_cfg/clk_axi_i
    SLICE_X16Y36         FDRE                                         r  system_wrapper_i/rp_dac/inst/U_dac_cfg/cfg_buf1_adr_chb_reg[4]/C
                         clock pessimism              0.685    -0.502    
    SLICE_X16Y36         FDRE (Hold_fdre_C_D)         0.009    -0.493    system_wrapper_i/rp_dac/inst/U_dac_cfg/cfg_buf1_adr_chb_reg[4]
  -------------------------------------------------------------------
                         required time                          0.493    
                         arrival time                          -0.442    
  -------------------------------------------------------------------
                         slack                                  0.052    





Pulse Width Checks
--------------------------------------------------------------------------------------
Clock Name:         clk_200_system_clk_gen_0
Waveform(ns):       { 0.000 2.000 }
Period(ns):         4.000
Sources:            { system_wrapper_i/clk_gen/inst/mmcm_adv_inst/CLKOUT1 }

Check Type        Corner  Lib Pin             Reference Pin  Required(ns)  Actual(ns)  Slack(ns)  Location         Pin
Min Period        n/a     RAMB18E1/CLKARDCLK  n/a            2.576         4.000       1.424      RAMB18_X1Y4      system_wrapper_i/rp_dac/inst/U_dac1/U_dma_mm2s/U_fifo_axi_data/U0/inst_fifo_gen/gconvfifo.rf/grf.rf/gntv_or_sync_fifo.mem/gbm.gbmg.gbmga.ngecc.bmg/inst_blk_mem_gen/gnbram.gnativebmg.native_blk_mem_gen/valid.cstr/ramloop[0].ram.r/prim_noinit.ram/DEVICE_7SERIES.NO_BMM_INFO.SDP.SIMPLE_PRIM18.ram/CLKARDCLK
Max Period        n/a     MMCME2_ADV/CLKOUT1  n/a            213.360       4.000       209.360    MMCME2_ADV_X0Y0  system_wrapper_i/clk_gen/inst/mmcm_adv_inst/CLKOUT1
Low Pulse Width   Fast    SRL16E/CLK          n/a            0.980         2.000       1.020      SLICE_X4Y21      system_wrapper_i/rp_dac/inst/U_dac1/U_dma_mm2s/U_fifo_axi_data/U0/inst_fifo_gen/gconvfifo.rf/grf.rf/gntv_or_sync_fifo.mem/gbm.gbmg.gbmga.ngecc.bmg/inst_blk_mem_gen/gnbram.gnativebmg.native_blk_mem_gen/valid.cstr/ramloop[1].ram.r/SAFETY_CKT_GEN.RSTA_SHFT_REG_reg[3]_srl3/CLK
High Pulse Width  Slow    SRL16E/CLK          n/a            0.980         2.000       1.020      SLICE_X24Y18     system_wrapper_i/rp_dac/inst/U_dac1/U_dma_mm2s/U_fifo_axi_data/U0/inst_fifo_gen/gconvfifo.rf/grf.rf/gntv_or_sync_fifo.mem/gbm.gbmg.gbmga.ngecc.bmg/inst_blk_mem_gen/gnbram.gnativebmg.native_blk_mem_gen/valid.cstr/ramloop[0].ram.r/SAFETY_CKT_GEN.RSTA_SHFT_REG_reg[3]_srl3/CLK



---------------------------------------------------------------------------------------------------
From Clock:  clkfbout_system_clk_gen_0
  To Clock:  clkfbout_system_clk_gen_0

Setup :           NA  Failing Endpoints,  Worst Slack           NA  ,  Total Violation           NA
Hold  :           NA  Failing Endpoints,  Worst Slack           NA  ,  Total Violation           NA
PW    :            0  Failing Endpoints,  Worst Slack        5.845ns,  Total Violation        0.000ns
---------------------------------------------------------------------------------------------------


Pulse Width Checks
--------------------------------------------------------------------------------------
Clock Name:         clkfbout_system_clk_gen_0
Waveform(ns):       { 0.000 4.000 }
Period(ns):         8.000
Sources:            { system_wrapper_i/clk_gen/inst/mmcm_adv_inst/CLKFBOUT }

Check Type  Corner  Lib Pin             Reference Pin  Required(ns)  Actual(ns)  Slack(ns)  Location         Pin
Min Period  n/a     BUFG/I              n/a            2.155         8.000       5.845      BUFGCTRL_X0Y7    system_wrapper_i/clk_gen/inst/clkf_buf/I
Max Period  n/a     MMCME2_ADV/CLKFBIN  n/a            100.000       8.000       92.000     MMCME2_ADV_X0Y0  system_wrapper_i/clk_gen/inst/mmcm_adv_inst/CLKFBIN



---------------------------------------------------------------------------------------------------
From Clock:  clk_125_system_clk_gen_0
  To Clock:  pll_dac_clk_1x

Setup :            0  Failing Endpoints,  Worst Slack        0.489ns,  Total Violation        0.000ns
Hold  :            0  Failing Endpoints,  Worst Slack        0.371ns,  Total Violation        0.000ns
---------------------------------------------------------------------------------------------------


Max Delay Paths
--------------------------------------------------------------------------------------
Slack (MET) :             0.489ns  (required time - arrival time)
  Source:                 system_wrapper_i/rp_dac/inst/dac_a_r_reg[3]/C
                            (rising edge-triggered cell FDRE clocked by clk_125_system_clk_gen_0  {rise@0.000ns fall@4.000ns period=8.000ns})
  Destination:            dac_dat_a_o_reg[1]/D
                            (rising edge-triggered cell FDRE clocked by pll_dac_clk_1x  {rise@0.000ns fall@4.000ns period=8.000ns})
  Path Group:             pll_dac_clk_1x
  Path Type:              Setup (Max at Slow Process Corner)
  Requirement:            8.000ns  (pll_dac_clk_1x rise@8.000ns - clk_125_system_clk_gen_0 rise@0.000ns)
  Data Path Delay:        14.833ns  (logic 0.580ns (3.910%)  route 14.253ns (96.090%))
  Logic Levels:           1  (LUT1=1)
  Clock Path Skew:        7.554ns (DCD - SCD + CPR)
    Destination Clock Delay (DCD):    5.442ns = ( 13.442 - 8.000 ) 
    Source Clock Delay      (SCD):    -2.112ns
    Clock Pessimism Removal (CPR):    0.000ns
  Clock Uncertainty:      0.261ns  ((TSJ^2 + DJ^2)^1/2) / 2 + PE
    Total System Jitter     (TSJ):    0.071ns
    Discrete Jitter          (DJ):    0.238ns
    Phase Error              (PE):    0.137ns
  Clock Domain Crossing:  Inter clock paths are considered valid unless explicitly excluded by timing constraints such as set_clock_groups or set_false_path.

    Location             Delay type                Incr(ns)  Path(ns)    Netlist Resource(s)
  -------------------------------------------------------------------    -------------------
                         (clock clk_125_system_clk_gen_0 rise edge)
                                                      0.000     0.000 r  
    U18                  IBUFDS                       0.000     0.000 r  i_IBUF_clkadc/O
                         net (fo=4, routed)           1.285     1.285    system_wrapper_i/clk_gen/inst/clk_in1
    MMCME2_ADV_X0Y0      MMCME2_ADV (Prop_mmcme2_adv_CLKIN1_CLKOUT0)
                                                     -7.010    -5.725 r  system_wrapper_i/clk_gen/inst/mmcm_adv_inst/CLKOUT0
                         net (fo=1, routed)           1.760    -3.965    system_wrapper_i/clk_gen/inst/clk_125_system_clk_gen_0
    BUFGCTRL_X0Y0        BUFG (Prop_bufg_I_O)         0.101    -3.864 r  system_wrapper_i/clk_gen/inst/clkout1_buf/O
                         net (fo=9645, routed)        1.752    -2.112    system_wrapper_i/rp_dac/inst/clk
    SLICE_X43Y39         FDRE                                         r  system_wrapper_i/rp_dac/inst/dac_a_r_reg[3]/C
  -------------------------------------------------------------------    -------------------
    SLICE_X43Y39         FDRE (Prop_fdre_C_Q)         0.456    -1.656 f  system_wrapper_i/rp_dac/inst/dac_a_r_reg[3]/Q
                         net (fo=3, routed)          14.253    12.597    dac_dat_a[3]
    SLICE_X43Y77         LUT1 (Prop_lut1_I0_O)        0.124    12.721 r  dac_dat_a_o[1]_i_1/O
                         net (fo=1, routed)           0.000    12.721    p_2_in__0[1]
    SLICE_X43Y77         FDRE                                         r  dac_dat_a_o_reg[1]/D
  -------------------------------------------------------------------    -------------------

                         (clock pll_dac_clk_1x rise edge)
                                                      8.000     8.000 r  
    U18                                               0.000     8.000 r  adc_clk_i[1] (IN)
                         net (fo=0)                   0.000     8.000    adc_clk_i[1]
    U18                  IBUFDS (Prop_ibufds_I_O)     0.940     8.940 r  i_IBUF_clkadc/O
                         net (fo=4, routed)           1.181    10.121    pll/clk
    PLLE2_ADV_X0Y0       PLLE2_ADV (Prop_plle2_adv_CLKIN1_CLKOUT1)
                                                      0.084    10.205 r  pll/pll/CLKOUT1
                         net (fo=1, routed)           1.594    11.799    pll_dac_clk_1x
    BUFGCTRL_X0Y3        BUFG (Prop_bufg_I_O)         0.091    11.890 r  bufg_dac_clk_1x/O
                         net (fo=45, routed)          1.552    13.442    dac_clk_1x
    SLICE_X43Y77         FDRE                                         r  dac_dat_a_o_reg[1]/C
                         clock pessimism              0.000    13.442    
                         clock uncertainty           -0.261    13.181    
    SLICE_X43Y77         FDRE (Setup_fdre_C_D)        0.029    13.210    dac_dat_a_o_reg[1]
  -------------------------------------------------------------------
                         required time                         13.210    
                         arrival time                         -12.721    
  -------------------------------------------------------------------
                         slack                                  0.489    





Min Delay Paths
--------------------------------------------------------------------------------------
Slack (MET) :             0.371ns  (arrival time - required time)
  Source:                 system_wrapper_i/rp_dac/inst/dac_a_r_reg[5]/C
                            (rising edge-triggered cell FDRE clocked by clk_125_system_clk_gen_0  {rise@0.000ns fall@4.000ns period=8.000ns})
  Destination:            dac_dat_a_o_reg[3]/D
                            (rising edge-triggered cell FDRE clocked by pll_dac_clk_1x  {rise@0.000ns fall@4.000ns period=8.000ns})
  Path Group:             pll_dac_clk_1x
  Path Type:              Hold (Min at Slow Process Corner)
  Requirement:            0.000ns  (pll_dac_clk_1x rise@0.000ns - clk_125_system_clk_gen_0 rise@0.000ns)
  Data Path Delay:        9.557ns  (logic 0.467ns (4.886%)  route 9.090ns (95.114%))
  Logic Levels:           1  (LUT1=1)
  Clock Path Skew:        8.655ns (DCD - SCD - CPR)
    Destination Clock Delay (DCD):    5.964ns
    Source Clock Delay      (SCD):    -2.691ns
    Clock Pessimism Removal (CPR):    -0.000ns
  Clock Uncertainty:      0.261ns  ((TSJ^2 + DJ^2)^1/2) / 2 + PE
    Total System Jitter     (TSJ):    0.071ns
    Discrete Jitter          (DJ):    0.238ns
    Phase Error              (PE):    0.137ns
  Clock Domain Crossing:  Inter clock paths are considered valid unless explicitly excluded by timing constraints such as set_clock_groups or set_false_path.

    Location             Delay type                Incr(ns)  Path(ns)    Netlist Resource(s)
  -------------------------------------------------------------------    -------------------
                         (clock clk_125_system_clk_gen_0 rise edge)
                                                      0.000     0.000 r  
    U18                  IBUFDS                       0.000     0.000 r  i_IBUF_clkadc/O
                         net (fo=4, routed)           1.162     1.162    system_wrapper_i/clk_gen/inst/clk_in1
    MMCME2_ADV_X0Y0      MMCME2_ADV (Prop_mmcme2_adv_CLKIN1_CLKOUT0)
                                                     -7.118    -5.957 r  system_wrapper_i/clk_gen/inst/mmcm_adv_inst/CLKOUT0
                         net (fo=1, routed)           1.599    -4.357    system_wrapper_i/clk_gen/inst/clk_125_system_clk_gen_0
    BUFGCTRL_X0Y0        BUFG (Prop_bufg_I_O)         0.091    -4.266 r  system_wrapper_i/clk_gen/inst/clkout1_buf/O
                         net (fo=9645, routed)        1.575    -2.691    system_wrapper_i/rp_dac/inst/clk
    SLICE_X43Y42         FDRE                                         r  system_wrapper_i/rp_dac/inst/dac_a_r_reg[5]/C
  -------------------------------------------------------------------    -------------------
    SLICE_X43Y42         FDRE (Prop_fdre_C_Q)         0.367    -2.324 f  system_wrapper_i/rp_dac/inst/dac_a_r_reg[5]/Q
                         net (fo=3, routed)           9.090     6.766    dac_dat_a[5]
    SLICE_X43Y80         LUT1 (Prop_lut1_I0_O)        0.100     6.866 r  dac_dat_a_o[3]_i_1/O
                         net (fo=1, routed)           0.000     6.866    p_2_in__0[3]
    SLICE_X43Y80         FDRE                                         r  dac_dat_a_o_reg[3]/D
  -------------------------------------------------------------------    -------------------

                         (clock pll_dac_clk_1x rise edge)
                                                      0.000     0.000 r  
    U18                                               0.000     0.000 r  adc_clk_i[1] (IN)
                         net (fo=0)                   0.000     0.000    adc_clk_i[1]
    U18                  IBUFDS (Prop_ibufds_I_O)     0.983     0.983 r  i_IBUF_clkadc/O
                         net (fo=4, routed)           1.306     2.289    pll/clk
    PLLE2_ADV_X0Y0       PLLE2_ADV (Prop_plle2_adv_CLKIN1_CLKOUT1)
                                                      0.089     2.378 r  pll/pll/CLKOUT1
                         net (fo=1, routed)           1.754     4.132    pll_dac_clk_1x
    BUFGCTRL_X0Y3        BUFG (Prop_bufg_I_O)         0.101     4.233 r  bufg_dac_clk_1x/O
                         net (fo=45, routed)          1.731     5.964    dac_clk_1x
    SLICE_X43Y80         FDRE                                         r  dac_dat_a_o_reg[3]/C
                         clock pessimism              0.000     5.964    
                         clock uncertainty            0.261     6.225    
    SLICE_X43Y80         FDRE (Hold_fdre_C_D)         0.270     6.495    dac_dat_a_o_reg[3]
  -------------------------------------------------------------------
                         required time                         -6.495    
                         arrival time                           6.866    
  -------------------------------------------------------------------
                         slack                                  0.371    





---------------------------------------------------------------------------------------------------
From Clock:  adc_clk
  To Clock:  clk_125_system_clk_gen_0

Setup :            0  Failing Endpoints,  Worst Slack        0.636ns,  Total Violation        0.000ns
Hold  :            0  Failing Endpoints,  Worst Slack        4.490ns,  Total Violation        0.000ns
---------------------------------------------------------------------------------------------------


Max Delay Paths
--------------------------------------------------------------------------------------
Slack (MET) :             0.636ns  (required time - arrival time)
  Source:                 adc_dat_i[0][7]
                            (input port clocked by adc_clk  {rise@0.000ns fall@4.000ns period=8.000ns})
  Destination:            adc_dat_ch1_r_reg[5]/D
                            (rising edge-triggered cell FDRE clocked by clk_125_system_clk_gen_0  {rise@0.000ns fall@4.000ns period=8.000ns})
  Path Group:             clk_125_system_clk_gen_0
  Path Type:              Setup (Max at Slow Process Corner)
  Requirement:            8.000ns  (clk_125_system_clk_gen_0 rise@8.000ns - adc_clk rise@0.000ns)
  Data Path Delay:        1.070ns  (logic 1.070ns (100.000%)  route 0.000ns (0.000%))
  Logic Levels:           1  (IBUF=1)
  Input Delay:            3.400ns
  Clock Path Skew:        -2.717ns (DCD - SCD + CPR)
    Destination Clock Delay (DCD):    -2.717ns = ( 5.283 - 8.000 ) 
    Source Clock Delay      (SCD):    0.000ns
    Clock Pessimism Removal (CPR):    0.000ns
  Clock Uncertainty:      0.166ns  ((TSJ^2 + DJ^2)^1/2) / 2 + PE
    Total System Jitter     (TSJ):    0.071ns
    Discrete Jitter          (DJ):    0.119ns
    Phase Error              (PE):    0.097ns
  Clock Domain Crossing:  Inter clock paths are considered valid unless explicitly excluded by timing constraints such as set_clock_groups or set_false_path.

    Location             Delay type                Incr(ns)  Path(ns)    Netlist Resource(s)
  -------------------------------------------------------------------    -------------------
                         (clock adc_clk rise edge)    0.000     0.000 r  
                         input delay                  3.400     3.400    
    Y14                                               0.000     3.400 r  adc_dat_i[0][7] (IN)
                         net (fo=0)                   0.000     3.400    adc_dat_i[0][7]
    Y14                  IBUF (Prop_ibuf_I_O)         1.070     4.470 r  adc_dat_ch1_r_reg[5]_i_1/O
                         net (fo=1, routed)           0.000     4.470    adc_dat_ch1_r_reg[5]_i_1_n_0
    ILOGIC_X0Y33         FDRE                                         r  adc_dat_ch1_r_reg[5]/D
  -------------------------------------------------------------------    -------------------

                         (clock clk_125_system_clk_gen_0 rise edge)
                                                      8.000     8.000 r  
    U18                  IBUFDS                       0.000     8.000 r  i_IBUF_clkadc/O
                         net (fo=4, routed)           1.162     9.162    system_wrapper_i/clk_gen/inst/clk_in1
    MMCME2_ADV_X0Y0      MMCME2_ADV (Prop_mmcme2_adv_CLKIN1_CLKOUT0)
                                                     -7.118     2.043 r  system_wrapper_i/clk_gen/inst/mmcm_adv_inst/CLKOUT0
                         net (fo=1, routed)           1.599     3.642    system_wrapper_i/clk_gen/inst/clk_125_system_clk_gen_0
    BUFGCTRL_X0Y0        BUFG (Prop_bufg_I_O)         0.091     3.734 r  system_wrapper_i/clk_gen/inst/clkout1_buf/O
                         net (fo=9645, routed)        1.550     5.283    clk_125
    ILOGIC_X0Y33         FDRE                                         r  adc_dat_ch1_r_reg[5]/C
                         clock pessimism              0.000     5.283    
                         clock uncertainty           -0.166     5.117    
    ILOGIC_X0Y33         FDRE (Setup_fdre_C_D)       -0.011     5.106    adc_dat_ch1_r_reg[5]
  -------------------------------------------------------------------
                         required time                          5.106    
                         arrival time                          -4.470    
  -------------------------------------------------------------------
                         slack                                  0.636    





Min Delay Paths
--------------------------------------------------------------------------------------
Slack (MET) :             4.490ns  (arrival time - required time)
  Source:                 adc_dat_i[1][3]
                            (input port clocked by adc_clk  {rise@0.000ns fall@4.000ns period=8.000ns})
  Destination:            adc_dat_ch2_r_reg[1]/D
                            (rising edge-triggered cell FDRE clocked by clk_125_system_clk_gen_0  {rise@0.000ns fall@4.000ns period=8.000ns})
  Path Group:             clk_125_system_clk_gen_0
  Path Type:              Hold (Min at Fast Process Corner)
  Requirement:            0.000ns  (clk_125_system_clk_gen_0 rise@0.000ns - adc_clk rise@0.000ns)
  Data Path Delay:        0.168ns  (logic 0.168ns (100.000%)  route 0.000ns (0.000%))
  Logic Levels:           1  (IBUF=1)
  Input Delay:            3.400ns
  Clock Path Skew:        -1.157ns (DCD - SCD - CPR)
    Destination Clock Delay (DCD):    -1.157ns
    Source Clock Delay      (SCD):    0.000ns
    Clock Pessimism Removal (CPR):    -0.000ns
  Clock Uncertainty:      0.166ns  ((TSJ^2 + DJ^2)^1/2) / 2 + PE
    Total System Jitter     (TSJ):    0.071ns
    Discrete Jitter          (DJ):    0.119ns
    Phase Error              (PE):    0.097ns
  Clock Domain Crossing:  Inter clock paths are considered valid unless explicitly excluded by timing constraints such as set_clock_groups or set_false_path.

    Location             Delay type                Incr(ns)  Path(ns)    Netlist Resource(s)
  -------------------------------------------------------------------    -------------------
                         (clock adc_clk rise edge)    0.000     0.000 r  
                         input delay                  3.400     3.400    
    P16                                               0.000     3.400 r  adc_dat_i[1][3] (IN)
                         net (fo=0)                   0.000     3.400    adc_dat_i[1][3]
    P16                  IBUF (Prop_ibuf_I_O)         0.168     3.568 r  adc_dat_ch2_r_reg[1]_i_1/O
                         net (fo=1, routed)           0.000     3.568    adc_dat_ch2_r_reg[1]_i_1_n_0
    ILOGIC_X0Y1          FDRE                                         r  adc_dat_ch2_r_reg[1]/D
  -------------------------------------------------------------------    -------------------

                         (clock clk_125_system_clk_gen_0 rise edge)
                                                      0.000     0.000 r  
    U18                  IBUFDS                       0.000     0.000 r  i_IBUF_clkadc/O
                         net (fo=4, routed)           0.480     0.480    system_wrapper_i/clk_gen/inst/clk_in1
    MMCME2_ADV_X0Y0      MMCME2_ADV (Prop_mmcme2_adv_CLKIN1_CLKOUT0)
                                                     -3.050    -2.570 r  system_wrapper_i/clk_gen/inst/mmcm_adv_inst/CLKOUT0
                         net (fo=1, routed)           0.528    -2.042    system_wrapper_i/clk_gen/inst/clk_125_system_clk_gen_0
    BUFGCTRL_X0Y0        BUFG (Prop_bufg_I_O)         0.029    -2.013 r  system_wrapper_i/clk_gen/inst/clkout1_buf/O
                         net (fo=9645, routed)        0.856    -1.157    clk_125
    ILOGIC_X0Y1          FDRE                                         r  adc_dat_ch2_r_reg[1]/C
                         clock pessimism              0.000    -1.157    
                         clock uncertainty            0.166    -0.991    
    ILOGIC_X0Y1          FDRE (Hold_fdre_C_D)         0.068    -0.923    adc_dat_ch2_r_reg[1]
  -------------------------------------------------------------------
                         required time                          0.923    
                         arrival time                           3.568    
  -------------------------------------------------------------------
                         slack                                  4.490    





---------------------------------------------------------------------------------------------------
From Clock:  clk_200_system_clk_gen_0
  To Clock:  clk_125_system_clk_gen_0

Setup :            0  Failing Endpoints,  Worst Slack        0.363ns,  Total Violation        0.000ns
Hold  :            0  Failing Endpoints,  Worst Slack        0.207ns,  Total Violation        0.000ns
---------------------------------------------------------------------------------------------------


Max Delay Paths
--------------------------------------------------------------------------------------
Slack (MET) :             0.363ns  (required time - arrival time)
  Source:                 system_wrapper_i/rp_dac/inst/U_dac1/U_dma_mm2s/U_dma_mm2s_ctrl/idle_rst_sr_reg[1]/C
                            (rising edge-triggered cell FDRE clocked by clk_200_system_clk_gen_0  {rise@0.000ns fall@2.000ns period=4.000ns})
  Destination:            system_wrapper_i/rp_dac/inst/U_dac1/U_dma_mm2s/U_dma_mm2s_ctrl/idle_rst_saxi_r2_reg_srl2/D
                            (rising edge-triggered cell SRL16E clocked by clk_125_system_clk_gen_0  {rise@0.000ns fall@4.000ns period=8.000ns})
  Path Group:             clk_125_system_clk_gen_0
  Path Type:              Setup (Max at Slow Process Corner)
  Requirement:            4.000ns  (clk_125_system_clk_gen_0 rise@8.000ns - clk_200_system_clk_gen_0 rise@4.000ns)
  Data Path Delay:        3.012ns  (logic 0.580ns (19.255%)  route 2.432ns (80.745%))
  Logic Levels:           1  (LUT4=1)
  Clock Path Skew:        -0.389ns (DCD - SCD + CPR)
    Destination Clock Delay (DCD):    -2.773ns = ( 5.227 - 8.000 ) 
    Source Clock Delay      (SCD):    -2.153ns = ( 1.847 - 4.000 ) 
    Clock Pessimism Removal (CPR):    0.232ns
  Clock Uncertainty:      0.189ns  ((TSJ^2 + DJ^2)^1/2) / 2 + PE
    Total System Jitter     (TSJ):    0.071ns
    Discrete Jitter          (DJ):    0.119ns
    Phase Error              (PE):    0.120ns

    Location             Delay type                Incr(ns)  Path(ns)    Netlist Resource(s)
  -------------------------------------------------------------------    -------------------
                         (clock clk_200_system_clk_gen_0 rise edge)
                                                      4.000     4.000 r  
    U18                  IBUFDS                       0.000     4.000 r  i_IBUF_clkadc/O
                         net (fo=4, routed)           1.285     5.285    system_wrapper_i/clk_gen/inst/clk_in1
    MMCME2_ADV_X0Y0      MMCME2_ADV (Prop_mmcme2_adv_CLKIN1_CLKOUT1)
                                                     -7.010    -1.725 r  system_wrapper_i/clk_gen/inst/mmcm_adv_inst/CLKOUT1
                         net (fo=1, routed)           1.760     0.035    system_wrapper_i/clk_gen/inst/clk_200_system_clk_gen_0
    BUFGCTRL_X0Y2        BUFG (Prop_bufg_I_O)         0.101     0.136 r  system_wrapper_i/clk_gen/inst/clkout2_buf/O
                         net (fo=1217, routed)        1.711     1.847    system_wrapper_i/rp_dac/inst/U_dac1/U_dma_mm2s/U_dma_mm2s_ctrl/m_axi_aclk
    SLICE_X5Y27          FDRE                                         r  system_wrapper_i/rp_dac/inst/U_dac1/U_dma_mm2s/U_dma_mm2s_ctrl/idle_rst_sr_reg[1]/C
  -------------------------------------------------------------------    -------------------
    SLICE_X5Y27          FDRE (Prop_fdre_C_Q)         0.456     2.303 r  system_wrapper_i/rp_dac/inst/U_dac1/U_dma_mm2s/U_dma_mm2s_ctrl/idle_rst_sr_reg[1]/Q
                         net (fo=2, routed)           1.235     3.538    system_wrapper_i/rp_dac/inst/U_dac1/U_dma_mm2s/U_dma_mm2s_ctrl/idle_rst_sr[1]
    SLICE_X5Y27          LUT4 (Prop_lut4_I0_O)        0.124     3.662 r  system_wrapper_i/rp_dac/inst/U_dac1/U_dma_mm2s/U_dma_mm2s_ctrl/idle_rst_saxi_r2_reg_srl2_i_1/O
                         net (fo=1, routed)           1.197     4.859    system_wrapper_i/rp_dac/inst/U_dac1/U_dma_mm2s/U_dma_mm2s_ctrl/idle_rst_saxi_r2_reg_srl2_i_1_n_0
    SLICE_X12Y27         SRL16E                                       r  system_wrapper_i/rp_dac/inst/U_dac1/U_dma_mm2s/U_dma_mm2s_ctrl/idle_rst_saxi_r2_reg_srl2/D
  -------------------------------------------------------------------    -------------------

                         (clock clk_125_system_clk_gen_0 rise edge)
                                                      8.000     8.000 r  
    U18                  IBUFDS                       0.000     8.000 r  i_IBUF_clkadc/O
                         net (fo=4, routed)           1.162     9.162    system_wrapper_i/clk_gen/inst/clk_in1
    MMCME2_ADV_X0Y0      MMCME2_ADV (Prop_mmcme2_adv_CLKIN1_CLKOUT0)
                                                     -7.118     2.043 r  system_wrapper_i/clk_gen/inst/mmcm_adv_inst/CLKOUT0
                         net (fo=1, routed)           1.599     3.642    system_wrapper_i/clk_gen/inst/clk_125_system_clk_gen_0
    BUFGCTRL_X0Y0        BUFG (Prop_bufg_I_O)         0.091     3.734 r  system_wrapper_i/clk_gen/inst/clkout1_buf/O
                         net (fo=9645, routed)        1.493     5.227    system_wrapper_i/rp_dac/inst/U_dac1/U_dma_mm2s/U_dma_mm2s_ctrl/s_axis_aclk
    SLICE_X12Y27         SRL16E                                       r  system_wrapper_i/rp_dac/inst/U_dac1/U_dma_mm2s/U_dma_mm2s_ctrl/idle_rst_saxi_r2_reg_srl2/CLK
                         clock pessimism              0.232     5.459    
                         clock uncertainty           -0.189     5.269    
    SLICE_X12Y27         SRL16E (Setup_srl16e_CLK_D)
                                                     -0.047     5.222    system_wrapper_i/rp_dac/inst/U_dac1/U_dma_mm2s/U_dma_mm2s_ctrl/idle_rst_saxi_r2_reg_srl2
  -------------------------------------------------------------------
                         required time                          5.222    
                         arrival time                          -4.859    
  -------------------------------------------------------------------
                         slack                                  0.363    





Min Delay Paths
--------------------------------------------------------------------------------------
Slack (MET) :             0.207ns  (arrival time - required time)
  Source:                 system_wrapper_i/rp_dac/inst/U_dac1/U_dma_mm2s/U_fifo_axi_data/U0/inst_fifo_gen/gconvfifo.rf/grf.rf/gntv_or_sync_fifo.gl0.wr/gwas.wsts/ram_full_i_reg/C
                            (rising edge-triggered cell FDRE clocked by clk_200_system_clk_gen_0  {rise@0.000ns fall@2.000ns period=4.000ns})
  Destination:            system_wrapper_i/rp_dac/inst/U_dac1/U_dma_mm2s/fifo_full_r_reg/D
                            (rising edge-triggered cell FDRE clocked by clk_125_system_clk_gen_0  {rise@0.000ns fall@4.000ns period=8.000ns})
  Path Group:             clk_125_system_clk_gen_0
  Path Type:              Hold (Min at Fast Process Corner)
  Requirement:            0.000ns  (clk_125_system_clk_gen_0 rise@0.000ns - clk_200_system_clk_gen_0 rise@0.000ns)
  Data Path Delay:        0.777ns  (logic 0.164ns (21.114%)  route 0.613ns (78.886%))
  Logic Levels:           0  
  Clock Path Skew:        0.314ns (DCD - SCD - CPR)
    Destination Clock Delay (DCD):    -1.194ns
    Source Clock Delay      (SCD):    -0.770ns
    Clock Pessimism Removal (CPR):    -0.739ns
  Clock Uncertainty:      0.189ns  ((TSJ^2 + DJ^2)^1/2) / 2 + PE
    Total System Jitter     (TSJ):    0.071ns
    Discrete Jitter          (DJ):    0.119ns
    Phase Error              (PE):    0.120ns

    Location             Delay type                Incr(ns)  Path(ns)    Netlist Resource(s)
  -------------------------------------------------------------------    -------------------
                         (clock clk_200_system_clk_gen_0 rise edge)
                                                      0.000     0.000 r  
    U18                  IBUFDS                       0.000     0.000 r  i_IBUF_clkadc/O
                         net (fo=4, routed)           0.440     0.440    system_wrapper_i/clk_gen/inst/clk_in1
    MMCME2_ADV_X0Y0      MMCME2_ADV (Prop_mmcme2_adv_CLKIN1_CLKOUT1)
                                                     -2.271    -1.831 r  system_wrapper_i/clk_gen/inst/mmcm_adv_inst/CLKOUT1
                         net (fo=1, routed)           0.482    -1.349    system_wrapper_i/clk_gen/inst/clk_200_system_clk_gen_0
    BUFGCTRL_X0Y2        BUFG (Prop_bufg_I_O)         0.026    -1.323 r  system_wrapper_i/clk_gen/inst/clkout2_buf/O
                         net (fo=1217, routed)        0.554    -0.770    system_wrapper_i/rp_dac/inst/U_dac1/U_dma_mm2s/U_fifo_axi_data/U0/inst_fifo_gen/gconvfifo.rf/grf.rf/gntv_or_sync_fifo.gl0.wr/gwas.wsts/WR_CLK
    SLICE_X8Y26          FDRE                                         r  system_wrapper_i/rp_dac/inst/U_dac1/U_dma_mm2s/U_fifo_axi_data/U0/inst_fifo_gen/gconvfifo.rf/grf.rf/gntv_or_sync_fifo.gl0.wr/gwas.wsts/ram_full_i_reg/C
  -------------------------------------------------------------------    -------------------
    SLICE_X8Y26          FDRE (Prop_fdre_C_Q)         0.164    -0.606 r  system_wrapper_i/rp_dac/inst/U_dac1/U_dma_mm2s/U_fifo_axi_data/U0/inst_fifo_gen/gconvfifo.rf/grf.rf/gntv_or_sync_fifo.gl0.wr/gwas.wsts/ram_full_i_reg/Q
                         net (fo=2, routed)           0.613     0.007    system_wrapper_i/rp_dac/inst/U_dac1/U_dma_mm2s/fifo_full
    SLICE_X11Y26         FDRE                                         r  system_wrapper_i/rp_dac/inst/U_dac1/U_dma_mm2s/fifo_full_r_reg/D
  -------------------------------------------------------------------    -------------------

                         (clock clk_125_system_clk_gen_0 rise edge)
                                                      0.000     0.000 r  
    U18                  IBUFDS                       0.000     0.000 r  i_IBUF_clkadc/O
                         net (fo=4, routed)           0.480     0.480    system_wrapper_i/clk_gen/inst/clk_in1
    MMCME2_ADV_X0Y0      MMCME2_ADV (Prop_mmcme2_adv_CLKIN1_CLKOUT0)
                                                     -3.050    -2.570 r  system_wrapper_i/clk_gen/inst/mmcm_adv_inst/CLKOUT0
                         net (fo=1, routed)           0.528    -2.042    system_wrapper_i/clk_gen/inst/clk_125_system_clk_gen_0
    BUFGCTRL_X0Y0        BUFG (Prop_bufg_I_O)         0.029    -2.013 r  system_wrapper_i/clk_gen/inst/clkout1_buf/O
                         net (fo=9645, routed)        0.819    -1.194    system_wrapper_i/rp_dac/inst/U_dac1/U_dma_mm2s/s_axis_aclk
    SLICE_X11Y26         FDRE                                         r  system_wrapper_i/rp_dac/inst/U_dac1/U_dma_mm2s/fifo_full_r_reg/C
                         clock pessimism              0.739    -0.455    
                         clock uncertainty            0.189    -0.266    
    SLICE_X11Y26         FDRE (Hold_fdre_C_D)         0.066    -0.200    system_wrapper_i/rp_dac/inst/U_dac1/U_dma_mm2s/fifo_full_r_reg
  -------------------------------------------------------------------
                         required time                          0.200    
                         arrival time                           0.007    
  -------------------------------------------------------------------
                         slack                                  0.207    





---------------------------------------------------------------------------------------------------
From Clock:  clk_125_system_clk_gen_0
  To Clock:  clk_200_system_clk_gen_0

Setup :            0  Failing Endpoints,  Worst Slack        1.145ns,  Total Violation        0.000ns
Hold  :            0  Failing Endpoints,  Worst Slack        0.204ns,  Total Violation        0.000ns
---------------------------------------------------------------------------------------------------


Max Delay Paths
--------------------------------------------------------------------------------------
Slack (MET) :             1.145ns  (required time - arrival time)
  Source:                 system_wrapper_i/rp_dac/inst/U_dac2/event_num_trig_reg/C
                            (rising edge-triggered cell FDRE clocked by clk_125_system_clk_gen_0  {rise@0.000ns fall@4.000ns period=8.000ns})
  Destination:            system_wrapper_i/rp_dac/inst/U_dac2/event_trig_r_reg/D
                            (rising edge-triggered cell FDRE clocked by clk_200_system_clk_gen_0  {rise@0.000ns fall@2.000ns period=4.000ns})
  Path Group:             clk_200_system_clk_gen_0
  Path Type:              Setup (Max at Slow Process Corner)
  Requirement:            4.000ns  (clk_200_system_clk_gen_0 rise@4.000ns - clk_125_system_clk_gen_0 rise@0.000ns)
  Data Path Delay:        2.183ns  (logic 0.518ns (23.728%)  route 1.665ns (76.272%))
  Logic Levels:           0  
  Clock Path Skew:        -0.424ns (DCD - SCD + CPR)
    Destination Clock Delay (DCD):    -2.769ns = ( 1.231 - 4.000 ) 
    Source Clock Delay      (SCD):    -2.113ns
    Clock Pessimism Removal (CPR):    0.232ns
  Clock Uncertainty:      0.189ns  ((TSJ^2 + DJ^2)^1/2) / 2 + PE
    Total System Jitter     (TSJ):    0.071ns
    Discrete Jitter          (DJ):    0.119ns
    Phase Error              (PE):    0.120ns

    Location             Delay type                Incr(ns)  Path(ns)    Netlist Resource(s)
  -------------------------------------------------------------------    -------------------
                         (clock clk_125_system_clk_gen_0 rise edge)
                                                      0.000     0.000 r  
    U18                  IBUFDS                       0.000     0.000 r  i_IBUF_clkadc/O
                         net (fo=4, routed)           1.285     1.285    system_wrapper_i/clk_gen/inst/clk_in1
    MMCME2_ADV_X0Y0      MMCME2_ADV (Prop_mmcme2_adv_CLKIN1_CLKOUT0)
                                                     -7.010    -5.725 r  system_wrapper_i/clk_gen/inst/mmcm_adv_inst/CLKOUT0
                         net (fo=1, routed)           1.760    -3.965    system_wrapper_i/clk_gen/inst/clk_125_system_clk_gen_0
    BUFGCTRL_X0Y0        BUFG (Prop_bufg_I_O)         0.101    -3.864 r  system_wrapper_i/clk_gen/inst/clkout1_buf/O
                         net (fo=9645, routed)        1.751    -2.113    system_wrapper_i/rp_dac/inst/U_dac2/clk_adc
    SLICE_X38Y42         FDRE                                         r  system_wrapper_i/rp_dac/inst/U_dac2/event_num_trig_reg/C
  -------------------------------------------------------------------    -------------------
    SLICE_X38Y42         FDRE (Prop_fdre_C_Q)         0.518    -1.595 r  system_wrapper_i/rp_dac/inst/U_dac2/event_num_trig_reg/Q
                         net (fo=1, routed)           1.665     0.070    system_wrapper_i/rp_dac/inst/U_dac2/event_num_trig
    SLICE_X33Y38         FDRE                                         r  system_wrapper_i/rp_dac/inst/U_dac2/event_trig_r_reg/D
  -------------------------------------------------------------------    -------------------

                         (clock clk_200_system_clk_gen_0 rise edge)
                                                      4.000     4.000 r  
    U18                  IBUFDS                       0.000     4.000 r  i_IBUF_clkadc/O
                         net (fo=4, routed)           1.162     5.162    system_wrapper_i/clk_gen/inst/clk_in1
    MMCME2_ADV_X0Y0      MMCME2_ADV (Prop_mmcme2_adv_CLKIN1_CLKOUT1)
                                                     -7.118    -1.957 r  system_wrapper_i/clk_gen/inst/mmcm_adv_inst/CLKOUT1
                         net (fo=1, routed)           1.599    -0.357    system_wrapper_i/clk_gen/inst/clk_200_system_clk_gen_0
    BUFGCTRL_X0Y2        BUFG (Prop_bufg_I_O)         0.091    -0.266 r  system_wrapper_i/clk_gen/inst/clkout2_buf/O
                         net (fo=1217, routed)        1.497     1.231    system_wrapper_i/rp_dac/inst/U_dac2/clk_axi
    SLICE_X33Y38         FDRE                                         r  system_wrapper_i/rp_dac/inst/U_dac2/event_trig_r_reg/C
                         clock pessimism              0.232     1.463    
                         clock uncertainty           -0.189     1.273    
    SLICE_X33Y38         FDRE (Setup_fdre_C_D)       -0.058     1.215    system_wrapper_i/rp_dac/inst/U_dac2/event_trig_r_reg
  -------------------------------------------------------------------
                         required time                          1.215    
                         arrival time                          -0.070    
  -------------------------------------------------------------------
                         slack                                  1.145    





Min Delay Paths
--------------------------------------------------------------------------------------
Slack (MET) :             0.204ns  (arrival time - required time)
  Source:                 system_wrapper_i/rp_dac/inst/U_dac1/event_num_trig_reg/C
                            (rising edge-triggered cell FDRE clocked by clk_125_system_clk_gen_0  {rise@0.000ns fall@4.000ns period=8.000ns})
  Destination:            system_wrapper_i/rp_dac/inst/U_dac1/event_trig_r_reg/D
                            (rising edge-triggered cell FDRE clocked by clk_200_system_clk_gen_0  {rise@0.000ns fall@2.000ns period=4.000ns})
  Path Group:             clk_200_system_clk_gen_0
  Path Type:              Hold (Min at Fast Process Corner)
  Requirement:            0.000ns  (clk_200_system_clk_gen_0 rise@0.000ns - clk_125_system_clk_gen_0 rise@0.000ns)
  Data Path Delay:        0.747ns  (logic 0.141ns (18.879%)  route 0.606ns (81.121%))
  Logic Levels:           0  
  Clock Path Skew:        0.291ns (DCD - SCD - CPR)
    Destination Clock Delay (DCD):    -1.184ns
    Source Clock Delay      (SCD):    -0.736ns
    Clock Pessimism Removal (CPR):    -0.739ns
  Clock Uncertainty:      0.189ns  ((TSJ^2 + DJ^2)^1/2) / 2 + PE
    Total System Jitter     (TSJ):    0.071ns
    Discrete Jitter          (DJ):    0.119ns
    Phase Error              (PE):    0.120ns

    Location             Delay type                Incr(ns)  Path(ns)    Netlist Resource(s)
  -------------------------------------------------------------------    -------------------
                         (clock clk_125_system_clk_gen_0 rise edge)
                                                      0.000     0.000 r  
    U18                  IBUFDS                       0.000     0.000 r  i_IBUF_clkadc/O
                         net (fo=4, routed)           0.440     0.440    system_wrapper_i/clk_gen/inst/clk_in1
    MMCME2_ADV_X0Y0      MMCME2_ADV (Prop_mmcme2_adv_CLKIN1_CLKOUT0)
                                                     -2.271    -1.831 r  system_wrapper_i/clk_gen/inst/mmcm_adv_inst/CLKOUT0
                         net (fo=1, routed)           0.482    -1.349    system_wrapper_i/clk_gen/inst/clk_125_system_clk_gen_0
    BUFGCTRL_X0Y0        BUFG (Prop_bufg_I_O)         0.026    -1.323 r  system_wrapper_i/clk_gen/inst/clkout1_buf/O
                         net (fo=9645, routed)        0.588    -0.736    system_wrapper_i/rp_dac/inst/U_dac1/clk_adc
    SLICE_X36Y39         FDRE                                         r  system_wrapper_i/rp_dac/inst/U_dac1/event_num_trig_reg/C
  -------------------------------------------------------------------    -------------------
    SLICE_X36Y39         FDRE (Prop_fdre_C_Q)         0.141    -0.595 r  system_wrapper_i/rp_dac/inst/U_dac1/event_num_trig_reg/Q
                         net (fo=1, routed)           0.606     0.011    system_wrapper_i/rp_dac/inst/U_dac1/event_num_trig
    SLICE_X32Y39         FDRE                                         r  system_wrapper_i/rp_dac/inst/U_dac1/event_trig_r_reg/D
  -------------------------------------------------------------------    -------------------

                         (clock clk_200_system_clk_gen_0 rise edge)
                                                      0.000     0.000 r  
    U18                  IBUFDS                       0.000     0.000 r  i_IBUF_clkadc/O
                         net (fo=4, routed)           0.480     0.480    system_wrapper_i/clk_gen/inst/clk_in1
    MMCME2_ADV_X0Y0      MMCME2_ADV (Prop_mmcme2_adv_CLKIN1_CLKOUT1)
                                                     -3.050    -2.570 r  system_wrapper_i/clk_gen/inst/mmcm_adv_inst/CLKOUT1
                         net (fo=1, routed)           0.528    -2.042    system_wrapper_i/clk_gen/inst/clk_200_system_clk_gen_0
    BUFGCTRL_X0Y2        BUFG (Prop_bufg_I_O)         0.029    -2.013 r  system_wrapper_i/clk_gen/inst/clkout2_buf/O
                         net (fo=1217, routed)        0.829    -1.184    system_wrapper_i/rp_dac/inst/U_dac1/clk_axi
    SLICE_X32Y39         FDRE                                         r  system_wrapper_i/rp_dac/inst/U_dac1/event_trig_r_reg/C
                         clock pessimism              0.739    -0.445    
                         clock uncertainty            0.189    -0.256    
    SLICE_X32Y39         FDRE (Hold_fdre_C_D)         0.063    -0.193    system_wrapper_i/rp_dac/inst/U_dac1/event_trig_r_reg
  -------------------------------------------------------------------
                         required time                          0.193    
                         arrival time                           0.011    
  -------------------------------------------------------------------
                         slack                                  0.204    





---------------------------------------------------------------------------------------------------
Path Group:  **async_default**
From Clock:  clk_125_system_clk_gen_0
  To Clock:  clk_125_system_clk_gen_0

Setup :            0  Failing Endpoints,  Worst Slack        3.933ns,  Total Violation        0.000ns
Hold  :            0  Failing Endpoints,  Worst Slack        0.404ns,  Total Violation        0.000ns
---------------------------------------------------------------------------------------------------


Max Delay Paths
--------------------------------------------------------------------------------------
Slack (MET) :             3.933ns  (required time - arrival time)
  Source:                 system_wrapper_i/axi_interconnect_2/m00_couplers/auto_pc/inst/gen_axi4_axi3.axi3_conv_inst/USE_WRITE.write_addr_inst/USE_B_CHANNEL.cmd_b_queue/inst/fifo_gen_inst/inst_fifo_gen/gconvfifo.rf/grf.rf/rstblk/ngwrdrst.grst.g7serrst.gnsckt_wrst.rst_wr_reg2_inst/arststages_ff_reg[1]/C
                            (rising edge-triggered cell FDPE clocked by clk_125_system_clk_gen_0  {rise@0.000ns fall@4.000ns period=8.000ns})
  Destination:            system_wrapper_i/axi_interconnect_2/m00_couplers/auto_pc/inst/gen_axi4_axi3.axi3_conv_inst/USE_WRITE.write_addr_inst/USE_B_CHANNEL.cmd_b_queue/inst/fifo_gen_inst/inst_fifo_gen/gconvfifo.rf/grf.rf/gntv_or_sync_fifo.gl0.rd/gr1.gr1_int.rfwft/gpregsm1.curr_fwft_state_reg[0]/CLR
                            (recovery check against rising-edge clock clk_125_system_clk_gen_0  {rise@0.000ns fall@4.000ns period=8.000ns})
  Path Group:             **async_default**
  Path Type:              Recovery (Max at Slow Process Corner)
  Requirement:            8.000ns  (clk_125_system_clk_gen_0 rise@8.000ns - clk_125_system_clk_gen_0 rise@0.000ns)
  Data Path Delay:        3.527ns  (logic 0.779ns (22.086%)  route 2.748ns (77.914%))
  Logic Levels:           1  (LUT3=1)
  Clock Path Skew:        -0.065ns (DCD - SCD + CPR)
    Destination Clock Delay (DCD):    -2.767ns = ( 5.233 - 8.000 ) 
    Source Clock Delay      (SCD):    -2.185ns
    Clock Pessimism Removal (CPR):    0.517ns
  Clock Uncertainty:      0.069ns  ((TSJ^2 + DJ^2)^1/2) / 2 + PE
    Total System Jitter     (TSJ):    0.071ns
    Discrete Jitter          (DJ):    0.119ns
    Phase Error              (PE):    0.000ns

    Location             Delay type                Incr(ns)  Path(ns)    Netlist Resource(s)
  -------------------------------------------------------------------    -------------------
                         (clock clk_125_system_clk_gen_0 rise edge)
                                                      0.000     0.000 r  
    U18                  IBUFDS                       0.000     0.000 r  i_IBUF_clkadc/O
                         net (fo=4, routed)           1.285     1.285    system_wrapper_i/clk_gen/inst/clk_in1
    MMCME2_ADV_X0Y0      MMCME2_ADV (Prop_mmcme2_adv_CLKIN1_CLKOUT0)
                                                     -7.010    -5.725 r  system_wrapper_i/clk_gen/inst/mmcm_adv_inst/CLKOUT0
                         net (fo=1, routed)           1.760    -3.965    system_wrapper_i/clk_gen/inst/clk_125_system_clk_gen_0
    BUFGCTRL_X0Y0        BUFG (Prop_bufg_I_O)         0.101    -3.864 r  system_wrapper_i/clk_gen/inst/clkout1_buf/O
                         net (fo=9645, routed)        1.679    -2.185    system_wrapper_i/axi_interconnect_2/m00_couplers/auto_pc/inst/gen_axi4_axi3.axi3_conv_inst/USE_WRITE.write_addr_inst/USE_B_CHANNEL.cmd_b_queue/inst/fifo_gen_inst/inst_fifo_gen/gconvfifo.rf/grf.rf/rstblk/ngwrdrst.grst.g7serrst.gnsckt_wrst.rst_wr_reg2_inst/dest_clk
    SLICE_X10Y9          FDPE                                         r  system_wrapper_i/axi_interconnect_2/m00_couplers/auto_pc/inst/gen_axi4_axi3.axi3_conv_inst/USE_WRITE.write_addr_inst/USE_B_CHANNEL.cmd_b_queue/inst/fifo_gen_inst/inst_fifo_gen/gconvfifo.rf/grf.rf/rstblk/ngwrdrst.grst.g7serrst.gnsckt_wrst.rst_wr_reg2_inst/arststages_ff_reg[1]/C
  -------------------------------------------------------------------    -------------------
    SLICE_X10Y9          FDPE (Prop_fdpe_C_Q)         0.478    -1.707 f  system_wrapper_i/axi_interconnect_2/m00_couplers/auto_pc/inst/gen_axi4_axi3.axi3_conv_inst/USE_WRITE.write_addr_inst/USE_B_CHANNEL.cmd_b_queue/inst/fifo_gen_inst/inst_fifo_gen/gconvfifo.rf/grf.rf/rstblk/ngwrdrst.grst.g7serrst.gnsckt_wrst.rst_wr_reg2_inst/arststages_ff_reg[1]/Q
                         net (fo=2, routed)           1.264    -0.443    system_wrapper_i/axi_interconnect_2/m00_couplers/auto_pc/inst/gen_axi4_axi3.axi3_conv_inst/USE_WRITE.write_addr_inst/USE_B_CHANNEL.cmd_b_queue/inst/fifo_gen_inst/inst_fifo_gen/gconvfifo.rf/grf.rf/rstblk/rst_wr_reg2
    SLICE_X12Y6          LUT3 (Prop_lut3_I2_O)        0.301    -0.142 f  system_wrapper_i/axi_interconnect_2/m00_couplers/auto_pc/inst/gen_axi4_axi3.axi3_conv_inst/USE_WRITE.write_addr_inst/USE_B_CHANNEL.cmd_b_queue/inst/fifo_gen_inst/inst_fifo_gen/gconvfifo.rf/grf.rf/rstblk/RD_RST_I[0]_INST_0/O
                         net (fo=33, routed)          1.485     1.342    system_wrapper_i/axi_interconnect_2/m00_couplers/auto_pc/inst/gen_axi4_axi3.axi3_conv_inst/USE_WRITE.write_addr_inst/USE_B_CHANNEL.cmd_b_queue/inst/fifo_gen_inst/inst_fifo_gen/gconvfifo.rf/grf.rf/gntv_or_sync_fifo.gl0.rd/gr1.gr1_int.rfwft/RD_RST
    SLICE_X14Y10         FDCE                                         f  system_wrapper_i/axi_interconnect_2/m00_couplers/auto_pc/inst/gen_axi4_axi3.axi3_conv_inst/USE_WRITE.write_addr_inst/USE_B_CHANNEL.cmd_b_queue/inst/fifo_gen_inst/inst_fifo_gen/gconvfifo.rf/grf.rf/gntv_or_sync_fifo.gl0.rd/gr1.gr1_int.rfwft/gpregsm1.curr_fwft_state_reg[0]/CLR
  -------------------------------------------------------------------    -------------------

                         (clock clk_125_system_clk_gen_0 rise edge)
                                                      8.000     8.000 r  
    U18                  IBUFDS                       0.000     8.000 r  i_IBUF_clkadc/O
                         net (fo=4, routed)           1.162     9.162    system_wrapper_i/clk_gen/inst/clk_in1
    MMCME2_ADV_X0Y0      MMCME2_ADV (Prop_mmcme2_adv_CLKIN1_CLKOUT0)
                                                     -7.118     2.043 r  system_wrapper_i/clk_gen/inst/mmcm_adv_inst/CLKOUT0
                         net (fo=1, routed)           1.599     3.642    system_wrapper_i/clk_gen/inst/clk_125_system_clk_gen_0
    BUFGCTRL_X0Y0        BUFG (Prop_bufg_I_O)         0.091     3.734 r  system_wrapper_i/clk_gen/inst/clkout1_buf/O
                         net (fo=9645, routed)        1.499     5.233    system_wrapper_i/axi_interconnect_2/m00_couplers/auto_pc/inst/gen_axi4_axi3.axi3_conv_inst/USE_WRITE.write_addr_inst/USE_B_CHANNEL.cmd_b_queue/inst/fifo_gen_inst/inst_fifo_gen/gconvfifo.rf/grf.rf/gntv_or_sync_fifo.gl0.rd/gr1.gr1_int.rfwft/RD_CLK
    SLICE_X14Y10         FDCE                                         r  system_wrapper_i/axi_interconnect_2/m00_couplers/auto_pc/inst/gen_axi4_axi3.axi3_conv_inst/USE_WRITE.write_addr_inst/USE_B_CHANNEL.cmd_b_queue/inst/fifo_gen_inst/inst_fifo_gen/gconvfifo.rf/grf.rf/gntv_or_sync_fifo.gl0.rd/gr1.gr1_int.rfwft/gpregsm1.curr_fwft_state_reg[0]/C
                         clock pessimism              0.517     5.750    
                         clock uncertainty           -0.069     5.681    
    SLICE_X14Y10         FDCE (Recov_fdce_C_CLR)     -0.405     5.276    system_wrapper_i/axi_interconnect_2/m00_couplers/auto_pc/inst/gen_axi4_axi3.axi3_conv_inst/USE_WRITE.write_addr_inst/USE_B_CHANNEL.cmd_b_queue/inst/fifo_gen_inst/inst_fifo_gen/gconvfifo.rf/grf.rf/gntv_or_sync_fifo.gl0.rd/gr1.gr1_int.rfwft/gpregsm1.curr_fwft_state_reg[0]
  -------------------------------------------------------------------
                         required time                          5.276    
                         arrival time                          -1.342    
  -------------------------------------------------------------------
                         slack                                  3.933    





Min Delay Paths
--------------------------------------------------------------------------------------
Slack (MET) :             0.404ns  (arrival time - required time)
  Source:                 system_wrapper_i/rp_oscilloscope/inst/acq_ch_gen[0].U_osc2/U_dma_s2mm/U_dma_s2mm_ctrl/U_fifo_axi_req/U0/inst_fifo_gen/gconvfifo.rf/grf.rf/rstblk/ngwrdrst.grst.g7serrst.gnsckt_wrst.rst_wr_reg2_inst/arststages_ff_reg[1]/C
                            (rising edge-triggered cell FDPE clocked by clk_125_system_clk_gen_0  {rise@0.000ns fall@4.000ns period=8.000ns})
  Destination:            system_wrapper_i/rp_oscilloscope/inst/acq_ch_gen[0].U_osc2/U_dma_s2mm/U_dma_s2mm_ctrl/U_fifo_axi_req/U0/inst_fifo_gen/gconvfifo.rf/grf.rf/rstblk/ngwrdrst.grst.g7serrst.gnsckt_wrst.gic_rst.rd_rst_wr_ext_reg[0]/CLR
                            (removal check against rising-edge clock clk_125_system_clk_gen_0  {rise@0.000ns fall@4.000ns period=8.000ns})
  Path Group:             **async_default**
  Path Type:              Removal (Min at Fast Process Corner)
  Requirement:            0.000ns  (clk_125_system_clk_gen_0 rise@0.000ns - clk_125_system_clk_gen_0 rise@0.000ns)
  Data Path Delay:        0.273ns  (logic 0.128ns (46.910%)  route 0.145ns (53.090%))
  Logic Levels:           0  
  Clock Path Skew:        0.015ns (DCD - SCD - CPR)
    Destination Clock Delay (DCD):    -1.160ns
    Source Clock Delay      (SCD):    -0.739ns
    Clock Pessimism Removal (CPR):    -0.436ns

    Location             Delay type                Incr(ns)  Path(ns)    Netlist Resource(s)
  -------------------------------------------------------------------    -------------------
                         (clock clk_125_system_clk_gen_0 rise edge)
                                                      0.000     0.000 r  
    U18                  IBUFDS                       0.000     0.000 r  i_IBUF_clkadc/O
                         net (fo=4, routed)           0.440     0.440    system_wrapper_i/clk_gen/inst/clk_in1
    MMCME2_ADV_X0Y0      MMCME2_ADV (Prop_mmcme2_adv_CLKIN1_CLKOUT0)
                                                     -2.271    -1.831 r  system_wrapper_i/clk_gen/inst/mmcm_adv_inst/CLKOUT0
                         net (fo=1, routed)           0.482    -1.349    system_wrapper_i/clk_gen/inst/clk_125_system_clk_gen_0
    BUFGCTRL_X0Y0        BUFG (Prop_bufg_I_O)         0.026    -1.323 r  system_wrapper_i/clk_gen/inst/clkout1_buf/O
                         net (fo=9645, routed)        0.585    -0.739    system_wrapper_i/rp_oscilloscope/inst/acq_ch_gen[0].U_osc2/U_dma_s2mm/U_dma_s2mm_ctrl/U_fifo_axi_req/U0/inst_fifo_gen/gconvfifo.rf/grf.rf/rstblk/ngwrdrst.grst.g7serrst.gnsckt_wrst.rst_wr_reg2_inst/dest_clk
    SLICE_X43Y31         FDPE                                         r  system_wrapper_i/rp_oscilloscope/inst/acq_ch_gen[0].U_osc2/U_dma_s2mm/U_dma_s2mm_ctrl/U_fifo_axi_req/U0/inst_fifo_gen/gconvfifo.rf/grf.rf/rstblk/ngwrdrst.grst.g7serrst.gnsckt_wrst.rst_wr_reg2_inst/arststages_ff_reg[1]/C
  -------------------------------------------------------------------    -------------------
    SLICE_X43Y31         FDPE (Prop_fdpe_C_Q)         0.128    -0.611 f  system_wrapper_i/rp_oscilloscope/inst/acq_ch_gen[0].U_osc2/U_dma_s2mm/U_dma_s2mm_ctrl/U_fifo_axi_req/U0/inst_fifo_gen/gconvfifo.rf/grf.rf/rstblk/ngwrdrst.grst.g7serrst.gnsckt_wrst.rst_wr_reg2_inst/arststages_ff_reg[1]/Q
                         net (fo=9, routed)           0.145    -0.466    system_wrapper_i/rp_oscilloscope/inst/acq_ch_gen[0].U_osc2/U_dma_s2mm/U_dma_s2mm_ctrl/U_fifo_axi_req/U0/inst_fifo_gen/gconvfifo.rf/grf.rf/rstblk/rst_wr_reg2
    SLICE_X43Y32         FDCE                                         f  system_wrapper_i/rp_oscilloscope/inst/acq_ch_gen[0].U_osc2/U_dma_s2mm/U_dma_s2mm_ctrl/U_fifo_axi_req/U0/inst_fifo_gen/gconvfifo.rf/grf.rf/rstblk/ngwrdrst.grst.g7serrst.gnsckt_wrst.gic_rst.rd_rst_wr_ext_reg[0]/CLR
  -------------------------------------------------------------------    -------------------

                         (clock clk_125_system_clk_gen_0 rise edge)
                                                      0.000     0.000 r  
    U18                  IBUFDS                       0.000     0.000 r  i_IBUF_clkadc/O
                         net (fo=4, routed)           0.480     0.480    system_wrapper_i/clk_gen/inst/clk_in1
    MMCME2_ADV_X0Y0      MMCME2_ADV (Prop_mmcme2_adv_CLKIN1_CLKOUT0)
                                                     -3.050    -2.570 r  system_wrapper_i/clk_gen/inst/mmcm_adv_inst/CLKOUT0
                         net (fo=1, routed)           0.528    -2.042    system_wrapper_i/clk_gen/inst/clk_125_system_clk_gen_0
    BUFGCTRL_X0Y0        BUFG (Prop_bufg_I_O)         0.029    -2.013 r  system_wrapper_i/clk_gen/inst/clkout1_buf/O
                         net (fo=9645, routed)        0.853    -1.160    system_wrapper_i/rp_oscilloscope/inst/acq_ch_gen[0].U_osc2/U_dma_s2mm/U_dma_s2mm_ctrl/U_fifo_axi_req/U0/inst_fifo_gen/gconvfifo.rf/grf.rf/rstblk/WR_CLK
    SLICE_X43Y32         FDCE                                         r  system_wrapper_i/rp_oscilloscope/inst/acq_ch_gen[0].U_osc2/U_dma_s2mm/U_dma_s2mm_ctrl/U_fifo_axi_req/U0/inst_fifo_gen/gconvfifo.rf/grf.rf/rstblk/ngwrdrst.grst.g7serrst.gnsckt_wrst.gic_rst.rd_rst_wr_ext_reg[0]/C
                         clock pessimism              0.436    -0.724    
    SLICE_X43Y32         FDCE (Remov_fdce_C_CLR)     -0.146    -0.870    system_wrapper_i/rp_oscilloscope/inst/acq_ch_gen[0].U_osc2/U_dma_s2mm/U_dma_s2mm_ctrl/U_fifo_axi_req/U0/inst_fifo_gen/gconvfifo.rf/grf.rf/rstblk/ngwrdrst.grst.g7serrst.gnsckt_wrst.gic_rst.rd_rst_wr_ext_reg[0]
  -------------------------------------------------------------------
                         required time                          0.870    
                         arrival time                          -0.466    
  -------------------------------------------------------------------
                         slack                                  0.404    





