Copyright 1986-2020 Xilinx, Inc. All Rights Reserved.
------------------------------------------------------------------------------------
| Tool Version : Vivado v.2020.1 (lin64) Build 2902540 Wed May 27 19:54:35 MDT 2020
| Date         : Mon Sep 14 10:53:16 2026
| Host         : facu-edge running 64-bit Ubuntu 24.04.4 LTS
| Command      : report_timing_summary -file out/post_synth_timing_summary.rpt
| Design       : red_pitaya_top
| Device       : 7z010-clg400
| Speed File   : -1  PRODUCTION 1.12 2019-11-22
------------------------------------------------------------------------------------

Timing Summary Report

------------------------------------------------------------------------------------------------
| Timer Settings
| --------------
------------------------------------------------------------------------------------------------

  Enable Multi Corner Analysis               :  Yes
  Enable Pessimism Removal                   :  Yes
  Pessimism Removal Resolution               :  Nearest Common Node
  Enable Input Delay Default Clock           :  No
  Enable Preset / Clear Arcs                 :  No
  Disable Flight Delays                      :  No
  Ignore I/O Paths                           :  No
  Timing Early Launch at Borrowing Latches   :  No
  Borrow Time for Max Delay Exceptions       :  Yes
  Merge Timing Exceptions                    :  Yes

  Corner  Analyze    Analyze    
  Name    Max Paths  Min Paths  
  ------  ---------  ---------  
  Slow    Yes        Yes        
  Fast    Yes        Yes        



check_timing report

Table of Contents
-----------------
1. checking no_clock (0)
2. checking constant_clock (0)
3. checking pulse_width_clock (0)
4. checking unconstrained_internal_endpoints (0)
5. checking no_input_delay (17)
6. checking no_output_delay (40)
7. checking multiple_clock (0)
8. checking generated_clocks (0)
9. checking loops (0)
10. checking partial_input_delay (0)
11. checking partial_output_delay (0)
12. checking latch_loops (0)

1. checking no_clock (0)
------------------------
 There are 0 register/latch pins with no clock.


2. checking constant_clock (0)
------------------------------
 There are 0 register/latch pins with constant_clock.


3. checking pulse_width_clock (0)
---------------------------------
 There are 0 register/latch pins which need pulse_width check


4. checking unconstrained_internal_endpoints (0)
------------------------------------------------
 There are 0 pins that are not constrained for maximum delay.

 There are 0 pins that are not constrained for maximum delay due to constant clock.


5. checking no_input_delay (17)
-------------------------------
 There are 17 input ports with no input delay specified. (HIGH)

 There are 0 input ports with no input delay but user has a false path constraint.


6. checking no_output_delay (40)
--------------------------------
 There are 39 ports with no output delay specified. (HIGH)

 There are 0 ports with no output delay but user has a false path constraint

 There is 1 port with no output delay but with a timing clock defined on it or propagating through it (LOW)


7. checking multiple_clock (0)
------------------------------
 There are 0 register/latch pins with multiple clocks.


8. checking generated_clocks (0)
--------------------------------
 There are 0 generated clocks that are not connected to a clock source.


9. checking loops (0)
---------------------
 There are 0 combinational loops in the design.


10. checking partial_input_delay (0)
------------------------------------
 There are 0 input ports with partial input delay specified.


11. checking partial_output_delay (0)
-------------------------------------
 There are 0 ports with partial output delay specified.


12. checking latch_loops (0)
----------------------------
 There are 0 combinational latch loops in the design through latch input



------------------------------------------------------------------------------------------------
| Design Timing Summary
| ---------------------
------------------------------------------------------------------------------------------------

    WNS(ns)      TNS(ns)  TNS Failing Endpoints  TNS Total Endpoints      WHS(ns)      THS(ns)  THS Failing Endpoints  THS Total Endpoints     WPWS(ns)     TPWS(ns)  TPWS Failing Endpoints  TPWS Total Endpoints  
    -------      -------  ---------------------  -------------------      -------      -------  ---------------------  -------------------     --------     --------  ----------------------  --------------------  
     -2.598     -236.302                    221                30049       -6.259     -182.443                     50                30001        0.845        0.000                       0                 13094  


Timing constraints are not met.


------------------------------------------------------------------------------------------------
| Clock Summary
| -------------
------------------------------------------------------------------------------------------------

Clock                                  Waveform(ns)         Period(ns)      Frequency(MHz)
-----                                  ------------         ----------      --------------
adc_clk                                {0.000 4.000}        8.000           125.000         
  clk_fb                               {0.000 4.000}        8.000           125.000         
  pll_dac_clk_1x                       {0.000 4.000}        8.000           125.000         
  pll_dac_clk_2p                       {-0.500 1.500}       4.000           250.000         
  pll_dac_clk_2x                       {0.000 2.000}        4.000           250.000         
clk_fpga_0                             {0.000 4.000}        8.000           125.000         
clk_fpga_1                             {0.000 2.000}        4.000           250.000         
clk_fpga_2                             {0.000 10.000}       20.000          50.000          
clk_fpga_3                             {0.000 2.500}        5.000           200.000         
dac_clk_o                              {0.000 4.000}        8.000           125.000         
daisy_clk                              {0.000 4.000}        8.000           125.000         
system_wrapper_i/clk_gen/inst/clk_in1  {0.000 4.000}        8.000           125.000         
  clk_125_system_clk_gen_0             {0.000 4.000}        8.000           125.000         
  clk_200_system_clk_gen_0             {0.000 2.000}        4.000           250.000         
  clk_333_system_clk_gen_0             {0.000 1.500}        3.000           333.333         
  clk_62_5_system_clk_gen_0            {0.000 8.000}        16.000          62.500          
  clkfbout_system_clk_gen_0            {0.000 4.000}        8.000           125.000         


------------------------------------------------------------------------------------------------
| Intra Clock Table
| -----------------
------------------------------------------------------------------------------------------------

Clock                                      WNS(ns)      TNS(ns)  TNS Failing Endpoints  TNS Total Endpoints      WHS(ns)      THS(ns)  THS Failing Endpoints  THS Total Endpoints     WPWS(ns)     TPWS(ns)  TPWS Failing Endpoints  TPWS Total Endpoints  
-----                                      -------      -------  ---------------------  -------------------      -------      -------  ---------------------  -------------------     --------     --------  ----------------------  --------------------  
adc_clk                                                                                                                                                                                  2.000        0.000                       0                     1  
  clk_fb                                                                                                                                                                                 6.751        0.000                       0                     2  
  pll_dac_clk_1x                             1.626        0.000                      0                   45       -0.089       -1.334                     15                   45        3.500        0.000                       0                    47  
  pll_dac_clk_2p                                                                                                                                                                         1.845        0.000                       0                     3  
  pll_dac_clk_2x                                                                                                                                                                         1.845        0.000                       0                     3  
clk_fpga_0                                                                                                                                                                               5.845        0.000                       0                     1  
clk_fpga_1                                                                                                                                                                               1.845        0.000                       0                     1  
clk_fpga_2                                  11.024        0.000                      0                 4092        0.007        0.000                      0                 4092        9.020        0.000                       0                  1868  
clk_fpga_3                                                                                                                                                                               2.845        0.000                       0                     1  
daisy_clk                                    5.518        0.000                      0                   11        0.144        0.000                      0                   11        3.500        0.000                       0                    14  
system_wrapper_i/clk_gen/inst/clk_in1                                                                                                                                                    2.000        0.000                       0                     1  
  clk_125_system_clk_gen_0                  -2.598     -230.691                    203                22703        0.007        0.000                      0                22703        2.750        0.000                       0                  9886  
  clk_200_system_clk_gen_0                  -0.344       -5.611                     18                 2521        0.007        0.000                      0                 2521        1.020        0.000                       0                  1259  
  clk_333_system_clk_gen_0                                                                                                                                                               0.845        0.000                       0                     2  
  clk_62_5_system_clk_gen_0                                                                                                                                                             13.845        0.000                       0                     2  
  clkfbout_system_clk_gen_0                                                                                                                                                              5.845        0.000                       0                     3  


------------------------------------------------------------------------------------------------
| Inter Clock Table
| -----------------
------------------------------------------------------------------------------------------------

From Clock                To Clock                      WNS(ns)      TNS(ns)  TNS Failing Endpoints  TNS Total Endpoints      WHS(ns)      THS(ns)  THS Failing Endpoints  THS Total Endpoints  
----------                --------                      -------      -------  ---------------------  -------------------      -------      -------  ---------------------  -------------------  
clk_125_system_clk_gen_0  pll_dac_clk_1x                  9.470        0.000                      0                   29       -6.259     -180.781                     29                   29  
adc_clk                   clk_125_system_clk_gen_0        0.779        0.000                      0                   28        4.371        0.000                      0                   28  
clk_200_system_clk_gen_0  clk_125_system_clk_gen_0        1.736        0.000                      0                   28       -0.052       -0.103                      2                    4  
clk_125_system_clk_gen_0  clk_200_system_clk_gen_0        2.591        0.000                      0                   28       -0.056       -0.225                      4                    4  


------------------------------------------------------------------------------------------------
| Other Path Groups Table
| -----------------------
------------------------------------------------------------------------------------------------

Path Group                From Clock                To Clock                      WNS(ns)      TNS(ns)  TNS Failing Endpoints  TNS Total Endpoints      WHS(ns)      THS(ns)  THS Failing Endpoints  THS Total Endpoints  
----------                ----------                --------                      -------      -------  ---------------------  -------------------      -------      -------  ---------------------  -------------------  
**async_default**         clk_125_system_clk_gen_0  clk_125_system_clk_gen_0        5.037        0.000                      0                  564        0.298        0.000                      0                  564  


------------------------------------------------------------------------------------------------
| Timing Details
| --------------
------------------------------------------------------------------------------------------------


---------------------------------------------------------------------------------------------------
From Clock:  adc_clk
  To Clock:  adc_clk

Setup :           NA  Failing Endpoints,  Worst Slack           NA  ,  Total Violation           NA
Hold  :           NA  Failing Endpoints,  Worst Slack           NA  ,  Total Violation           NA
PW    :            0  Failing Endpoints,  Worst Slack        2.000ns,  Total Violation        0.000ns
---------------------------------------------------------------------------------------------------


Pulse Width Checks
--------------------------------------------------------------------------------------
Clock Name:         adc_clk
Waveform(ns):       { 0.000 4.000 }
Period(ns):         8.000
Sources:            { adc_clk_i[1] }

Check Type        Corner  Lib Pin           Reference Pin  Required(ns)  Actual(ns)  Slack(ns)  Location  Pin
Min Period        n/a     PLLE2_ADV/CLKIN1  n/a            1.249         8.000       6.751                pll/pll/CLKIN1
Max Period        n/a     PLLE2_ADV/CLKIN1  n/a            52.633        8.000       44.633               pll/pll/CLKIN1
Low Pulse Width   Slow    PLLE2_ADV/CLKIN1  n/a            2.000         4.000       2.000                pll/pll/CLKIN1
High Pulse Width  Slow    PLLE2_ADV/CLKIN1  n/a            2.000         4.000       2.000                pll/pll/CLKIN1



---------------------------------------------------------------------------------------------------
From Clock:  clk_fb
  To Clock:  clk_fb

Setup :           NA  Failing Endpoints,  Worst Slack           NA  ,  Total Violation           NA
Hold  :           NA  Failing Endpoints,  Worst Slack           NA  ,  Total Violation           NA
PW    :            0  Failing Endpoints,  Worst Slack        6.751ns,  Total Violation        0.000ns
---------------------------------------------------------------------------------------------------


Pulse Width Checks
--------------------------------------------------------------------------------------
Clock Name:         clk_fb
Waveform(ns):       { 0.000 4.000 }
Period(ns):         8.000
Sources:            { pll/pll/CLKFBOUT }

Check Type  Corner  Lib Pin             Reference Pin  Required(ns)  Actual(ns)  Slack(ns)  Location  Pin
Min Period  n/a     PLLE2_ADV/CLKFBOUT  n/a            1.249         8.000       6.751                pll/pll/CLKFBOUT
Max Period  n/a     PLLE2_ADV/CLKFBIN   n/a            52.633        8.000       44.633               pll/pll/CLKFBIN



---------------------------------------------------------------------------------------------------
From Clock:  pll_dac_clk_1x
  To Clock:  pll_dac_clk_1x

Setup :            0  Failing Endpoints,  Worst Slack        1.626ns,  Total Violation        0.000ns
Hold  :           15  Failing Endpoints,  Worst Slack       -0.089ns,  Total Violation       -1.334ns
PW    :            0  Failing Endpoints,  Worst Slack        3.500ns,  Total Violation        0.000ns
---------------------------------------------------------------------------------------------------


Max Delay Paths
--------------------------------------------------------------------------------------
Slack (MET) :             1.626ns  (required time - arrival time)
  Source:                 dac_dat_a_o_reg[0]/C
                            (rising edge-triggered cell FDRE clocked by pll_dac_clk_1x  {rise@0.000ns fall@4.000ns period=8.000ns})
  Destination:            oddr_dac_dat[0]/D2
                            (falling edge-triggered cell ODDR clocked by pll_dac_clk_1x  {rise@0.000ns fall@4.000ns period=8.000ns})
  Path Group:             pll_dac_clk_1x
  Path Type:              Setup (Max at Slow Process Corner)
  Requirement:            4.000ns  (pll_dac_clk_1x fall@4.000ns - pll_dac_clk_1x rise@0.000ns)
  Data Path Delay:        1.256ns  (logic 0.456ns (36.314%)  route 0.800ns (63.686%))
  Logic Levels:           0  
  Clock Path Skew:        -0.040ns (DCD - SCD + CPR)
    Destination Clock Delay (DCD):    4.497ns = ( 8.497 - 4.000 ) 
    Source Clock Delay      (SCD):    4.780ns
    Clock Pessimism Removal (CPR):    0.243ns
  Clock Uncertainty:      0.069ns  ((TSJ^2 + DJ^2)^1/2) / 2 + PE
    Total System Jitter     (TSJ):    0.071ns
    Discrete Jitter          (DJ):    0.118ns
    Phase Error              (PE):    0.000ns

    Location             Delay type                Incr(ns)  Path(ns)    Netlist Resource(s)
  -------------------------------------------------------------------    -------------------
                         (clock pll_dac_clk_1x rise edge)
                                                      0.000     0.000 r  
    U18                                               0.000     0.000 r  adc_clk_i[1] (IN)
                         net (fo=0)                   0.000     0.000    adc_clk_i[1]
    U18                  IBUFDS (Prop_ibufds_I_O)     0.983     0.983 r  i_IBUF_clkadc/O
                         net (fo=4, unplaced)         2.007     2.990    pll/clk
                         PLLE2_ADV (Prop_plle2_adv_CLKIN1_CLKOUT1)
                                                      0.089     3.079 r  pll/pll/CLKOUT1
                         net (fo=1, unplaced)         0.800     3.879    pll_dac_clk_1x
                         BUFG (Prop_bufg_I_O)         0.101     3.980 r  bufg_dac_clk_1x/O
                         net (fo=45, unplaced)        0.800     4.780    dac_clk_1x
                         FDRE                                         r  dac_dat_a_o_reg[0]/C
  -------------------------------------------------------------------    -------------------
                         FDRE (Prop_fdre_C_Q)         0.456     5.236 r  dac_dat_a_o_reg[0]/Q
                         net (fo=1, unplaced)         0.800     6.035    dac_dat_a_o[0]
    OLOGIC_X0Y86         ODDR                                         r  oddr_dac_dat[0]/D2
  -------------------------------------------------------------------    -------------------

                         (clock pll_dac_clk_1x fall edge)
                                                      4.000     4.000 f  
    U18                                               0.000     4.000 f  adc_clk_i[1] (IN)
                         net (fo=0)                   0.000     4.000    adc_clk_i[1]
    U18                  IBUFDS (Prop_ibufds_I_O)     0.940     4.940 f  i_IBUF_clkadc/O
                         net (fo=4, unplaced)         1.862     6.802    pll/clk
                         PLLE2_ADV (Prop_plle2_adv_CLKIN1_CLKOUT1)
                                                      0.084     6.886 f  pll/pll/CLKOUT1
                         net (fo=1, unplaced)         0.760     7.646    pll_dac_clk_1x
                         BUFG (Prop_bufg_I_O)         0.091     7.737 f  bufg_dac_clk_1x/O
                         net (fo=45, unplaced)        0.760     8.497    dac_clk_1x
    OLOGIC_X0Y86         ODDR                                         f  oddr_dac_dat[0]/C
                         clock pessimism              0.243     8.740    
                         clock uncertainty           -0.069     8.671    
    OLOGIC_X0Y86         ODDR (Setup_oddr_C_D2)      -1.009     7.662    oddr_dac_dat[0]
  -------------------------------------------------------------------
                         required time                          7.662    
                         arrival time                          -6.035    
  -------------------------------------------------------------------
                         slack                                  1.626    





Min Delay Paths
--------------------------------------------------------------------------------------
Slack (VIOLATED) :        -0.089ns  (arrival time - required time)
  Source:                 dac_rst_reg/C
                            (rising edge-triggered cell FDRE clocked by pll_dac_clk_1x  {rise@0.000ns fall@4.000ns period=8.000ns})
  Destination:            oddr_dac_dat[0]/R
                            (rising edge-triggered cell ODDR clocked by pll_dac_clk_1x  {rise@0.000ns fall@4.000ns period=8.000ns})
  Path Group:             pll_dac_clk_1x
  Path Type:              Hold (Min at Fast Process Corner)
  Requirement:            0.000ns  (pll_dac_clk_1x rise@0.000ns - pll_dac_clk_1x rise@0.000ns)
  Data Path Delay:        0.478ns  (logic 0.141ns (29.492%)  route 0.337ns (70.508%))
  Logic Levels:           0  
  Clock Path Skew:        0.145ns (DCD - SCD - CPR)
    Destination Clock Delay (DCD):    2.116ns
    Source Clock Delay      (SCD):    1.771ns
    Clock Pessimism Removal (CPR):    0.200ns

    Location             Delay type                Incr(ns)  Path(ns)    Netlist Resource(s)
  -------------------------------------------------------------------    -------------------
                         (clock pll_dac_clk_1x rise edge)
                                                      0.000     0.000 r  
    U18                                               0.000     0.000 r  adc_clk_i[1] (IN)
                         net (fo=0)                   0.000     0.000    adc_clk_i[1]
    U18                  IBUFDS (Prop_ibufds_I_O)     0.401     0.401 r  i_IBUF_clkadc/O
                         net (fo=4, unplaced)         0.746     1.147    pll/clk
                         PLLE2_ADV (Prop_plle2_adv_CLKIN1_CLKOUT1)
                                                      0.051     1.198 r  pll/pll/CLKOUT1
                         net (fo=1, unplaced)         0.337     1.535    pll_dac_clk_1x
                         BUFG (Prop_bufg_I_O)         0.026     1.561 r  bufg_dac_clk_1x/O
                         net (fo=45, unplaced)        0.210     1.771    dac_clk_1x
                         FDRE                                         r  dac_rst_reg/C
  -------------------------------------------------------------------    -------------------
                         FDRE (Prop_fdre_C_Q)         0.141     1.912 r  dac_rst_reg/Q
                         net (fo=17, unplaced)        0.337     2.249    dac_rst
    OLOGIC_X0Y86         ODDR                                         r  oddr_dac_dat[0]/R
  -------------------------------------------------------------------    -------------------

                         (clock pll_dac_clk_1x rise edge)
                                                      0.000     0.000 r  
    U18                                               0.000     0.000 r  adc_clk_i[1] (IN)
                         net (fo=0)                   0.000     0.000    adc_clk_i[1]
    U18                  IBUFDS (Prop_ibufds_I_O)     0.433     0.433 r  i_IBUF_clkadc/O
                         net (fo=4, unplaced)         0.891     1.323    pll/clk
                         PLLE2_ADV (Prop_plle2_adv_CLKIN1_CLKOUT1)
                                                      0.054     1.377 r  pll/pll/CLKOUT1
                         net (fo=1, unplaced)         0.355     1.732    pll_dac_clk_1x
                         BUFG (Prop_bufg_I_O)         0.029     1.761 r  bufg_dac_clk_1x/O
                         net (fo=45, unplaced)        0.355     2.116    dac_clk_1x
    OLOGIC_X0Y86         ODDR                                         r  oddr_dac_dat[0]/C
                         clock pessimism             -0.200     1.916    
    OLOGIC_X0Y86         ODDR (Hold_oddr_C_R)         0.422     2.338    oddr_dac_dat[0]
  -------------------------------------------------------------------
                         required time                         -2.338    
                         arrival time                           2.249    
  -------------------------------------------------------------------
                         slack                                 -0.089    





Pulse Width Checks
--------------------------------------------------------------------------------------
Clock Name:         pll_dac_clk_1x
Waveform(ns):       { 0.000 4.000 }
Period(ns):         8.000
Sources:            { pll/pll/CLKOUT1 }

Check Type        Corner  Lib Pin            Reference Pin  Required(ns)  Actual(ns)  Slack(ns)  Location  Pin
Min Period        n/a     BUFG/I             n/a            2.155         8.000       5.845                bufg_dac_clk_1x/I
Max Period        n/a     PLLE2_ADV/CLKOUT1  n/a            160.000       8.000       152.000              pll/pll/CLKOUT1
Low Pulse Width   Slow    FDRE/C             n/a            0.500         4.000       3.500                dac_dat_a_o_reg[0]/C
High Pulse Width  Fast    FDRE/C             n/a            0.500         4.000       3.500                dac_dat_a_o_reg[0]/C



---------------------------------------------------------------------------------------------------
From Clock:  pll_dac_clk_2p
  To Clock:  pll_dac_clk_2p

Setup :           NA  Failing Endpoints,  Worst Slack           NA  ,  Total Violation           NA
Hold  :           NA  Failing Endpoints,  Worst Slack           NA  ,  Total Violation           NA
PW    :            0  Failing Endpoints,  Worst Slack        1.845ns,  Total Violation        0.000ns
---------------------------------------------------------------------------------------------------


Pulse Width Checks
--------------------------------------------------------------------------------------
Clock Name:         pll_dac_clk_2p
Waveform(ns):       { -0.500 1.500 }
Period(ns):         4.000
Sources:            { pll/pll/CLKOUT3 }

Check Type  Corner  Lib Pin            Reference Pin  Required(ns)  Actual(ns)  Slack(ns)  Location  Pin
Min Period  n/a     BUFG/I             n/a            2.155         4.000       1.845                bufg_dac_clk_2p/I
Max Period  n/a     PLLE2_ADV/CLKOUT3  n/a            160.000       4.000       156.000              pll/pll/CLKOUT3



---------------------------------------------------------------------------------------------------
From Clock:  pll_dac_clk_2x
  To Clock:  pll_dac_clk_2x

Setup :           NA  Failing Endpoints,  Worst Slack           NA  ,  Total Violation           NA
Hold  :           NA  Failing Endpoints,  Worst Slack           NA  ,  Total Violation           NA
PW    :            0  Failing Endpoints,  Worst Slack        1.845ns,  Total Violation        0.000ns
---------------------------------------------------------------------------------------------------


Pulse Width Checks
--------------------------------------------------------------------------------------
Clock Name:         pll_dac_clk_2x
Waveform(ns):       { 0.000 2.000 }
Period(ns):         4.000
Sources:            { pll/pll/CLKOUT2 }

Check Type  Corner  Lib Pin            Reference Pin  Required(ns)  Actual(ns)  Slack(ns)  Location  Pin
Min Period  n/a     BUFG/I             n/a            2.155         4.000       1.845                bufg_dac_clk_2x/I
Max Period  n/a     PLLE2_ADV/CLKOUT2  n/a            160.000       4.000       156.000              pll/pll/CLKOUT2



---------------------------------------------------------------------------------------------------
From Clock:  clk_fpga_0
  To Clock:  clk_fpga_0

Setup :           NA  Failing Endpoints,  Worst Slack           NA  ,  Total Violation           NA
Hold  :           NA  Failing Endpoints,  Worst Slack           NA  ,  Total Violation           NA
PW    :            0  Failing Endpoints,  Worst Slack        5.845ns,  Total Violation        0.000ns
---------------------------------------------------------------------------------------------------


Pulse Width Checks
--------------------------------------------------------------------------------------
Clock Name:         clk_fpga_0
Waveform(ns):       { 0.000 4.000 }
Period(ns):         8.000
Sources:            { system_wrapper_i/processing_system7_0/inst/PS7_i/FCLKCLK[0] }

Check Type  Corner  Lib Pin  Reference Pin  Required(ns)  Actual(ns)  Slack(ns)  Location  Pin
Min Period  n/a     BUFG/I   n/a            2.155         8.000       5.845                system_wrapper_i/processing_system7_0/inst/buffer_fclk_clk_0.FCLK_CLK_0_BUFG/I



---------------------------------------------------------------------------------------------------
From Clock:  clk_fpga_1
  To Clock:  clk_fpga_1

Setup :           NA  Failing Endpoints,  Worst Slack           NA  ,  Total Violation           NA
Hold  :           NA  Failing Endpoints,  Worst Slack           NA  ,  Total Violation           NA
PW    :            0  Failing Endpoints,  Worst Slack        1.845ns,  Total Violation        0.000ns
---------------------------------------------------------------------------------------------------


Pulse Width Checks
--------------------------------------------------------------------------------------
Clock Name:         clk_fpga_1
Waveform(ns):       { 0.000 2.000 }
Period(ns):         4.000
Sources:            { system_wrapper_i/processing_system7_0/inst/PS7_i/FCLKCLK[1] }

Check Type  Corner  Lib Pin  Reference Pin  Required(ns)  Actual(ns)  Slack(ns)  Location  Pin
Min Period  n/a     BUFG/I   n/a            2.155         4.000       1.845                system_wrapper_i/processing_system7_0/inst/buffer_fclk_clk_1.FCLK_CLK_1_BUFG/I



---------------------------------------------------------------------------------------------------
From Clock:  clk_fpga_2
  To Clock:  clk_fpga_2

Setup :            0  Failing Endpoints,  Worst Slack       11.024ns,  Total Violation        0.000ns
Hold  :            0  Failing Endpoints,  Worst Slack        0.007ns,  Total Violation        0.000ns
PW    :            0  Failing Endpoints,  Worst Slack        9.020ns,  Total Violation        0.000ns
---------------------------------------------------------------------------------------------------


Max Delay Paths
--------------------------------------------------------------------------------------
Slack (MET) :             11.024ns  (required time - arrival time)
  Source:                 system_wrapper_i/processing_system7_0/inst/PS7_i/MAXIGP0ACLK
                            (rising edge-triggered cell PS7 clocked by clk_fpga_2  {rise@0.000ns fall@10.000ns period=20.000ns})
  Destination:            system_wrapper_i/axi_reg/xbar/inst/gen_samd.crossbar_samd/addr_arbiter_aw/gen_no_arbiter.m_target_hot_i_reg[0]/CE
                            (rising edge-triggered cell FDRE clocked by clk_fpga_2  {rise@0.000ns fall@10.000ns period=20.000ns})
  Path Group:             clk_fpga_2
  Path Type:              Setup (Max at Slow Process Corner)
  Requirement:            20.000ns  (clk_fpga_2 rise@20.000ns - clk_fpga_2 rise@0.000ns)
  Data Path Delay:        8.327ns  (logic 2.433ns (29.219%)  route 5.894ns (70.781%))
  Logic Levels:           8  (LUT2=2 LUT3=1 LUT4=2 LUT6=3)
  Clock Path Skew:        -0.145ns (DCD - SCD + CPR)
    Destination Clock Delay (DCD):    1.505ns = ( 21.505 - 20.000 ) 
    Source Clock Delay      (SCD):    1.700ns
    Clock Pessimism Removal (CPR):    0.050ns
  Clock Uncertainty:      0.302ns  ((TSJ^2 + TIJ^2)^1/2 + DJ) / 2 + PE
    Total System Jitter     (TSJ):    0.071ns
    Total Input Jitter      (TIJ):    0.600ns
    Discrete Jitter          (DJ):    0.000ns
    Phase Error              (PE):    0.000ns

    Location             Delay type                Incr(ns)  Path(ns)    Netlist Resource(s)
  -------------------------------------------------------------------    -------------------
                         (clock clk_fpga_2 rise edge)
                                                      0.000     0.000 r  
    PS7_X0Y0             PS7                          0.000     0.000 r  system_wrapper_i/processing_system7_0/inst/PS7_i/FCLKCLK[2]
                         net (fo=1, unplaced)         0.800     0.800    system_wrapper_i/processing_system7_0/inst/FCLK_CLK_unbuffered[2]
                         BUFG (Prop_bufg_I_O)         0.101     0.901 r  system_wrapper_i/processing_system7_0/inst/buffer_fclk_clk_2.FCLK_CLK_2_BUFG/O
                         net (fo=1872, unplaced)      0.800     1.700    system_wrapper_i/processing_system7_0/inst/M_AXI_GP0_ACLK
    PS7_X0Y0             PS7                                          r  system_wrapper_i/processing_system7_0/inst/PS7_i/MAXIGP0ACLK
  -------------------------------------------------------------------    -------------------
    PS7_X0Y0             PS7 (Prop_ps7_MAXIGP0ACLK_MAXIGP0AWADDR[27])
                                                      1.447     3.147 f  system_wrapper_i/processing_system7_0/inst/PS7_i/MAXIGP0AWADDR[27]
                         net (fo=4, unplaced)         0.800     3.947    system_wrapper_i/axi_reg/xbar/inst/gen_samd.crossbar_samd/gen_slave_slots[0].gen_si_write.si_transactor_aw/gen_addr_decoder.addr_decoder_inst/gen_target[0].gen_region[0].gen_comparator_static.gen_addr_range.addr_decode_comparator/A[25]
                         LUT6 (Prop_lut6_I5_O)        0.124     4.071 r  system_wrapper_i/axi_reg/xbar/inst/gen_samd.crossbar_samd/gen_slave_slots[0].gen_si_write.si_transactor_aw/gen_addr_decoder.addr_decoder_inst/gen_target[0].gen_region[0].gen_comparator_static.gen_addr_range.addr_decode_comparator/LUT_LEVEL[4].compare_inst_i_2/O
                         net (fo=1, unplaced)         0.449     4.520    system_wrapper_i/axi_reg/xbar/inst/gen_samd.crossbar_samd/gen_slave_slots[0].gen_si_write.si_transactor_aw/gen_addr_decoder.addr_decoder_inst/gen_target[0].gen_region[0].gen_comparator_static.gen_addr_range.addr_decode_comparator/LUT_LEVEL[4].compare_inst/S
                         LUT2 (Prop_lut2_I1_O)        0.124     4.644 r  system_wrapper_i/axi_reg/xbar/inst/gen_samd.crossbar_samd/gen_slave_slots[0].gen_si_write.si_transactor_aw/gen_addr_decoder.addr_decoder_inst/gen_target[0].gen_region[0].gen_comparator_static.gen_addr_range.addr_decode_comparator/LUT_LEVEL[4].compare_inst/COUT_INST_0/O
                         net (fo=2, unplaced)         0.913     5.557    system_wrapper_i/axi_reg/xbar/inst/gen_samd.crossbar_samd/gen_slave_slots[0].gen_si_write.si_transactor_aw/gen_addr_decoder.addr_decoder_inst/ADDRESS_HIT_0
                         LUT3 (Prop_lut3_I0_O)        0.124     5.681 r  system_wrapper_i/axi_reg/xbar/inst/gen_samd.crossbar_samd/gen_slave_slots[0].gen_si_write.si_transactor_aw/gen_addr_decoder.addr_decoder_inst/MATCH_INST_0/O
                         net (fo=14, unplaced)        0.500     6.181    system_wrapper_i/axi_reg/xbar/inst/gen_samd.crossbar_samd/gen_slave_slots[0].gen_si_write.si_transactor_aw/match
                         LUT2 (Prop_lut2_I0_O)        0.118     6.299 r  system_wrapper_i/axi_reg/xbar/inst/gen_samd.crossbar_samd/gen_slave_slots[0].gen_si_write.si_transactor_aw/M_AVALID_QUAL_INST_0_i_10/O
                         net (fo=2, unplaced)         0.913     7.212    system_wrapper_i/axi_reg/xbar/inst/gen_samd.crossbar_samd/gen_slave_slots[0].gen_si_write.si_transactor_aw/M_AVALID_QUAL_INST_0_i_10_n_0
                         LUT6 (Prop_lut6_I0_O)        0.124     7.336 f  system_wrapper_i/axi_reg/xbar/inst/gen_samd.crossbar_samd/gen_slave_slots[0].gen_si_write.si_transactor_aw/M_AVALID_QUAL_INST_0_i_4/O
                         net (fo=1, unplaced)         0.902     8.238    system_wrapper_i/axi_reg/xbar/inst/gen_samd.crossbar_samd/gen_slave_slots[0].gen_si_write.si_transactor_aw/M_AVALID_QUAL_INST_0_i_4_n_0
                         LUT6 (Prop_lut6_I3_O)        0.124     8.362 r  system_wrapper_i/axi_reg/xbar/inst/gen_samd.crossbar_samd/gen_slave_slots[0].gen_si_write.si_transactor_aw/M_AVALID_QUAL_INST_0/O
                         net (fo=2, unplaced)         0.460     8.822    system_wrapper_i/axi_reg/xbar/inst/gen_samd.crossbar_samd/addr_arbiter_aw/S_VALID_QUAL[0]
                         LUT4 (Prop_lut4_I1_O)        0.124     8.946 r  system_wrapper_i/axi_reg/xbar/inst/gen_samd.crossbar_samd/addr_arbiter_aw/gen_no_arbiter.m_target_hot_i[3]_i_2/O
                         net (fo=2, unplaced)         0.460     9.406    system_wrapper_i/axi_reg/xbar/inst/gen_samd.crossbar_samd/addr_arbiter_aw/gen_no_arbiter.m_target_hot_i[3]_i_2_n_0
                         LUT4 (Prop_lut4_I2_O)        0.124     9.530 r  system_wrapper_i/axi_reg/xbar/inst/gen_samd.crossbar_samd/addr_arbiter_aw/gen_no_arbiter.m_target_hot_i[3]_i_1/O
                         net (fo=4, unplaced)         0.497    10.027    system_wrapper_i/axi_reg/xbar/inst/gen_samd.crossbar_samd/addr_arbiter_aw/gen_no_arbiter.m_target_hot_i[3]_i_1_n_0
                         FDRE                                         r  system_wrapper_i/axi_reg/xbar/inst/gen_samd.crossbar_samd/addr_arbiter_aw/gen_no_arbiter.m_target_hot_i_reg[0]/CE
  -------------------------------------------------------------------    -------------------

                         (clock clk_fpga_2 rise edge)
                                                     20.000    20.000 r  
    PS7_X0Y0             PS7                          0.000    20.000 r  system_wrapper_i/processing_system7_0/inst/PS7_i/FCLKCLK[2]
                         net (fo=1, unplaced)         0.760    20.760    system_wrapper_i/processing_system7_0/inst/FCLK_CLK_unbuffered[2]
                         BUFG (Prop_bufg_I_O)         0.091    20.851 r  system_wrapper_i/processing_system7_0/inst/buffer_fclk_clk_2.FCLK_CLK_2_BUFG/O
                         net (fo=1872, unplaced)      0.655    21.505    system_wrapper_i/axi_reg/xbar/inst/gen_samd.crossbar_samd/addr_arbiter_aw/ACLK
                         FDRE                                         r  system_wrapper_i/axi_reg/xbar/inst/gen_samd.crossbar_samd/addr_arbiter_aw/gen_no_arbiter.m_target_hot_i_reg[0]/C
                         clock pessimism              0.050    21.555    
                         clock uncertainty           -0.302    21.253    
                         FDRE (Setup_fdre_C_CE)      -0.202    21.051    system_wrapper_i/axi_reg/xbar/inst/gen_samd.crossbar_samd/addr_arbiter_aw/gen_no_arbiter.m_target_hot_i_reg[0]
  -------------------------------------------------------------------
                         required time                         21.051    
                         arrival time                         -10.027    
  -------------------------------------------------------------------
                         slack                                 11.024    





Min Delay Paths
--------------------------------------------------------------------------------------
Slack (MET) :             0.007ns  (arrival time - required time)
  Source:                 system_wrapper_i/rst_gen3/U0/EXT_LPF/ACTIVE_LOW_AUX.ACT_LO_AUX/GENERATE_LEVEL_P_S_CDC.SINGLE_BIT.CROSS_PLEVEL_IN2SCNDRY_IN_cdc_to/C
                            (rising edge-triggered cell FDRE clocked by clk_fpga_2  {rise@0.000ns fall@10.000ns period=20.000ns})
  Destination:            system_wrapper_i/rst_gen3/U0/EXT_LPF/ACTIVE_LOW_AUX.ACT_LO_AUX/GENERATE_LEVEL_P_S_CDC.SINGLE_BIT.CROSS_PLEVEL_IN2SCNDRY_s_level_out_d2/D
                            (rising edge-triggered cell FDRE clocked by clk_fpga_2  {rise@0.000ns fall@10.000ns period=20.000ns})
  Path Group:             clk_fpga_2
  Path Type:              Hold (Min at Fast Process Corner)
  Requirement:            0.000ns  (clk_fpga_2 rise@0.000ns - clk_fpga_2 rise@0.000ns)
  Data Path Delay:        0.222ns  (logic 0.141ns (63.533%)  route 0.081ns (36.467%))
  Logic Levels:           0  
  Clock Path Skew:        0.145ns (DCD - SCD - CPR)
    Destination Clock Delay (DCD):    0.739ns
    Source Clock Delay      (SCD):    0.573ns
    Clock Pessimism Removal (CPR):    0.021ns

    Location             Delay type                Incr(ns)  Path(ns)    Netlist Resource(s)
  -------------------------------------------------------------------    -------------------
                         (clock clk_fpga_2 rise edge)
                                                      0.000     0.000 r  
    PS7_X0Y0             PS7                          0.000     0.000 r  system_wrapper_i/processing_system7_0/inst/PS7_i/FCLKCLK[2]
                         net (fo=1, unplaced)         0.337     0.337    system_wrapper_i/processing_system7_0/inst/FCLK_CLK_unbuffered[2]
                         BUFG (Prop_bufg_I_O)         0.026     0.363 r  system_wrapper_i/processing_system7_0/inst/buffer_fclk_clk_2.FCLK_CLK_2_BUFG/O
                         net (fo=1872, unplaced)      0.210     0.573    system_wrapper_i/rst_gen3/U0/EXT_LPF/ACTIVE_LOW_AUX.ACT_LO_AUX/scndry_aclk
                         FDRE                                         r  system_wrapper_i/rst_gen3/U0/EXT_LPF/ACTIVE_LOW_AUX.ACT_LO_AUX/GENERATE_LEVEL_P_S_CDC.SINGLE_BIT.CROSS_PLEVEL_IN2SCNDRY_IN_cdc_to/C
  -------------------------------------------------------------------    -------------------
                         FDRE (Prop_fdre_C_Q)         0.141     0.714 r  system_wrapper_i/rst_gen3/U0/EXT_LPF/ACTIVE_LOW_AUX.ACT_LO_AUX/GENERATE_LEVEL_P_S_CDC.SINGLE_BIT.CROSS_PLEVEL_IN2SCNDRY_IN_cdc_to/Q
                         net (fo=1, unplaced)         0.081     0.795    system_wrapper_i/rst_gen3/U0/EXT_LPF/ACTIVE_LOW_AUX.ACT_LO_AUX/s_level_out_d1_cdc_to
                         FDRE                                         r  system_wrapper_i/rst_gen3/U0/EXT_LPF/ACTIVE_LOW_AUX.ACT_LO_AUX/GENERATE_LEVEL_P_S_CDC.SINGLE_BIT.CROSS_PLEVEL_IN2SCNDRY_s_level_out_d2/D
  -------------------------------------------------------------------    -------------------

                         (clock clk_fpga_2 rise edge)
                                                      0.000     0.000 r  
    PS7_X0Y0             PS7                          0.000     0.000 r  system_wrapper_i/processing_system7_0/inst/PS7_i/FCLKCLK[2]
                         net (fo=1, unplaced)         0.355     0.355    system_wrapper_i/processing_system7_0/inst/FCLK_CLK_unbuffered[2]
                         BUFG (Prop_bufg_I_O)         0.029     0.384 r  system_wrapper_i/processing_system7_0/inst/buffer_fclk_clk_2.FCLK_CLK_2_BUFG/O
                         net (fo=1872, unplaced)      0.355     0.739    system_wrapper_i/rst_gen3/U0/EXT_LPF/ACTIVE_LOW_AUX.ACT_LO_AUX/scndry_aclk
                         FDRE                                         r  system_wrapper_i/rst_gen3/U0/EXT_LPF/ACTIVE_LOW_AUX.ACT_LO_AUX/GENERATE_LEVEL_P_S_CDC.SINGLE_BIT.CROSS_PLEVEL_IN2SCNDRY_s_level_out_d2/C
                         clock pessimism             -0.021     0.718    
                         FDRE (Hold_fdre_C_D)         0.070     0.788    system_wrapper_i/rst_gen3/U0/EXT_LPF/ACTIVE_LOW_AUX.ACT_LO_AUX/GENERATE_LEVEL_P_S_CDC.SINGLE_BIT.CROSS_PLEVEL_IN2SCNDRY_s_level_out_d2
  -------------------------------------------------------------------
                         required time                         -0.788    
                         arrival time                           0.795    
  -------------------------------------------------------------------
                         slack                                  0.007    





Pulse Width Checks
--------------------------------------------------------------------------------------
Clock Name:         clk_fpga_2
Waveform(ns):       { 0.000 10.000 }
Period(ns):         20.000
Sources:            { system_wrapper_i/processing_system7_0/inst/PS7_i/FCLKCLK[2] }

Check Type        Corner  Lib Pin     Reference Pin  Required(ns)  Actual(ns)  Slack(ns)  Location  Pin
Min Period        n/a     BUFG/I      n/a            2.155         20.000      17.845               system_wrapper_i/processing_system7_0/inst/buffer_fclk_clk_2.FCLK_CLK_2_BUFG/I
Low Pulse Width   Slow    SRL16E/CLK  n/a            0.980         10.000      9.020                system_wrapper_i/rst_gen3/U0/EXT_LPF/POR_SRL_I/CLK
High Pulse Width  Fast    SRL16E/CLK  n/a            0.980         10.000      9.020                system_wrapper_i/rst_gen3/U0/EXT_LPF/POR_SRL_I/CLK



---------------------------------------------------------------------------------------------------
From Clock:  clk_fpga_3
  To Clock:  clk_fpga_3

Setup :           NA  Failing Endpoints,  Worst Slack           NA  ,  Total Violation           NA
Hold  :           NA  Failing Endpoints,  Worst Slack           NA  ,  Total Violation           NA
PW    :            0  Failing Endpoints,  Worst Slack        2.845ns,  Total Violation        0.000ns
---------------------------------------------------------------------------------------------------


Pulse Width Checks
--------------------------------------------------------------------------------------
Clock Name:         clk_fpga_3
Waveform(ns):       { 0.000 2.500 }
Period(ns):         5.000
Sources:            { system_wrapper_i/processing_system7_0/inst/PS7_i/FCLKCLK[3] }

Check Type  Corner  Lib Pin  Reference Pin  Required(ns)  Actual(ns)  Slack(ns)  Location  Pin
Min Period  n/a     BUFG/I   n/a            2.155         5.000       2.845                system_wrapper_i/processing_system7_0/inst/buffer_fclk_clk_3.FCLK_CLK_3_BUFG/I



---------------------------------------------------------------------------------------------------
From Clock:  daisy_clk
  To Clock:  daisy_clk

Setup :            0  Failing Endpoints,  Worst Slack        5.518ns,  Total Violation        0.000ns
Hold  :            0  Failing Endpoints,  Worst Slack        0.144ns,  Total Violation        0.000ns
PW    :            0  Failing Endpoints,  Worst Slack        3.500ns,  Total Violation        0.000ns
---------------------------------------------------------------------------------------------------


Max Delay Paths
--------------------------------------------------------------------------------------
Slack (MET) :             5.518ns  (required time - arrival time)
  Source:                 daisy_cnt_reg[5]/C
                            (rising edge-triggered cell FDRE clocked by daisy_clk  {rise@0.000ns fall@4.000ns period=8.000ns})
  Destination:            daisy_cnt_reg[7]/D
                            (rising edge-triggered cell FDRE clocked by daisy_clk  {rise@0.000ns fall@4.000ns period=8.000ns})
  Path Group:             daisy_clk
  Path Type:              Setup (Max at Slow Process Corner)
  Requirement:            8.000ns  (daisy_clk rise@8.000ns - daisy_clk rise@0.000ns)
  Data Path Delay:        2.331ns  (logic 0.875ns (37.538%)  route 1.456ns (62.462%))
  Logic Levels:           2  (LUT3=1 LUT6=1)
  Clock Path Skew:        -0.145ns (DCD - SCD + CPR)
    Destination Clock Delay (DCD):    2.409ns = ( 10.409 - 8.000 ) 
    Source Clock Delay      (SCD):    2.647ns
    Clock Pessimism Removal (CPR):    0.093ns
  Clock Uncertainty:      0.035ns  ((TSJ^2 + TIJ^2)^1/2 + DJ) / 2 + PE
    Total System Jitter     (TSJ):    0.071ns
    Total Input Jitter      (TIJ):    0.000ns
    Discrete Jitter          (DJ):    0.000ns
    Phase Error              (PE):    0.000ns

    Location             Delay type                Incr(ns)  Path(ns)    Netlist Resource(s)
  -------------------------------------------------------------------    -------------------
                         (clock daisy_clk rise edge)
                                                      0.000     0.000 r  
    N18                                               0.000     0.000 r  daisy_p_i[1] (IN)
                         net (fo=0)                   0.000     0.000    daisy_p_i[1]
    N18                  IBUFDS (Prop_ibufds_I_O)     0.945     0.945 r  i_IBUF_clkdaisy/O
                         net (fo=1, unplaced)         0.800     1.745    adc_clk_daisy
                         BUFG (Prop_bufg_I_O)         0.102     1.847 r  adc_clk_daisy_BUFG_inst/O
                         net (fo=13, unplaced)        0.800     2.647    adc_clk_daisy_BUFG
                         FDRE                                         r  daisy_cnt_reg[5]/C
  -------------------------------------------------------------------    -------------------
                         FDRE (Prop_fdre_C_Q)         0.456     3.103 f  daisy_cnt_reg[5]/Q
                         net (fo=4, unplaced)         0.989     4.092    daisy_cnt_reg[5]
                         LUT6 (Prop_lut6_I0_O)        0.295     4.387 r  daisy_cnt[9]_i_2/O
                         net (fo=3, unplaced)         0.467     4.854    daisy_cnt[9]_i_2_n_0
                         LUT3 (Prop_lut3_I0_O)        0.124     4.978 r  daisy_cnt[7]_i_1/O
                         net (fo=1, unplaced)         0.000     4.978    p_0_in[7]
                         FDRE                                         r  daisy_cnt_reg[7]/D
  -------------------------------------------------------------------    -------------------

                         (clock daisy_clk rise edge)
                                                      8.000     8.000 r  
    N18                                               0.000     8.000 r  daisy_p_i[1] (IN)
                         net (fo=0)                   0.000     8.000    daisy_p_i[1]
    N18                  IBUFDS (Prop_ibufds_I_O)     0.902     8.902 r  i_IBUF_clkdaisy/O
                         net (fo=1, unplaced)         0.760     9.662    adc_clk_daisy
                         BUFG (Prop_bufg_I_O)         0.092     9.754 r  adc_clk_daisy_BUFG_inst/O
                         net (fo=13, unplaced)        0.655    10.409    adc_clk_daisy_BUFG
                         FDRE                                         r  daisy_cnt_reg[7]/C
                         clock pessimism              0.093    10.502    
                         clock uncertainty           -0.035    10.466    
                         FDRE (Setup_fdre_C_D)        0.029    10.495    daisy_cnt_reg[7]
  -------------------------------------------------------------------
                         required time                         10.495    
                         arrival time                          -4.978    
  -------------------------------------------------------------------
                         slack                                  5.518    





Min Delay Paths
--------------------------------------------------------------------------------------
Slack (MET) :             0.144ns  (arrival time - required time)
  Source:                 daisy_cnt_reg[5]/C
                            (rising edge-triggered cell FDRE clocked by daisy_clk  {rise@0.000ns fall@4.000ns period=8.000ns})
  Destination:            daisy_cnt_reg[5]/D
                            (rising edge-triggered cell FDRE clocked by daisy_clk  {rise@0.000ns fall@4.000ns period=8.000ns})
  Path Group:             daisy_clk
  Path Type:              Hold (Min at Fast Process Corner)
  Requirement:            0.000ns  (daisy_clk rise@0.000ns - daisy_clk rise@0.000ns)
  Data Path Delay:        0.380ns  (logic 0.239ns (62.860%)  route 0.141ns (37.140%))
  Logic Levels:           1  (LUT6=1)
  Clock Path Skew:        0.145ns (DCD - SCD - CPR)
    Destination Clock Delay (DCD):    1.134ns
    Source Clock Delay      (SCD):    0.938ns
    Clock Pessimism Removal (CPR):    0.052ns

    Location             Delay type                Incr(ns)  Path(ns)    Netlist Resource(s)
  -------------------------------------------------------------------    -------------------
                         (clock daisy_clk rise edge)
                                                      0.000     0.000 r  
    N18                                               0.000     0.000 r  daisy_p_i[1] (IN)
                         net (fo=0)                   0.000     0.000    daisy_p_i[1]
    N18                  IBUFDS (Prop_ibufds_I_O)     0.364     0.364 r  i_IBUF_clkdaisy/O
                         net (fo=1, unplaced)         0.337     0.701    adc_clk_daisy
                         BUFG (Prop_bufg_I_O)         0.027     0.728 r  adc_clk_daisy_BUFG_inst/O
                         net (fo=13, unplaced)        0.210     0.938    adc_clk_daisy_BUFG
                         FDRE                                         r  daisy_cnt_reg[5]/C
  -------------------------------------------------------------------    -------------------
                         FDRE (Prop_fdre_C_Q)         0.141     1.079 r  daisy_cnt_reg[5]/Q
                         net (fo=4, unplaced)         0.141     1.220    daisy_cnt_reg[5]
                         LUT6 (Prop_lut6_I5_O)        0.098     1.318 r  daisy_cnt[5]_i_1/O
                         net (fo=1, unplaced)         0.000     1.318    p_0_in[5]
                         FDRE                                         r  daisy_cnt_reg[5]/D
  -------------------------------------------------------------------    -------------------

                         (clock daisy_clk rise edge)
                                                      0.000     0.000 r  
    N18                                               0.000     0.000 r  daisy_p_i[1] (IN)
                         net (fo=0)                   0.000     0.000    daisy_p_i[1]
    N18                  IBUFDS (Prop_ibufds_I_O)     0.395     0.395 r  i_IBUF_clkdaisy/O
                         net (fo=1, unplaced)         0.355     0.750    adc_clk_daisy
                         BUFG (Prop_bufg_I_O)         0.030     0.780 r  adc_clk_daisy_BUFG_inst/O
                         net (fo=13, unplaced)        0.355     1.134    adc_clk_daisy_BUFG
                         FDRE                                         r  daisy_cnt_reg[5]/C
                         clock pessimism             -0.052     1.083    
                         FDRE (Hold_fdre_C_D)         0.091     1.174    daisy_cnt_reg[5]
  -------------------------------------------------------------------
                         required time                         -1.174    
                         arrival time                           1.318    
  -------------------------------------------------------------------
                         slack                                  0.144    





Pulse Width Checks
--------------------------------------------------------------------------------------
Clock Name:         daisy_clk
Waveform(ns):       { 0.000 4.000 }
Period(ns):         8.000
Sources:            { daisy_p_i[1] }

Check Type        Corner  Lib Pin  Reference Pin  Required(ns)  Actual(ns)  Slack(ns)  Location  Pin
Min Period        n/a     BUFG/I   n/a            2.155         8.000       5.845                adc_clk_daisy_BUFG_inst/I
Low Pulse Width   Slow    FDRE/C   n/a            0.500         4.000       3.500                daisy_cnt_reg[0]/C
High Pulse Width  Slow    FDRE/C   n/a            0.500         4.000       3.500                daisy_cnt_reg[0]/C



---------------------------------------------------------------------------------------------------
From Clock:  system_wrapper_i/clk_gen/inst/clk_in1
  To Clock:  system_wrapper_i/clk_gen/inst/clk_in1

Setup :           NA  Failing Endpoints,  Worst Slack           NA  ,  Total Violation           NA
Hold  :           NA  Failing Endpoints,  Worst Slack           NA  ,  Total Violation           NA
PW    :            0  Failing Endpoints,  Worst Slack        2.000ns,  Total Violation        0.000ns
---------------------------------------------------------------------------------------------------


Pulse Width Checks
--------------------------------------------------------------------------------------
Clock Name:         system_wrapper_i/clk_gen/inst/clk_in1
Waveform(ns):       { 0.000 4.000 }
Period(ns):         8.000
Sources:            { system_wrapper_i/clk_gen/inst/clk_in1 }

Check Type        Corner  Lib Pin            Reference Pin  Required(ns)  Actual(ns)  Slack(ns)  Location  Pin
Min Period        n/a     MMCME2_ADV/CLKIN1  n/a            1.249         8.000       6.751                system_wrapper_i/clk_gen/inst/mmcm_adv_inst/CLKIN1
Max Period        n/a     MMCME2_ADV/CLKIN1  n/a            100.000       8.000       92.000               system_wrapper_i/clk_gen/inst/mmcm_adv_inst/CLKIN1
Low Pulse Width   Fast    MMCME2_ADV/CLKIN1  n/a            2.000         4.000       2.000                system_wrapper_i/clk_gen/inst/mmcm_adv_inst/CLKIN1
High Pulse Width  Slow    MMCME2_ADV/CLKIN1  n/a            2.000         4.000       2.000                system_wrapper_i/clk_gen/inst/mmcm_adv_inst/CLKIN1



---------------------------------------------------------------------------------------------------
From Clock:  clk_125_system_clk_gen_0
  To Clock:  clk_125_system_clk_gen_0

Setup :          203  Failing Endpoints,  Worst Slack       -2.598ns,  Total Violation     -230.691ns
Hold  :            0  Failing Endpoints,  Worst Slack        0.007ns,  Total Violation        0.000ns
PW    :            0  Failing Endpoints,  Worst Slack        2.750ns,  Total Violation        0.000ns
---------------------------------------------------------------------------------------------------


Max Delay Paths
--------------------------------------------------------------------------------------
Slack (VIOLATED) :        -2.598ns  (required time - arrival time)
  Source:                 system_wrapper_i/rp_oscilloscope/inst/U_scope_cfg/cfg_filt_coeff_aa_reg[17]/C
                            (rising edge-triggered cell FDRE clocked by clk_125_system_clk_gen_0  {rise@0.000ns fall@4.000ns period=8.000ns})
  Destination:            system_wrapper_i/rp_oscilloscope/inst/acq_ch_gen[0].U_osc2/i_dfilt/aa_mult/A[19]
                            (rising edge-triggered cell DSP48E1 clocked by clk_125_system_clk_gen_0  {rise@0.000ns fall@4.000ns period=8.000ns})
  Path Group:             clk_125_system_clk_gen_0
  Path Type:              Setup (Max at Slow Process Corner)
  Requirement:            8.000ns  (clk_125_system_clk_gen_0 rise@8.000ns - clk_125_system_clk_gen_0 rise@0.000ns)
  Data Path Delay:        10.021ns  (logic 6.653ns (66.390%)  route 3.368ns (33.610%))
  Logic Levels:           14  (CARRY4=11 DSP48E1=1 LUT1=1 LUT4=1)
  Clock Path Skew:        -0.145ns (DCD - SCD + CPR)
    Destination Clock Delay (DCD):    -1.863ns = ( 6.137 - 8.000 ) 
    Source Clock Delay      (SCD):    -1.249ns
    Clock Pessimism Removal (CPR):    0.469ns
  Clock Uncertainty:      0.069ns  ((TSJ^2 + DJ^2)^1/2) / 2 + PE
    Total System Jitter     (TSJ):    0.071ns
    Discrete Jitter          (DJ):    0.119ns
    Phase Error              (PE):    0.000ns

    Location             Delay type                Incr(ns)  Path(ns)    Netlist Resource(s)
  -------------------------------------------------------------------    -------------------
                         (clock clk_125_system_clk_gen_0 rise edge)
                                                      0.000     0.000 r  
    U18                  IBUFDS                       0.000     0.000 r  i_IBUF_clkadc/O
                         net (fo=4, unplaced)         2.007     2.007    system_wrapper_i/clk_gen/inst/clk_in1
                         MMCME2_ADV (Prop_mmcme2_adv_CLKIN1_CLKOUT0)
                                                     -4.957    -2.950 r  system_wrapper_i/clk_gen/inst/mmcm_adv_inst/CLKOUT0
                         net (fo=1, unplaced)         0.800    -2.150    system_wrapper_i/clk_gen/inst/clk_125_system_clk_gen_0
                         BUFG (Prop_bufg_I_O)         0.101    -2.049 r  system_wrapper_i/clk_gen/inst/clkout1_buf/O
                         net (fo=9922, unplaced)      0.800    -1.249    system_wrapper_i/rp_oscilloscope/inst/U_scope_cfg/clk_adc_i
                         FDRE                                         r  system_wrapper_i/rp_oscilloscope/inst/U_scope_cfg/cfg_filt_coeff_aa_reg[17]/C
  -------------------------------------------------------------------    -------------------
                         FDRE (Prop_fdre_C_Q)         0.456    -0.793 r  system_wrapper_i/rp_oscilloscope/inst/U_scope_cfg/cfg_filt_coeff_aa_reg[17]/Q
                         net (fo=2, unplaced)         0.800     0.006    system_wrapper_i/rp_oscilloscope/inst/acq_ch_gen[0].U_osc2/i_dfilt/cfg_coeff_aa[17]
                         DSP48E1 (Prop_dsp48e1_B[17]_P[0])
                                                      3.831     3.837 f  system_wrapper_i/rp_oscilloscope/inst/acq_ch_gen[0].U_osc2/i_dfilt/aa_mult/P[0]
                         net (fo=1, unplaced)         0.800     4.637    system_wrapper_i/rp_oscilloscope/inst/acq_ch_gen[0].U_osc2/i_dfilt/aa_mult_n_105
                         LUT1 (Prop_lut1_I0_O)        0.124     4.761 r  system_wrapper_i/rp_oscilloscope/inst/acq_ch_gen[0].U_osc2/i_dfilt/r3_reg_dsp2[3]_i_35/O
                         net (fo=1, unplaced)         0.333     5.094    system_wrapper_i/rp_oscilloscope/inst/acq_ch_gen[0].U_osc2/i_dfilt/r3_reg_dsp2[3]_i_35_n_0
                         CARRY4 (Prop_carry4_CYINIT_CO[3])
                                                      0.580     5.674 r  system_wrapper_i/rp_oscilloscope/inst/acq_ch_gen[0].U_osc2/i_dfilt/r3_reg_dsp2_reg[3]_i_30/CO[3]
                         net (fo=1, unplaced)         0.000     5.674    system_wrapper_i/rp_oscilloscope/inst/acq_ch_gen[0].U_osc2/i_dfilt/r3_reg_dsp2_reg[3]_i_30_n_0
                         CARRY4 (Prop_carry4_CI_CO[3])
                                                      0.114     5.788 r  system_wrapper_i/rp_oscilloscope/inst/acq_ch_gen[0].U_osc2/i_dfilt/r3_reg_dsp2_reg[3]_i_25/CO[3]
                         net (fo=1, unplaced)         0.000     5.788    system_wrapper_i/rp_oscilloscope/inst/acq_ch_gen[0].U_osc2/i_dfilt/r3_reg_dsp2_reg[3]_i_25_n_0
                         CARRY4 (Prop_carry4_CI_CO[3])
                                                      0.114     5.902 r  system_wrapper_i/rp_oscilloscope/inst/acq_ch_gen[0].U_osc2/i_dfilt/r3_reg_dsp2_reg[3]_i_20/CO[3]
                         net (fo=1, unplaced)         0.000     5.902    system_wrapper_i/rp_oscilloscope/inst/acq_ch_gen[0].U_osc2/i_dfilt/r3_reg_dsp2_reg[3]_i_20_n_0
                         CARRY4 (Prop_carry4_CI_CO[3])
                                                      0.114     6.016 r  system_wrapper_i/rp_oscilloscope/inst/acq_ch_gen[0].U_osc2/i_dfilt/r3_reg_dsp2_reg[3]_i_15/CO[3]
                         net (fo=1, unplaced)         0.000     6.016    system_wrapper_i/rp_oscilloscope/inst/acq_ch_gen[0].U_osc2/i_dfilt/r3_reg_dsp2_reg[3]_i_15_n_0
                         CARRY4 (Prop_carry4_CI_CO[3])
                                                      0.114     6.130 r  system_wrapper_i/rp_oscilloscope/inst/acq_ch_gen[0].U_osc2/i_dfilt/r3_reg_dsp2_reg[3]_i_10/CO[3]
                         net (fo=1, unplaced)         0.000     6.130    system_wrapper_i/rp_oscilloscope/inst/acq_ch_gen[0].U_osc2/i_dfilt/r3_reg_dsp2_reg[3]_i_10_n_0
                         CARRY4 (Prop_carry4_CI_CO[3])
                                                      0.114     6.244 r  system_wrapper_i/rp_oscilloscope/inst/acq_ch_gen[0].U_osc2/i_dfilt/r3_reg_dsp2_reg[3]_i_2/CO[3]
                         net (fo=1, unplaced)         0.000     6.244    system_wrapper_i/rp_oscilloscope/inst/acq_ch_gen[0].U_osc2/i_dfilt/r3_reg_dsp2_reg[3]_i_2_n_0
                         CARRY4 (Prop_carry4_CI_CO[3])
                                                      0.114     6.358 r  system_wrapper_i/rp_oscilloscope/inst/acq_ch_gen[0].U_osc2/i_dfilt/r3_reg_dsp2_reg[3]_i_1/CO[3]
                         net (fo=1, unplaced)         0.000     6.358    system_wrapper_i/rp_oscilloscope/inst/acq_ch_gen[0].U_osc2/i_dfilt/r3_reg_dsp2_reg[3]_i_1_n_0
                         CARRY4 (Prop_carry4_CI_CO[3])
                                                      0.114     6.472 r  system_wrapper_i/rp_oscilloscope/inst/acq_ch_gen[0].U_osc2/i_dfilt/r3_reg_dsp2_reg[7]_i_1/CO[3]
                         net (fo=1, unplaced)         0.000     6.472    system_wrapper_i/rp_oscilloscope/inst/acq_ch_gen[0].U_osc2/i_dfilt/r3_reg_dsp2_reg[7]_i_1_n_0
                         CARRY4 (Prop_carry4_CI_CO[3])
                                                      0.114     6.586 r  system_wrapper_i/rp_oscilloscope/inst/acq_ch_gen[0].U_osc2/i_dfilt/r3_reg_dsp2_reg[11]_i_1/CO[3]
                         net (fo=1, unplaced)         0.000     6.586    system_wrapper_i/rp_oscilloscope/inst/acq_ch_gen[0].U_osc2/i_dfilt/r3_reg_dsp2_reg[11]_i_1_n_0
                         CARRY4 (Prop_carry4_CI_CO[3])
                                                      0.114     6.700 r  system_wrapper_i/rp_oscilloscope/inst/acq_ch_gen[0].U_osc2/i_dfilt/r3_reg_dsp2_reg[15]_i_1/CO[3]
                         net (fo=1, unplaced)         0.000     6.700    system_wrapper_i/rp_oscilloscope/inst/acq_ch_gen[0].U_osc2/i_dfilt/r3_reg_dsp2_reg[15]_i_1_n_0
                         CARRY4 (Prop_carry4_CI_O[3])
                                                      0.329     7.029 r  system_wrapper_i/rp_oscilloscope/inst/acq_ch_gen[0].U_osc2/i_dfilt/r3_reg_dsp2_reg[19]_i_1/O[3]
                         net (fo=3, unplaced)         0.636     7.665    system_wrapper_i/rp_oscilloscope/inst/acq_ch_gen[0].U_osc2/i_dfilt/r3_sum[44]
                         LUT4 (Prop_lut4_I3_O)        0.307     7.972 r  system_wrapper_i/rp_oscilloscope/inst/acq_ch_gen[0].U_osc2/i_dfilt/aa_mult_i_4/O
                         net (fo=1, unplaced)         0.800     8.772    system_wrapper_i/rp_oscilloscope/inst/acq_ch_gen[0].U_osc2/i_dfilt/r3_reg_dsp1[19]
                         DSP48E1                                      r  system_wrapper_i/rp_oscilloscope/inst/acq_ch_gen[0].U_osc2/i_dfilt/aa_mult/A[19]
  -------------------------------------------------------------------    -------------------

                         (clock clk_125_system_clk_gen_0 rise edge)
                                                      8.000     8.000 r  
    U18                  IBUFDS                       0.000     8.000 r  i_IBUF_clkadc/O
                         net (fo=4, unplaced)         1.862     9.862    system_wrapper_i/clk_gen/inst/clk_in1
                         MMCME2_ADV (Prop_mmcme2_adv_CLKIN1_CLKOUT0)
                                                     -5.231     4.631 r  system_wrapper_i/clk_gen/inst/mmcm_adv_inst/CLKOUT0
                         net (fo=1, unplaced)         0.760     5.391    system_wrapper_i/clk_gen/inst/clk_125_system_clk_gen_0
                         BUFG (Prop_bufg_I_O)         0.091     5.482 r  system_wrapper_i/clk_gen/inst/clkout1_buf/O
                         net (fo=9922, unplaced)      0.655     6.137    system_wrapper_i/rp_oscilloscope/inst/acq_ch_gen[0].U_osc2/i_dfilt/clk
                         DSP48E1                                      r  system_wrapper_i/rp_oscilloscope/inst/acq_ch_gen[0].U_osc2/i_dfilt/aa_mult/CLK
                         clock pessimism              0.469     6.606    
                         clock uncertainty           -0.069     6.536    
                         DSP48E1 (Setup_dsp48e1_CLK_A[19])
                                                     -0.362     6.174    system_wrapper_i/rp_oscilloscope/inst/acq_ch_gen[0].U_osc2/i_dfilt/aa_mult
  -------------------------------------------------------------------
                         required time                          6.174    
                         arrival time                          -8.772    
  -------------------------------------------------------------------
                         slack                                 -2.598    





Min Delay Paths
--------------------------------------------------------------------------------------
Slack (MET) :             0.007ns  (arrival time - required time)
  Source:                 system_wrapper_i/axi_interconnect_0/m00_couplers/auto_pc/inst/gen_axi4_axi3.axi3_conv_inst/USE_READ.USE_SPLIT_R.read_addr_inst/USE_R_CHANNEL.cmd_queue/inst/fifo_gen_inst/inst_fifo_gen/gconvfifo.rf/grf.rf/rstblk/ngwrdrst.grst.g7serrst.gnsckt_wrst.rst_wr_reg2_inst/arststages_ff_reg[0]/C
                            (rising edge-triggered cell FDPE clocked by clk_125_system_clk_gen_0  {rise@0.000ns fall@4.000ns period=8.000ns})
  Destination:            system_wrapper_i/axi_interconnect_0/m00_couplers/auto_pc/inst/gen_axi4_axi3.axi3_conv_inst/USE_READ.USE_SPLIT_R.read_addr_inst/USE_R_CHANNEL.cmd_queue/inst/fifo_gen_inst/inst_fifo_gen/gconvfifo.rf/grf.rf/rstblk/ngwrdrst.grst.g7serrst.gnsckt_wrst.rst_wr_reg2_inst/arststages_ff_reg[1]/D
                            (rising edge-triggered cell FDPE clocked by clk_125_system_clk_gen_0  {rise@0.000ns fall@4.000ns period=8.000ns})
  Path Group:             clk_125_system_clk_gen_0
  Path Type:              Hold (Min at Fast Process Corner)
  Requirement:            0.000ns  (clk_125_system_clk_gen_0 rise@0.000ns - clk_125_system_clk_gen_0 rise@0.000ns)
  Data Path Delay:        0.222ns  (logic 0.141ns (63.533%)  route 0.081ns (36.467%))
  Logic Levels:           0  
  Clock Path Skew:        0.145ns (DCD - SCD - CPR)
    Destination Clock Delay (DCD):    -0.695ns
    Source Clock Delay      (SCD):    -0.377ns
    Clock Pessimism Removal (CPR):    -0.463ns

    Location             Delay type                Incr(ns)  Path(ns)    Netlist Resource(s)
  -------------------------------------------------------------------    -------------------
                         (clock clk_125_system_clk_gen_0 rise edge)
                                                      0.000     0.000 r  
    U18                  IBUFDS                       0.000     0.000 r  i_IBUF_clkadc/O
                         net (fo=4, unplaced)         0.746     0.746    system_wrapper_i/clk_gen/inst/clk_in1
                         MMCME2_ADV (Prop_mmcme2_adv_CLKIN1_CLKOUT0)
                                                     -1.695    -0.950 r  system_wrapper_i/clk_gen/inst/mmcm_adv_inst/CLKOUT0
                         net (fo=1, unplaced)         0.337    -0.612    system_wrapper_i/clk_gen/inst/clk_125_system_clk_gen_0
                         BUFG (Prop_bufg_I_O)         0.026    -0.586 r  system_wrapper_i/clk_gen/inst/clkout1_buf/O
                         net (fo=9922, unplaced)      0.210    -0.377    system_wrapper_i/axi_interconnect_0/m00_couplers/auto_pc/inst/gen_axi4_axi3.axi3_conv_inst/USE_READ.USE_SPLIT_R.read_addr_inst/USE_R_CHANNEL.cmd_queue/inst/fifo_gen_inst/inst_fifo_gen/gconvfifo.rf/grf.rf/rstblk/ngwrdrst.grst.g7serrst.gnsckt_wrst.rst_wr_reg2_inst/dest_clk
                         FDPE                                         r  system_wrapper_i/axi_interconnect_0/m00_couplers/auto_pc/inst/gen_axi4_axi3.axi3_conv_inst/USE_READ.USE_SPLIT_R.read_addr_inst/USE_R_CHANNEL.cmd_queue/inst/fifo_gen_inst/inst_fifo_gen/gconvfifo.rf/grf.rf/rstblk/ngwrdrst.grst.g7serrst.gnsckt_wrst.rst_wr_reg2_inst/arststages_ff_reg[0]/C
  -------------------------------------------------------------------    -------------------
                         FDPE (Prop_fdpe_C_Q)         0.141    -0.236 r  system_wrapper_i/axi_interconnect_0/m00_couplers/auto_pc/inst/gen_axi4_axi3.axi3_conv_inst/USE_READ.USE_SPLIT_R.read_addr_inst/USE_R_CHANNEL.cmd_queue/inst/fifo_gen_inst/inst_fifo_gen/gconvfifo.rf/grf.rf/rstblk/ngwrdrst.grst.g7serrst.gnsckt_wrst.rst_wr_reg2_inst/arststages_ff_reg[0]/Q
                         net (fo=1, unplaced)         0.081    -0.155    system_wrapper_i/axi_interconnect_0/m00_couplers/auto_pc/inst/gen_axi4_axi3.axi3_conv_inst/USE_READ.USE_SPLIT_R.read_addr_inst/USE_R_CHANNEL.cmd_queue/inst/fifo_gen_inst/inst_fifo_gen/gconvfifo.rf/grf.rf/rstblk/ngwrdrst.grst.g7serrst.gnsckt_wrst.rst_wr_reg2_inst/arststages_ff[0]
                         FDPE                                         r  system_wrapper_i/axi_interconnect_0/m00_couplers/auto_pc/inst/gen_axi4_axi3.axi3_conv_inst/USE_READ.USE_SPLIT_R.read_addr_inst/USE_R_CHANNEL.cmd_queue/inst/fifo_gen_inst/inst_fifo_gen/gconvfifo.rf/grf.rf/rstblk/ngwrdrst.grst.g7serrst.gnsckt_wrst.rst_wr_reg2_inst/arststages_ff_reg[1]/D
  -------------------------------------------------------------------    -------------------

                         (clock clk_125_system_clk_gen_0 rise edge)
                                                      0.000     0.000 r  
    U18                  IBUFDS                       0.000     0.000 r  i_IBUF_clkadc/O
                         net (fo=4, unplaced)         0.891     0.891    system_wrapper_i/clk_gen/inst/clk_in1
                         MMCME2_ADV (Prop_mmcme2_adv_CLKIN1_CLKOUT0)
                                                     -2.324    -1.433 r  system_wrapper_i/clk_gen/inst/mmcm_adv_inst/CLKOUT0
                         net (fo=1, unplaced)         0.355    -1.078    system_wrapper_i/clk_gen/inst/clk_125_system_clk_gen_0
                         BUFG (Prop_bufg_I_O)         0.029    -1.049 r  system_wrapper_i/clk_gen/inst/clkout1_buf/O
                         net (fo=9922, unplaced)      0.355    -0.695    system_wrapper_i/axi_interconnect_0/m00_couplers/auto_pc/inst/gen_axi4_axi3.axi3_conv_inst/USE_READ.USE_SPLIT_R.read_addr_inst/USE_R_CHANNEL.cmd_queue/inst/fifo_gen_inst/inst_fifo_gen/gconvfifo.rf/grf.rf/rstblk/ngwrdrst.grst.g7serrst.gnsckt_wrst.rst_wr_reg2_inst/dest_clk
                         FDPE                                         r  system_wrapper_i/axi_interconnect_0/m00_couplers/auto_pc/inst/gen_axi4_axi3.axi3_conv_inst/USE_READ.USE_SPLIT_R.read_addr_inst/USE_R_CHANNEL.cmd_queue/inst/fifo_gen_inst/inst_fifo_gen/gconvfifo.rf/grf.rf/rstblk/ngwrdrst.grst.g7serrst.gnsckt_wrst.rst_wr_reg2_inst/arststages_ff_reg[1]/C
                         clock pessimism              0.463    -0.232    
                         FDPE (Hold_fdpe_C_D)         0.070    -0.162    system_wrapper_i/axi_interconnect_0/m00_couplers/auto_pc/inst/gen_axi4_axi3.axi3_conv_inst/USE_READ.USE_SPLIT_R.read_addr_inst/USE_R_CHANNEL.cmd_queue/inst/fifo_gen_inst/inst_fifo_gen/gconvfifo.rf/grf.rf/rstblk/ngwrdrst.grst.g7serrst.gnsckt_wrst.rst_wr_reg2_inst/arststages_ff_reg[1]
  -------------------------------------------------------------------
                         required time                          0.162    
                         arrival time                          -0.155    
  -------------------------------------------------------------------
                         slack                                  0.007    





Pulse Width Checks
--------------------------------------------------------------------------------------
Clock Name:         clk_125_system_clk_gen_0
Waveform(ns):       { 0.000 4.000 }
Period(ns):         8.000
Sources:            { system_wrapper_i/clk_gen/inst/mmcm_adv_inst/CLKOUT0 }

Check Type        Corner  Lib Pin             Reference Pin  Required(ns)  Actual(ns)  Slack(ns)  Location  Pin
Min Period        n/a     XADC/DCLK           n/a            4.000         8.000       4.000                system_wrapper_i/xadc/inst/AXI_XADC_CORE_I/XADC_INST/DCLK
Max Period        n/a     MMCME2_ADV/CLKOUT0  n/a            213.360       8.000       205.360              system_wrapper_i/clk_gen/inst/mmcm_adv_inst/CLKOUT0
Low Pulse Width   Slow    RAMD32/CLK          n/a            1.250         4.000       2.750                system_wrapper_i/axi_interconnect_0/m00_couplers/auto_pc/inst/gen_axi4_axi3.axi3_conv_inst/USE_READ.USE_SPLIT_R.read_addr_inst/USE_R_CHANNEL.cmd_queue/inst/fifo_gen_inst/inst_fifo_gen/gconvfifo.rf/grf.rf/gntv_or_sync_fifo.mem/gdm.dm_gen.dm/RAM_reg_0_31_0_0/DP/CLK
High Pulse Width  Slow    RAMD32/CLK          n/a            1.250         4.000       2.750                system_wrapper_i/axi_interconnect_0/m00_couplers/auto_pc/inst/gen_axi4_axi3.axi3_conv_inst/USE_READ.USE_SPLIT_R.read_addr_inst/USE_R_CHANNEL.cmd_queue/inst/fifo_gen_inst/inst_fifo_gen/gconvfifo.rf/grf.rf/gntv_or_sync_fifo.mem/gdm.dm_gen.dm/RAM_reg_0_31_0_0/DP/CLK



---------------------------------------------------------------------------------------------------
From Clock:  clk_200_system_clk_gen_0
  To Clock:  clk_200_system_clk_gen_0

Setup :           18  Failing Endpoints,  Worst Slack       -0.344ns,  Total Violation       -5.611ns
Hold  :            0  Failing Endpoints,  Worst Slack        0.007ns,  Total Violation        0.000ns
PW    :            0  Failing Endpoints,  Worst Slack        1.020ns,  Total Violation        0.000ns
---------------------------------------------------------------------------------------------------


Max Delay Paths
--------------------------------------------------------------------------------------
Slack (VIOLATED) :        -0.344ns  (required time - arrival time)
  Source:                 system_wrapper_i/rp_dac/inst/U_dac1/U_dma_mm2s/U_fifo_axi_data/U0/inst_fifo_gen/gconvfifo.rf/grf.rf/gntv_or_sync_fifo.gl0.wr/gwas.gwdc0.wdc/wr_data_count_i_reg[4]/C
                            (rising edge-triggered cell FDRE clocked by clk_200_system_clk_gen_0  {rise@0.000ns fall@2.000ns period=4.000ns})
  Destination:            system_wrapper_i/rp_dac/inst/U_dac1/U_dma_mm2s/U_dma_mm2s_ctrl/full_cnt_reg[0]/CE
                            (rising edge-triggered cell FDRE clocked by clk_200_system_clk_gen_0  {rise@0.000ns fall@2.000ns period=4.000ns})
  Path Group:             clk_200_system_clk_gen_0
  Path Type:              Setup (Max at Slow Process Corner)
  Requirement:            4.000ns  (clk_200_system_clk_gen_0 rise@4.000ns - clk_200_system_clk_gen_0 rise@0.000ns)
  Data Path Delay:        3.934ns  (logic 1.123ns (28.546%)  route 2.811ns (71.454%))
  Logic Levels:           4  (LUT5=2 LUT6=2)
  Clock Path Skew:        -0.145ns (DCD - SCD + CPR)
    Destination Clock Delay (DCD):    -1.863ns = ( 2.137 - 4.000 ) 
    Source Clock Delay      (SCD):    -1.249ns
    Clock Pessimism Removal (CPR):    0.469ns
  Clock Uncertainty:      0.063ns  ((TSJ^2 + DJ^2)^1/2) / 2 + PE
    Total System Jitter     (TSJ):    0.071ns
    Discrete Jitter          (DJ):    0.105ns
    Phase Error              (PE):    0.000ns

    Location             Delay type                Incr(ns)  Path(ns)    Netlist Resource(s)
  -------------------------------------------------------------------    -------------------
                         (clock clk_200_system_clk_gen_0 rise edge)
                                                      0.000     0.000 r  
    U18                  IBUFDS                       0.000     0.000 r  i_IBUF_clkadc/O
                         net (fo=4, unplaced)         2.007     2.007    system_wrapper_i/clk_gen/inst/clk_in1
                         MMCME2_ADV (Prop_mmcme2_adv_CLKIN1_CLKOUT1)
                                                     -4.957    -2.950 r  system_wrapper_i/clk_gen/inst/mmcm_adv_inst/CLKOUT1
                         net (fo=1, unplaced)         0.800    -2.150    system_wrapper_i/clk_gen/inst/clk_200_system_clk_gen_0
                         BUFG (Prop_bufg_I_O)         0.101    -2.049 r  system_wrapper_i/clk_gen/inst/clkout2_buf/O
                         net (fo=1261, unplaced)      0.800    -1.249    system_wrapper_i/rp_dac/inst/U_dac1/U_dma_mm2s/U_fifo_axi_data/U0/inst_fifo_gen/gconvfifo.rf/grf.rf/gntv_or_sync_fifo.gl0.wr/gwas.gwdc0.wdc/WR_CLK
                         FDRE                                         r  system_wrapper_i/rp_dac/inst/U_dac1/U_dma_mm2s/U_fifo_axi_data/U0/inst_fifo_gen/gconvfifo.rf/grf.rf/gntv_or_sync_fifo.gl0.wr/gwas.gwdc0.wdc/wr_data_count_i_reg[4]/C
  -------------------------------------------------------------------    -------------------
                         FDRE (Prop_fdre_C_Q)         0.456    -0.793 r  system_wrapper_i/rp_dac/inst/U_dac1/U_dma_mm2s/U_fifo_axi_data/U0/inst_fifo_gen/gconvfifo.rf/grf.rf/gntv_or_sync_fifo.gl0.wr/gwas.gwdc0.wdc/wr_data_count_i_reg[4]/Q
                         net (fo=1, unplaced)         0.965     0.172    system_wrapper_i/rp_dac/inst/U_dac1/U_dma_mm2s/fifo_wr_cnt[4]
                         LUT6 (Prop_lut6_I0_O)        0.295     0.467 r  system_wrapper_i/rp_dac/inst/U_dac1/U_dma_mm2s/U_dma_mm2s_ctrl_i_3/O
                         net (fo=1, unplaced)         0.419     0.886    system_wrapper_i/rp_dac/inst/U_dac1/U_dma_mm2s/U_dma_mm2s_ctrl_i_3_n_0
                         LUT6 (Prop_lut6_I4_O)        0.124     1.010 r  system_wrapper_i/rp_dac/inst/U_dac1/U_dma_mm2s/U_dma_mm2s_ctrl_i_1/O
                         net (fo=3, unplaced)         0.467     1.477    system_wrapper_i/rp_dac/inst/U_dac1/U_dma_mm2s/U_dma_mm2s_ctrl/fifo_full
                         LUT5 (Prop_lut5_I1_O)        0.124     1.601 r  system_wrapper_i/rp_dac/inst/U_dac1/U_dma_mm2s/U_dma_mm2s_ctrl/full_cnt[7]_i_3/O
                         net (fo=1, unplaced)         0.449     2.050    system_wrapper_i/rp_dac/inst/U_dac1/U_dma_mm2s/U_dma_mm2s_ctrl/full_cnt[7]_i_3_n_0
                         LUT5 (Prop_lut5_I0_O)        0.124     2.174 r  system_wrapper_i/rp_dac/inst/U_dac1/U_dma_mm2s/U_dma_mm2s_ctrl/full_cnt[7]_i_1/O
                         net (fo=8, unplaced)         0.511     2.685    system_wrapper_i/rp_dac/inst/U_dac1/U_dma_mm2s/U_dma_mm2s_ctrl/full_cnt
                         FDRE                                         r  system_wrapper_i/rp_dac/inst/U_dac1/U_dma_mm2s/U_dma_mm2s_ctrl/full_cnt_reg[0]/CE
  -------------------------------------------------------------------    -------------------

                         (clock clk_200_system_clk_gen_0 rise edge)
                                                      4.000     4.000 r  
    U18                  IBUFDS                       0.000     4.000 r  i_IBUF_clkadc/O
                         net (fo=4, unplaced)         1.862     5.862    system_wrapper_i/clk_gen/inst/clk_in1
                         MMCME2_ADV (Prop_mmcme2_adv_CLKIN1_CLKOUT1)
                                                     -5.231     0.631 r  system_wrapper_i/clk_gen/inst/mmcm_adv_inst/CLKOUT1
                         net (fo=1, unplaced)         0.760     1.391    system_wrapper_i/clk_gen/inst/clk_200_system_clk_gen_0
                         BUFG (Prop_bufg_I_O)         0.091     1.482 r  system_wrapper_i/clk_gen/inst/clkout2_buf/O
                         net (fo=1261, unplaced)      0.655     2.137    system_wrapper_i/rp_dac/inst/U_dac1/U_dma_mm2s/U_dma_mm2s_ctrl/m_axi_aclk
                         FDRE                                         r  system_wrapper_i/rp_dac/inst/U_dac1/U_dma_mm2s/U_dma_mm2s_ctrl/full_cnt_reg[0]/C
                         clock pessimism              0.469     2.606    
                         clock uncertainty           -0.063     2.543    
                         FDRE (Setup_fdre_C_CE)      -0.202     2.341    system_wrapper_i/rp_dac/inst/U_dac1/U_dma_mm2s/U_dma_mm2s_ctrl/full_cnt_reg[0]
  -------------------------------------------------------------------
                         required time                          2.341    
                         arrival time                          -2.685    
  -------------------------------------------------------------------
                         slack                                 -0.344    





Min Delay Paths
--------------------------------------------------------------------------------------
Slack (MET) :             0.007ns  (arrival time - required time)
  Source:                 system_wrapper_i/rp_dac/inst/U_dac1/U_dma_mm2s/U_fifo_axi_data/U0/inst_fifo_gen/gconvfifo.rf/grf.rf/gntv_or_sync_fifo.gcx.clkx/rd_pntr_cdc_inst/dest_graysync_ff_reg[0][0]/C
                            (rising edge-triggered cell FDRE clocked by clk_200_system_clk_gen_0  {rise@0.000ns fall@2.000ns period=4.000ns})
  Destination:            system_wrapper_i/rp_dac/inst/U_dac1/U_dma_mm2s/U_fifo_axi_data/U0/inst_fifo_gen/gconvfifo.rf/grf.rf/gntv_or_sync_fifo.gcx.clkx/rd_pntr_cdc_inst/dest_graysync_ff_reg[1][0]/D
                            (rising edge-triggered cell FDRE clocked by clk_200_system_clk_gen_0  {rise@0.000ns fall@2.000ns period=4.000ns})
  Path Group:             clk_200_system_clk_gen_0
  Path Type:              Hold (Min at Fast Process Corner)
  Requirement:            0.000ns  (clk_200_system_clk_gen_0 rise@0.000ns - clk_200_system_clk_gen_0 rise@0.000ns)
  Data Path Delay:        0.222ns  (logic 0.141ns (63.533%)  route 0.081ns (36.467%))
  Logic Levels:           0  
  Clock Path Skew:        0.145ns (DCD - SCD - CPR)
    Destination Clock Delay (DCD):    -0.695ns
    Source Clock Delay      (SCD):    -0.377ns
    Clock Pessimism Removal (CPR):    -0.463ns

    Location             Delay type                Incr(ns)  Path(ns)    Netlist Resource(s)
  -------------------------------------------------------------------    -------------------
                         (clock clk_200_system_clk_gen_0 rise edge)
                                                      0.000     0.000 r  
    U18                  IBUFDS                       0.000     0.000 r  i_IBUF_clkadc/O
                         net (fo=4, unplaced)         0.746     0.746    system_wrapper_i/clk_gen/inst/clk_in1
                         MMCME2_ADV (Prop_mmcme2_adv_CLKIN1_CLKOUT1)
                                                     -1.695    -0.950 r  system_wrapper_i/clk_gen/inst/mmcm_adv_inst/CLKOUT1
                         net (fo=1, unplaced)         0.337    -0.612    system_wrapper_i/clk_gen/inst/clk_200_system_clk_gen_0
                         BUFG (Prop_bufg_I_O)         0.026    -0.586 r  system_wrapper_i/clk_gen/inst/clkout2_buf/O
                         net (fo=1261, unplaced)      0.210    -0.377    system_wrapper_i/rp_dac/inst/U_dac1/U_dma_mm2s/U_fifo_axi_data/U0/inst_fifo_gen/gconvfifo.rf/grf.rf/gntv_or_sync_fifo.gcx.clkx/rd_pntr_cdc_inst/dest_clk
                         FDRE                                         r  system_wrapper_i/rp_dac/inst/U_dac1/U_dma_mm2s/U_fifo_axi_data/U0/inst_fifo_gen/gconvfifo.rf/grf.rf/gntv_or_sync_fifo.gcx.clkx/rd_pntr_cdc_inst/dest_graysync_ff_reg[0][0]/C
  -------------------------------------------------------------------    -------------------
                         FDRE (Prop_fdre_C_Q)         0.141    -0.236 r  system_wrapper_i/rp_dac/inst/U_dac1/U_dma_mm2s/U_fifo_axi_data/U0/inst_fifo_gen/gconvfifo.rf/grf.rf/gntv_or_sync_fifo.gcx.clkx/rd_pntr_cdc_inst/dest_graysync_ff_reg[0][0]/Q
                         net (fo=1, unplaced)         0.081    -0.155    system_wrapper_i/rp_dac/inst/U_dac1/U_dma_mm2s/U_fifo_axi_data/U0/inst_fifo_gen/gconvfifo.rf/grf.rf/gntv_or_sync_fifo.gcx.clkx/rd_pntr_cdc_inst/dest_graysync_ff[0][0]
                         FDRE                                         r  system_wrapper_i/rp_dac/inst/U_dac1/U_dma_mm2s/U_fifo_axi_data/U0/inst_fifo_gen/gconvfifo.rf/grf.rf/gntv_or_sync_fifo.gcx.clkx/rd_pntr_cdc_inst/dest_graysync_ff_reg[1][0]/D
  -------------------------------------------------------------------    -------------------

                         (clock clk_200_system_clk_gen_0 rise edge)
                                                      0.000     0.000 r  
    U18                  IBUFDS                       0.000     0.000 r  i_IBUF_clkadc/O
                         net (fo=4, unplaced)         0.891     0.891    system_wrapper_i/clk_gen/inst/clk_in1
                         MMCME2_ADV (Prop_mmcme2_adv_CLKIN1_CLKOUT1)
                                                     -2.324    -1.433 r  system_wrapper_i/clk_gen/inst/mmcm_adv_inst/CLKOUT1
                         net (fo=1, unplaced)         0.355    -1.078    system_wrapper_i/clk_gen/inst/clk_200_system_clk_gen_0
                         BUFG (Prop_bufg_I_O)         0.029    -1.049 r  system_wrapper_i/clk_gen/inst/clkout2_buf/O
                         net (fo=1261, unplaced)      0.355    -0.695    system_wrapper_i/rp_dac/inst/U_dac1/U_dma_mm2s/U_fifo_axi_data/U0/inst_fifo_gen/gconvfifo.rf/grf.rf/gntv_or_sync_fifo.gcx.clkx/rd_pntr_cdc_inst/dest_clk
                         FDRE                                         r  system_wrapper_i/rp_dac/inst/U_dac1/U_dma_mm2s/U_fifo_axi_data/U0/inst_fifo_gen/gconvfifo.rf/grf.rf/gntv_or_sync_fifo.gcx.clkx/rd_pntr_cdc_inst/dest_graysync_ff_reg[1][0]/C
                         clock pessimism              0.463    -0.232    
                         FDRE (Hold_fdre_C_D)         0.070    -0.162    system_wrapper_i/rp_dac/inst/U_dac1/U_dma_mm2s/U_fifo_axi_data/U0/inst_fifo_gen/gconvfifo.rf/grf.rf/gntv_or_sync_fifo.gcx.clkx/rd_pntr_cdc_inst/dest_graysync_ff_reg[1][0]
  -------------------------------------------------------------------
                         required time                          0.162    
                         arrival time                          -0.155    
  -------------------------------------------------------------------
                         slack                                  0.007    





Pulse Width Checks
--------------------------------------------------------------------------------------
Clock Name:         clk_200_system_clk_gen_0
Waveform(ns):       { 0.000 2.000 }
Period(ns):         4.000
Sources:            { system_wrapper_i/clk_gen/inst/mmcm_adv_inst/CLKOUT1 }

Check Type        Corner  Lib Pin             Reference Pin  Required(ns)  Actual(ns)  Slack(ns)  Location  Pin
Min Period        n/a     RAMB18E1/CLKARDCLK  n/a            2.576         4.000       1.424                system_wrapper_i/rp_dac/inst/U_dac1/U_dma_mm2s/U_fifo_axi_data/U0/inst_fifo_gen/gconvfifo.rf/grf.rf/gntv_or_sync_fifo.mem/gbm.gbmg.gbmga.ngecc.bmg/inst_blk_mem_gen/gnbram.gnativebmg.native_blk_mem_gen/valid.cstr/ramloop[0].ram.r/prim_noinit.ram/DEVICE_7SERIES.NO_BMM_INFO.SDP.SIMPLE_PRIM18.ram/CLKARDCLK
Max Period        n/a     MMCME2_ADV/CLKOUT1  n/a            213.360       4.000       209.360              system_wrapper_i/clk_gen/inst/mmcm_adv_inst/CLKOUT1
Low Pulse Width   Slow    SRL16E/CLK          n/a            0.980         2.000       1.020                system_wrapper_i/rst_gen2/U0/EXT_LPF/POR_SRL_I/CLK
High Pulse Width  Slow    SRL16E/CLK          n/a            0.980         2.000       1.020                system_wrapper_i/rst_gen2/U0/EXT_LPF/POR_SRL_I/CLK



---------------------------------------------------------------------------------------------------
From Clock:  clk_333_system_clk_gen_0
  To Clock:  clk_333_system_clk_gen_0

Setup :           NA  Failing Endpoints,  Worst Slack           NA  ,  Total Violation           NA
Hold  :           NA  Failing Endpoints,  Worst Slack           NA  ,  Total Violation           NA
PW    :            0  Failing Endpoints,  Worst Slack        0.845ns,  Total Violation        0.000ns
---------------------------------------------------------------------------------------------------


Pulse Width Checks
--------------------------------------------------------------------------------------
Clock Name:         clk_333_system_clk_gen_0
Waveform(ns):       { 0.000 1.500 }
Period(ns):         3.000
Sources:            { system_wrapper_i/clk_gen/inst/mmcm_adv_inst/CLKOUT2 }

Check Type  Corner  Lib Pin             Reference Pin  Required(ns)  Actual(ns)  Slack(ns)  Location  Pin
Min Period  n/a     BUFG/I              n/a            2.155         3.000       0.845                system_wrapper_i/clk_gen/inst/clkout3_buf/I
Max Period  n/a     MMCME2_ADV/CLKOUT2  n/a            213.360       3.000       210.360              system_wrapper_i/clk_gen/inst/mmcm_adv_inst/CLKOUT2



---------------------------------------------------------------------------------------------------
From Clock:  clk_62_5_system_clk_gen_0
  To Clock:  clk_62_5_system_clk_gen_0

Setup :           NA  Failing Endpoints,  Worst Slack           NA  ,  Total Violation           NA
Hold  :           NA  Failing Endpoints,  Worst Slack           NA  ,  Total Violation           NA
PW    :            0  Failing Endpoints,  Worst Slack       13.845ns,  Total Violation        0.000ns
---------------------------------------------------------------------------------------------------


Pulse Width Checks
--------------------------------------------------------------------------------------
Clock Name:         clk_62_5_system_clk_gen_0
Waveform(ns):       { 0.000 8.000 }
Period(ns):         16.000
Sources:            { system_wrapper_i/clk_gen/inst/mmcm_adv_inst/CLKOUT3 }

Check Type  Corner  Lib Pin             Reference Pin  Required(ns)  Actual(ns)  Slack(ns)  Location  Pin
Min Period  n/a     BUFG/I              n/a            2.155         16.000      13.845               system_wrapper_i/clk_gen/inst/clkout4_buf/I
Max Period  n/a     MMCME2_ADV/CLKOUT3  n/a            213.360       16.000      197.360              system_wrapper_i/clk_gen/inst/mmcm_adv_inst/CLKOUT3



---------------------------------------------------------------------------------------------------
From Clock:  clkfbout_system_clk_gen_0
  To Clock:  clkfbout_system_clk_gen_0

Setup :           NA  Failing Endpoints,  Worst Slack           NA  ,  Total Violation           NA
Hold  :           NA  Failing Endpoints,  Worst Slack           NA  ,  Total Violation           NA
PW    :            0  Failing Endpoints,  Worst Slack        5.845ns,  Total Violation        0.000ns
---------------------------------------------------------------------------------------------------


Pulse Width Checks
--------------------------------------------------------------------------------------
Clock Name:         clkfbout_system_clk_gen_0
Waveform(ns):       { 0.000 4.000 }
Period(ns):         8.000
Sources:            { system_wrapper_i/clk_gen/inst/mmcm_adv_inst/CLKFBOUT }

Check Type  Corner  Lib Pin             Reference Pin  Required(ns)  Actual(ns)  Slack(ns)  Location  Pin
Min Period  n/a     BUFG/I              n/a            2.155         8.000       5.845                system_wrapper_i/clk_gen/inst/clkf_buf/I
Max Period  n/a     MMCME2_ADV/CLKFBIN  n/a            100.000       8.000       92.000               system_wrapper_i/clk_gen/inst/mmcm_adv_inst/CLKFBIN



---------------------------------------------------------------------------------------------------
From Clock:  clk_125_system_clk_gen_0
  To Clock:  pll_dac_clk_1x

Setup :            0  Failing Endpoints,  Worst Slack        9.470ns,  Total Violation        0.000ns
Hold  :           29  Failing Endpoints,  Worst Slack       -6.259ns,  Total Violation     -180.781ns
---------------------------------------------------------------------------------------------------


Max Delay Paths
--------------------------------------------------------------------------------------
Slack (MET) :             9.470ns  (required time - arrival time)
  Source:                 system_wrapper_i/rst_gen/U0/ACTIVE_LOW_PR_OUT_DFF[0].FDRE_PER_N/C
                            (rising edge-triggered cell FDRE clocked by clk_125_system_clk_gen_0  {rise@0.000ns fall@4.000ns period=8.000ns})
  Destination:            dac_rst_reg/D
                            (rising edge-triggered cell FDRE clocked by pll_dac_clk_1x  {rise@0.000ns fall@4.000ns period=8.000ns})
  Path Group:             pll_dac_clk_1x
  Path Type:              Setup (Max at Fast Process Corner)
  Requirement:            8.000ns  (pll_dac_clk_1x rise@8.000ns - clk_125_system_clk_gen_0 rise@0.000ns)
  Data Path Delay:        0.747ns  (logic 0.353ns (47.255%)  route 0.394ns (52.745%))
  Logic Levels:           2  (LUT1=1 LUT2=1)
  Clock Path Skew:        2.466ns (DCD - SCD + CPR)
    Destination Clock Delay (DCD):    1.771ns = ( 9.771 - 8.000 ) 
    Source Clock Delay      (SCD):    -0.695ns
    Clock Pessimism Removal (CPR):    0.000ns
  Clock Uncertainty:      0.261ns  ((TSJ^2 + DJ^2)^1/2) / 2 + PE
    Total System Jitter     (TSJ):    0.071ns
    Discrete Jitter          (DJ):    0.238ns
    Phase Error              (PE):    0.137ns
  Clock Domain Crossing:  Inter clock paths are considered valid unless explicitly excluded by timing constraints such as set_clock_groups or set_false_path.

    Location             Delay type                Incr(ns)  Path(ns)    Netlist Resource(s)
  -------------------------------------------------------------------    -------------------
                         (clock clk_125_system_clk_gen_0 rise edge)
                                                      0.000     0.000 r  
    U18                  IBUFDS                       0.000     0.000 r  i_IBUF_clkadc/O
                         net (fo=4, unplaced)         0.891     0.891    system_wrapper_i/clk_gen/inst/clk_in1
                         MMCME2_ADV (Prop_mmcme2_adv_CLKIN1_CLKOUT0)
                                                     -2.324    -1.433 r  system_wrapper_i/clk_gen/inst/mmcm_adv_inst/CLKOUT0
                         net (fo=1, unplaced)         0.355    -1.078    system_wrapper_i/clk_gen/inst/clk_125_system_clk_gen_0
                         BUFG (Prop_bufg_I_O)         0.029    -1.049 r  system_wrapper_i/clk_gen/inst/clkout1_buf/O
                         net (fo=9922, unplaced)      0.355    -0.695    system_wrapper_i/rst_gen/U0/slowest_sync_clk
                         FDRE                                         r  system_wrapper_i/rst_gen/U0/ACTIVE_LOW_PR_OUT_DFF[0].FDRE_PER_N/C
  -------------------------------------------------------------------    -------------------
                         FDRE (Prop_fdre_C_Q)         0.175    -0.520 f  system_wrapper_i/rst_gen/U0/ACTIVE_LOW_PR_OUT_DFF[0].FDRE_PER_N/Q
                         net (fo=41, unplaced)        0.172    -0.347    rstn_0
                         LUT1 (Prop_lut1_I0_O)        0.122    -0.225 r  led_o_OBUF[1]_inst_i_1/O
                         net (fo=14, unplaced)        0.222    -0.004    led_o_IBUF[1]
                         LUT2 (Prop_lut2_I0_O)        0.056     0.052 r  dac_rst_i_1/O
                         net (fo=1, unplaced)         0.000     0.052    dac_rst_reg0
                         FDRE                                         r  dac_rst_reg/D
  -------------------------------------------------------------------    -------------------

                         (clock pll_dac_clk_1x rise edge)
                                                      8.000     8.000 r  
    U18                                               0.000     8.000 r  adc_clk_i[1] (IN)
                         net (fo=0)                   0.000     8.000    adc_clk_i[1]
    U18                  IBUFDS (Prop_ibufds_I_O)     0.401     8.401 r  i_IBUF_clkadc/O
                         net (fo=4, unplaced)         0.746     9.147    pll/clk
                         PLLE2_ADV (Prop_plle2_adv_CLKIN1_CLKOUT1)
                                                      0.051     9.198 r  pll/pll/CLKOUT1
                         net (fo=1, unplaced)         0.337     9.535    pll_dac_clk_1x
                         BUFG (Prop_bufg_I_O)         0.026     9.561 r  bufg_dac_clk_1x/O
                         net (fo=45, unplaced)        0.210     9.771    dac_clk_1x
                         FDRE                                         r  dac_rst_reg/C
                         clock pessimism              0.000     9.771    
                         clock uncertainty           -0.261     9.510    
                         FDRE (Setup_fdre_C_D)        0.013     9.523    dac_rst_reg
  -------------------------------------------------------------------
                         required time                          9.523    
                         arrival time                          -0.052    
  -------------------------------------------------------------------
                         slack                                  9.470    





Min Delay Paths
--------------------------------------------------------------------------------------
Slack (VIOLATED) :        -6.259ns  (arrival time - required time)
  Source:                 system_wrapper_i/rp_dac/inst/dac_a_r_reg[15]/C
                            (rising edge-triggered cell FDRE clocked by clk_125_system_clk_gen_0  {rise@0.000ns fall@4.000ns period=8.000ns})
  Destination:            dac_dat_a_o_reg[13]/D
                            (rising edge-triggered cell FDRE clocked by pll_dac_clk_1x  {rise@0.000ns fall@4.000ns period=8.000ns})
  Path Group:             pll_dac_clk_1x
  Path Type:              Hold (Min at Slow Process Corner)
  Requirement:            0.000ns  (pll_dac_clk_1x rise@0.000ns - clk_125_system_clk_gen_0 rise@0.000ns)
  Data Path Delay:        0.701ns  (logic 0.367ns (52.324%)  route 0.334ns (47.676%))
  Logic Levels:           0  
  Clock Path Skew:        6.643ns (DCD - SCD - CPR)
    Destination Clock Delay (DCD):    4.780ns
    Source Clock Delay      (SCD):    -1.863ns
    Clock Pessimism Removal (CPR):    -0.000ns
  Clock Uncertainty:      0.261ns  ((TSJ^2 + DJ^2)^1/2) / 2 + PE
    Total System Jitter     (TSJ):    0.071ns
    Discrete Jitter          (DJ):    0.238ns
    Phase Error              (PE):    0.137ns
  Clock Domain Crossing:  Inter clock paths are considered valid unless explicitly excluded by timing constraints such as set_clock_groups or set_false_path.

    Location             Delay type                Incr(ns)  Path(ns)    Netlist Resource(s)
  -------------------------------------------------------------------    -------------------
                         (clock clk_125_system_clk_gen_0 rise edge)
                                                      0.000     0.000 r  
    U18                  IBUFDS                       0.000     0.000 r  i_IBUF_clkadc/O
                         net (fo=4, unplaced)         1.862     1.862    system_wrapper_i/clk_gen/inst/clk_in1
                         MMCME2_ADV (Prop_mmcme2_adv_CLKIN1_CLKOUT0)
                                                     -5.231    -3.369 r  system_wrapper_i/clk_gen/inst/mmcm_adv_inst/CLKOUT0
                         net (fo=1, unplaced)         0.760    -2.609    system_wrapper_i/clk_gen/inst/clk_125_system_clk_gen_0
                         BUFG (Prop_bufg_I_O)         0.091    -2.518 r  system_wrapper_i/clk_gen/inst/clkout1_buf/O
                         net (fo=9922, unplaced)      0.655    -1.863    system_wrapper_i/rp_dac/inst/clk
                         FDRE                                         r  system_wrapper_i/rp_dac/inst/dac_a_r_reg[15]/C
  -------------------------------------------------------------------    -------------------
                         FDRE (Prop_fdre_C_Q)         0.367    -1.496 r  system_wrapper_i/rp_dac/inst/dac_a_r_reg[15]/Q
                         net (fo=3, unplaced)         0.334    -1.162    dac_dat_a[15]
                         FDRE                                         r  dac_dat_a_o_reg[13]/D
  -------------------------------------------------------------------    -------------------

                         (clock pll_dac_clk_1x rise edge)
                                                      0.000     0.000 r  
    U18                                               0.000     0.000 r  adc_clk_i[1] (IN)
                         net (fo=0)                   0.000     0.000    adc_clk_i[1]
    U18                  IBUFDS (Prop_ibufds_I_O)     0.983     0.983 r  i_IBUF_clkadc/O
                         net (fo=4, unplaced)         2.007     2.990    pll/clk
                         PLLE2_ADV (Prop_plle2_adv_CLKIN1_CLKOUT1)
                                                      0.089     3.079 r  pll/pll/CLKOUT1
                         net (fo=1, unplaced)         0.800     3.879    pll_dac_clk_1x
                         BUFG (Prop_bufg_I_O)         0.101     3.980 r  bufg_dac_clk_1x/O
                         net (fo=45, unplaced)        0.800     4.780    dac_clk_1x
                         FDRE                                         r  dac_dat_a_o_reg[13]/C
                         clock pessimism              0.000     4.780    
                         clock uncertainty            0.261     5.041    
                         FDRE (Hold_fdre_C_D)         0.056     5.097    dac_dat_a_o_reg[13]
  -------------------------------------------------------------------
                         required time                         -5.097    
                         arrival time                          -1.162    
  -------------------------------------------------------------------
                         slack                                 -6.259    





---------------------------------------------------------------------------------------------------
From Clock:  adc_clk
  To Clock:  clk_125_system_clk_gen_0

Setup :            0  Failing Endpoints,  Worst Slack        0.779ns,  Total Violation        0.000ns
Hold  :            0  Failing Endpoints,  Worst Slack        4.371ns,  Total Violation        0.000ns
---------------------------------------------------------------------------------------------------


Max Delay Paths
--------------------------------------------------------------------------------------
Slack (MET) :             0.779ns  (required time - arrival time)
  Source:                 adc_dat_i[0][7]
                            (input port clocked by adc_clk  {rise@0.000ns fall@4.000ns period=8.000ns})
  Destination:            adc_dat_ch1_r_reg[5]/D
                            (rising edge-triggered cell FDRE clocked by clk_125_system_clk_gen_0  {rise@0.000ns fall@4.000ns period=8.000ns})
  Path Group:             clk_125_system_clk_gen_0
  Path Type:              Setup (Max at Slow Process Corner)
  Requirement:            8.000ns  (clk_125_system_clk_gen_0 rise@8.000ns - adc_clk rise@0.000ns)
  Data Path Delay:        1.885ns  (logic 1.070ns (56.772%)  route 0.815ns (43.228%))
  Logic Levels:           1  (IBUF=1)
  Input Delay:            3.400ns
  Clock Path Skew:        -1.758ns (DCD - SCD + CPR)
    Destination Clock Delay (DCD):    -1.758ns = ( 6.242 - 8.000 ) 
    Source Clock Delay      (SCD):    0.000ns
    Clock Pessimism Removal (CPR):    0.000ns
  Clock Uncertainty:      0.166ns  ((TSJ^2 + DJ^2)^1/2) / 2 + PE
    Total System Jitter     (TSJ):    0.071ns
    Discrete Jitter          (DJ):    0.119ns
    Phase Error              (PE):    0.097ns
  Clock Domain Crossing:  Inter clock paths are considered valid unless explicitly excluded by timing constraints such as set_clock_groups or set_false_path.

    Location             Delay type                Incr(ns)  Path(ns)    Netlist Resource(s)
  -------------------------------------------------------------------    -------------------
                         (clock adc_clk rise edge)    0.000     0.000 r  
                         input delay                  3.400     3.400    
    Y14                                               0.000     3.400 r  adc_dat_i[0][7] (IN)
                         net (fo=0)                   0.000     3.400    adc_dat_i[0][7]
    Y14                  IBUF (Prop_ibuf_I_O)         1.070     4.470 r  adc_dat_ch1_r_reg[5]_i_1/O
                         net (fo=1, estimated)        0.815     5.285    adc_dat_ch1_r_reg[5]_i_1_n_0
    ILOGIC_X0Y33         FDRE                                         r  adc_dat_ch1_r_reg[5]/D
  -------------------------------------------------------------------    -------------------

                         (clock clk_125_system_clk_gen_0 rise edge)
                                                      8.000     8.000 r  
    U18                  IBUFDS                       0.000     8.000 r  i_IBUF_clkadc/O
                         net (fo=4, unplaced)         1.862     9.862    system_wrapper_i/clk_gen/inst/clk_in1
                         MMCME2_ADV (Prop_mmcme2_adv_CLKIN1_CLKOUT0)
                                                     -5.231     4.631 r  system_wrapper_i/clk_gen/inst/mmcm_adv_inst/CLKOUT0
                         net (fo=1, unplaced)         0.760     5.391    system_wrapper_i/clk_gen/inst/clk_125_system_clk_gen_0
                         BUFG (Prop_bufg_I_O)         0.091     5.482 r  system_wrapper_i/clk_gen/inst/clkout1_buf/O
                         net (fo=9922, unplaced)      0.760     6.242    clk_125
    ILOGIC_X0Y33         FDRE                                         r  adc_dat_ch1_r_reg[5]/C
                         clock pessimism              0.000     6.242    
                         clock uncertainty           -0.166     6.075    
    ILOGIC_X0Y33         FDRE (Setup_fdre_C_D)       -0.011     6.064    adc_dat_ch1_r_reg[5]
  -------------------------------------------------------------------
                         required time                          6.064    
                         arrival time                          -5.285    
  -------------------------------------------------------------------
                         slack                                  0.779    





Min Delay Paths
--------------------------------------------------------------------------------------
Slack (MET) :             4.371ns  (arrival time - required time)
  Source:                 adc_dat_i[1][3]
                            (input port clocked by adc_clk  {rise@0.000ns fall@4.000ns period=8.000ns})
  Destination:            adc_dat_ch2_r_reg[1]/D
                            (rising edge-triggered cell FDRE clocked by clk_125_system_clk_gen_0  {rise@0.000ns fall@4.000ns period=8.000ns})
  Path Group:             clk_125_system_clk_gen_0
  Path Type:              Hold (Min at Fast Process Corner)
  Requirement:            0.000ns  (clk_125_system_clk_gen_0 rise@0.000ns - adc_clk rise@0.000ns)
  Data Path Delay:        0.511ns  (logic 0.168ns (32.782%)  route 0.344ns (67.218%))
  Logic Levels:           1  (IBUF=1)
  Input Delay:            3.400ns
  Clock Path Skew:        -0.695ns (DCD - SCD - CPR)
    Destination Clock Delay (DCD):    -0.695ns
    Source Clock Delay      (SCD):    0.000ns
    Clock Pessimism Removal (CPR):    -0.000ns
  Clock Uncertainty:      0.166ns  ((TSJ^2 + DJ^2)^1/2) / 2 + PE
    Total System Jitter     (TSJ):    0.071ns
    Discrete Jitter          (DJ):    0.119ns
    Phase Error              (PE):    0.097ns
  Clock Domain Crossing:  Inter clock paths are considered valid unless explicitly excluded by timing constraints such as set_clock_groups or set_false_path.

    Location             Delay type                Incr(ns)  Path(ns)    Netlist Resource(s)
  -------------------------------------------------------------------    -------------------
                         (clock adc_clk rise edge)    0.000     0.000 r  
                         input delay                  3.400     3.400    
    P16                                               0.000     3.400 r  adc_dat_i[1][3] (IN)
                         net (fo=0)                   0.000     3.400    adc_dat_i[1][3]
    P16                  IBUF (Prop_ibuf_I_O)         0.168     3.568 r  adc_dat_ch2_r_reg[1]_i_1/O
                         net (fo=1, estimated)        0.344     3.911    adc_dat_ch2_r_reg[1]_i_1_n_0
    ILOGIC_X0Y1          FDRE                                         r  adc_dat_ch2_r_reg[1]/D
  -------------------------------------------------------------------    -------------------

                         (clock clk_125_system_clk_gen_0 rise edge)
                                                      0.000     0.000 r  
    U18                  IBUFDS                       0.000     0.000 r  i_IBUF_clkadc/O
                         net (fo=4, unplaced)         0.891     0.891    system_wrapper_i/clk_gen/inst/clk_in1
                         MMCME2_ADV (Prop_mmcme2_adv_CLKIN1_CLKOUT0)
                                                     -2.324    -1.433 r  system_wrapper_i/clk_gen/inst/mmcm_adv_inst/CLKOUT0
                         net (fo=1, unplaced)         0.355    -1.078    system_wrapper_i/clk_gen/inst/clk_125_system_clk_gen_0
                         BUFG (Prop_bufg_I_O)         0.029    -1.049 r  system_wrapper_i/clk_gen/inst/clkout1_buf/O
                         net (fo=9922, unplaced)      0.355    -0.695    clk_125
    ILOGIC_X0Y1          FDRE                                         r  adc_dat_ch2_r_reg[1]/C
                         clock pessimism              0.000    -0.695    
                         clock uncertainty            0.166    -0.528    
    ILOGIC_X0Y1          FDRE (Hold_fdre_C_D)         0.068    -0.460    adc_dat_ch2_r_reg[1]
  -------------------------------------------------------------------
                         required time                          0.460    
                         arrival time                           3.911    
  -------------------------------------------------------------------
                         slack                                  4.371    





---------------------------------------------------------------------------------------------------
From Clock:  clk_200_system_clk_gen_0
  To Clock:  clk_125_system_clk_gen_0

Setup :            0  Failing Endpoints,  Worst Slack        1.736ns,  Total Violation        0.000ns
Hold  :            2  Failing Endpoints,  Worst Slack       -0.052ns,  Total Violation       -0.103ns
---------------------------------------------------------------------------------------------------


Max Delay Paths
--------------------------------------------------------------------------------------
Slack (MET) :             1.736ns  (required time - arrival time)
  Source:                 system_wrapper_i/rp_dac/inst/U_dac1/U_dma_mm2s/U_dma_mm2s_ctrl/idle_rst_sr_reg[0]/C
                            (rising edge-triggered cell FDRE clocked by clk_200_system_clk_gen_0  {rise@0.000ns fall@2.000ns period=4.000ns})
  Destination:            system_wrapper_i/rp_dac/inst/U_dac1/U_dma_mm2s/U_dma_mm2s_ctrl/idle_rst_saxi_r2_reg_srl2/D
                            (rising edge-triggered cell SRL16E clocked by clk_125_system_clk_gen_0  {rise@0.000ns fall@4.000ns period=8.000ns})
  Path Group:             clk_125_system_clk_gen_0
  Path Type:              Setup (Max at Slow Process Corner)
  Requirement:            4.000ns  (clk_125_system_clk_gen_0 rise@8.000ns - clk_200_system_clk_gen_0 rise@4.000ns)
  Data Path Delay:        1.836ns  (logic 0.751ns (40.904%)  route 1.085ns (59.096%))
  Logic Levels:           1  (LUT4=1)
  Clock Path Skew:        -0.195ns (DCD - SCD + CPR)
    Destination Clock Delay (DCD):    -1.863ns = ( 6.137 - 8.000 ) 
    Source Clock Delay      (SCD):    -1.249ns = ( 2.751 - 4.000 ) 
    Clock Pessimism Removal (CPR):    0.419ns
  Clock Uncertainty:      0.189ns  ((TSJ^2 + DJ^2)^1/2) / 2 + PE
    Total System Jitter     (TSJ):    0.071ns
    Discrete Jitter          (DJ):    0.119ns
    Phase Error              (PE):    0.120ns

    Location             Delay type                Incr(ns)  Path(ns)    Netlist Resource(s)
  -------------------------------------------------------------------    -------------------
                         (clock clk_200_system_clk_gen_0 rise edge)
                                                      4.000     4.000 r  
    U18                  IBUFDS                       0.000     4.000 r  i_IBUF_clkadc/O
                         net (fo=4, unplaced)         2.007     6.007    system_wrapper_i/clk_gen/inst/clk_in1
                         MMCME2_ADV (Prop_mmcme2_adv_CLKIN1_CLKOUT1)
                                                     -4.957     1.050 r  system_wrapper_i/clk_gen/inst/mmcm_adv_inst/CLKOUT1
                         net (fo=1, unplaced)         0.800     1.850    system_wrapper_i/clk_gen/inst/clk_200_system_clk_gen_0
                         BUFG (Prop_bufg_I_O)         0.101     1.951 r  system_wrapper_i/clk_gen/inst/clkout2_buf/O
                         net (fo=1261, unplaced)      0.800     2.751    system_wrapper_i/rp_dac/inst/U_dac1/U_dma_mm2s/U_dma_mm2s_ctrl/m_axi_aclk
                         FDRE                                         r  system_wrapper_i/rp_dac/inst/U_dac1/U_dma_mm2s/U_dma_mm2s_ctrl/idle_rst_sr_reg[0]/C
  -------------------------------------------------------------------    -------------------
                         FDRE (Prop_fdre_C_Q)         0.456     3.207 r  system_wrapper_i/rp_dac/inst/U_dac1/U_dma_mm2s/U_dma_mm2s_ctrl/idle_rst_sr_reg[0]/Q
                         net (fo=2, unplaced)         0.752     3.959    system_wrapper_i/rp_dac/inst/U_dac1/U_dma_mm2s/U_dma_mm2s_ctrl/idle_rst_sr[0]
                         LUT4 (Prop_lut4_I1_O)        0.295     4.254 r  system_wrapper_i/rp_dac/inst/U_dac1/U_dma_mm2s/U_dma_mm2s_ctrl/idle_rst_saxi_r2_reg_srl2_i_1/O
                         net (fo=1, unplaced)         0.333     4.587    system_wrapper_i/rp_dac/inst/U_dac1/U_dma_mm2s/U_dma_mm2s_ctrl/idle_rst_saxi_r2_reg_srl2_i_1_n_0
                         SRL16E                                       r  system_wrapper_i/rp_dac/inst/U_dac1/U_dma_mm2s/U_dma_mm2s_ctrl/idle_rst_saxi_r2_reg_srl2/D
  -------------------------------------------------------------------    -------------------

                         (clock clk_125_system_clk_gen_0 rise edge)
                                                      8.000     8.000 r  
    U18                  IBUFDS                       0.000     8.000 r  i_IBUF_clkadc/O
                         net (fo=4, unplaced)         1.862     9.862    system_wrapper_i/clk_gen/inst/clk_in1
                         MMCME2_ADV (Prop_mmcme2_adv_CLKIN1_CLKOUT0)
                                                     -5.231     4.631 r  system_wrapper_i/clk_gen/inst/mmcm_adv_inst/CLKOUT0
                         net (fo=1, unplaced)         0.760     5.391    system_wrapper_i/clk_gen/inst/clk_125_system_clk_gen_0
                         BUFG (Prop_bufg_I_O)         0.091     5.482 r  system_wrapper_i/clk_gen/inst/clkout1_buf/O
                         net (fo=9922, unplaced)      0.655     6.137    system_wrapper_i/rp_dac/inst/U_dac1/U_dma_mm2s/U_dma_mm2s_ctrl/s_axis_aclk
                         SRL16E                                       r  system_wrapper_i/rp_dac/inst/U_dac1/U_dma_mm2s/U_dma_mm2s_ctrl/idle_rst_saxi_r2_reg_srl2/CLK
                         clock pessimism              0.419     6.556    
                         clock uncertainty           -0.189     6.366    
                         SRL16E (Setup_srl16e_CLK_D)
                                                     -0.044     6.322    system_wrapper_i/rp_dac/inst/U_dac1/U_dma_mm2s/U_dma_mm2s_ctrl/idle_rst_saxi_r2_reg_srl2
  -------------------------------------------------------------------
                         required time                          6.322    
                         arrival time                          -4.587    
  -------------------------------------------------------------------
                         slack                                  1.736    





Min Delay Paths
--------------------------------------------------------------------------------------
Slack (VIOLATED) :        -0.052ns  (arrival time - required time)
  Source:                 system_wrapper_i/rp_dac/inst/U_dac1/U_dma_mm2s/U_fifo_axi_data/U0/inst_fifo_gen/gconvfifo.rf/grf.rf/gntv_or_sync_fifo.gl0.wr/gwas.wsts/ram_full_i_reg/C
                            (rising edge-triggered cell FDRE clocked by clk_200_system_clk_gen_0  {rise@0.000ns fall@2.000ns period=4.000ns})
  Destination:            system_wrapper_i/rp_dac/inst/U_dac1/U_dma_mm2s/fifo_full_r_reg/D
                            (rising edge-triggered cell FDRE clocked by clk_125_system_clk_gen_0  {rise@0.000ns fall@4.000ns period=8.000ns})
  Path Group:             clk_125_system_clk_gen_0
  Path Type:              Hold (Min at Fast Process Corner)
  Requirement:            0.000ns  (clk_125_system_clk_gen_0 rise@0.000ns - clk_200_system_clk_gen_0 rise@0.000ns)
  Data Path Delay:        0.286ns  (logic 0.141ns (49.228%)  route 0.145ns (50.772%))
  Logic Levels:           0  
  Clock Path Skew:        0.166ns (DCD - SCD - CPR)
    Destination Clock Delay (DCD):    -0.695ns
    Source Clock Delay      (SCD):    -0.377ns
    Clock Pessimism Removal (CPR):    -0.484ns
  Clock Uncertainty:      0.189ns  ((TSJ^2 + DJ^2)^1/2) / 2 + PE
    Total System Jitter     (TSJ):    0.071ns
    Discrete Jitter          (DJ):    0.119ns
    Phase Error              (PE):    0.120ns

    Location             Delay type                Incr(ns)  Path(ns)    Netlist Resource(s)
  -------------------------------------------------------------------    -------------------
                         (clock clk_200_system_clk_gen_0 rise edge)
                                                      0.000     0.000 r  
    U18                  IBUFDS                       0.000     0.000 r  i_IBUF_clkadc/O
                         net (fo=4, unplaced)         0.746     0.746    system_wrapper_i/clk_gen/inst/clk_in1
                         MMCME2_ADV (Prop_mmcme2_adv_CLKIN1_CLKOUT1)
                                                     -1.695    -0.950 r  system_wrapper_i/clk_gen/inst/mmcm_adv_inst/CLKOUT1
                         net (fo=1, unplaced)         0.337    -0.612    system_wrapper_i/clk_gen/inst/clk_200_system_clk_gen_0
                         BUFG (Prop_bufg_I_O)         0.026    -0.586 r  system_wrapper_i/clk_gen/inst/clkout2_buf/O
                         net (fo=1261, unplaced)      0.210    -0.377    system_wrapper_i/rp_dac/inst/U_dac1/U_dma_mm2s/U_fifo_axi_data/U0/inst_fifo_gen/gconvfifo.rf/grf.rf/gntv_or_sync_fifo.gl0.wr/gwas.wsts/WR_CLK
                         FDRE                                         r  system_wrapper_i/rp_dac/inst/U_dac1/U_dma_mm2s/U_fifo_axi_data/U0/inst_fifo_gen/gconvfifo.rf/grf.rf/gntv_or_sync_fifo.gl0.wr/gwas.wsts/ram_full_i_reg/C
  -------------------------------------------------------------------    -------------------
                         FDRE (Prop_fdre_C_Q)         0.141    -0.236 r  system_wrapper_i/rp_dac/inst/U_dac1/U_dma_mm2s/U_fifo_axi_data/U0/inst_fifo_gen/gconvfifo.rf/grf.rf/gntv_or_sync_fifo.gl0.wr/gwas.wsts/ram_full_i_reg/Q
                         net (fo=2, unplaced)         0.145    -0.090    system_wrapper_i/rp_dac/inst/U_dac1/U_dma_mm2s/fifo_full
                         FDRE                                         r  system_wrapper_i/rp_dac/inst/U_dac1/U_dma_mm2s/fifo_full_r_reg/D
  -------------------------------------------------------------------    -------------------

                         (clock clk_125_system_clk_gen_0 rise edge)
                                                      0.000     0.000 r  
    U18                  IBUFDS                       0.000     0.000 r  i_IBUF_clkadc/O
                         net (fo=4, unplaced)         0.891     0.891    system_wrapper_i/clk_gen/inst/clk_in1
                         MMCME2_ADV (Prop_mmcme2_adv_CLKIN1_CLKOUT0)
                                                     -2.324    -1.433 r  system_wrapper_i/clk_gen/inst/mmcm_adv_inst/CLKOUT0
                         net (fo=1, unplaced)         0.355    -1.078    system_wrapper_i/clk_gen/inst/clk_125_system_clk_gen_0
                         BUFG (Prop_bufg_I_O)         0.029    -1.049 r  system_wrapper_i/clk_gen/inst/clkout1_buf/O
                         net (fo=9922, unplaced)      0.355    -0.695    system_wrapper_i/rp_dac/inst/U_dac1/U_dma_mm2s/s_axis_aclk
                         FDRE                                         r  system_wrapper_i/rp_dac/inst/U_dac1/U_dma_mm2s/fifo_full_r_reg/C
                         clock pessimism              0.484    -0.211    
                         clock uncertainty            0.189    -0.022    
                         FDRE (Hold_fdre_C_D)        -0.017    -0.039    system_wrapper_i/rp_dac/inst/U_dac1/U_dma_mm2s/fifo_full_r_reg
  -------------------------------------------------------------------
                         required time                          0.039    
                         arrival time                          -0.090    
  -------------------------------------------------------------------
                         slack                                 -0.052    





---------------------------------------------------------------------------------------------------
From Clock:  clk_125_system_clk_gen_0
  To Clock:  clk_200_system_clk_gen_0

Setup :            0  Failing Endpoints,  Worst Slack        2.591ns,  Total Violation        0.000ns
Hold  :            4  Failing Endpoints,  Worst Slack       -0.056ns,  Total Violation       -0.225ns
---------------------------------------------------------------------------------------------------


Max Delay Paths
--------------------------------------------------------------------------------------
Slack (MET) :             2.591ns  (required time - arrival time)
  Source:                 system_wrapper_i/rp_dac/inst/U_dac1/U_dma_mm2s/U_dma_mm2s_ctrl/fifo_re_rin_reg/C
                            (rising edge-triggered cell FDRE clocked by clk_125_system_clk_gen_0  {rise@0.000ns fall@4.000ns period=8.000ns})
  Destination:            system_wrapper_i/rp_dac/inst/U_dac1/U_dma_mm2s/U_dma_mm2s_ctrl/fifo_re_r_reg/D
                            (rising edge-triggered cell FDRE clocked by clk_200_system_clk_gen_0  {rise@0.000ns fall@2.000ns period=4.000ns})
  Path Group:             clk_200_system_clk_gen_0
  Path Type:              Setup (Max at Slow Process Corner)
  Requirement:            4.000ns  (clk_200_system_clk_gen_0 rise@4.000ns - clk_125_system_clk_gen_0 rise@0.000ns)
  Data Path Delay:        0.790ns  (logic 0.456ns (57.722%)  route 0.334ns (42.278%))
  Logic Levels:           0  
  Clock Path Skew:        -0.195ns (DCD - SCD + CPR)
    Destination Clock Delay (DCD):    -1.863ns = ( 2.137 - 4.000 ) 
    Source Clock Delay      (SCD):    -1.249ns
    Clock Pessimism Removal (CPR):    0.419ns
  Clock Uncertainty:      0.189ns  ((TSJ^2 + DJ^2)^1/2) / 2 + PE
    Total System Jitter     (TSJ):    0.071ns
    Discrete Jitter          (DJ):    0.119ns
    Phase Error              (PE):    0.120ns

    Location             Delay type                Incr(ns)  Path(ns)    Netlist Resource(s)
  -------------------------------------------------------------------    -------------------
                         (clock clk_125_system_clk_gen_0 rise edge)
                                                      0.000     0.000 r  
    U18                  IBUFDS                       0.000     0.000 r  i_IBUF_clkadc/O
                         net (fo=4, unplaced)         2.007     2.007    system_wrapper_i/clk_gen/inst/clk_in1
                         MMCME2_ADV (Prop_mmcme2_adv_CLKIN1_CLKOUT0)
                                                     -4.957    -2.950 r  system_wrapper_i/clk_gen/inst/mmcm_adv_inst/CLKOUT0
                         net (fo=1, unplaced)         0.800    -2.150    system_wrapper_i/clk_gen/inst/clk_125_system_clk_gen_0
                         BUFG (Prop_bufg_I_O)         0.101    -2.049 r  system_wrapper_i/clk_gen/inst/clkout1_buf/O
                         net (fo=9922, unplaced)      0.800    -1.249    system_wrapper_i/rp_dac/inst/U_dac1/U_dma_mm2s/U_dma_mm2s_ctrl/s_axis_aclk
                         FDRE                                         r  system_wrapper_i/rp_dac/inst/U_dac1/U_dma_mm2s/U_dma_mm2s_ctrl/fifo_re_rin_reg/C
  -------------------------------------------------------------------    -------------------
                         FDRE (Prop_fdre_C_Q)         0.456    -0.793 r  system_wrapper_i/rp_dac/inst/U_dac1/U_dma_mm2s/U_dma_mm2s_ctrl/fifo_re_rin_reg/Q
                         net (fo=1, unplaced)         0.334    -0.459    system_wrapper_i/rp_dac/inst/U_dac1/U_dma_mm2s/U_dma_mm2s_ctrl/fifo_re_rin
                         FDRE                                         r  system_wrapper_i/rp_dac/inst/U_dac1/U_dma_mm2s/U_dma_mm2s_ctrl/fifo_re_r_reg/D
  -------------------------------------------------------------------    -------------------

                         (clock clk_200_system_clk_gen_0 rise edge)
                                                      4.000     4.000 r  
    U18                  IBUFDS                       0.000     4.000 r  i_IBUF_clkadc/O
                         net (fo=4, unplaced)         1.862     5.862    system_wrapper_i/clk_gen/inst/clk_in1
                         MMCME2_ADV (Prop_mmcme2_adv_CLKIN1_CLKOUT1)
                                                     -5.231     0.631 r  system_wrapper_i/clk_gen/inst/mmcm_adv_inst/CLKOUT1
                         net (fo=1, unplaced)         0.760     1.391    system_wrapper_i/clk_gen/inst/clk_200_system_clk_gen_0
                         BUFG (Prop_bufg_I_O)         0.091     1.482 r  system_wrapper_i/clk_gen/inst/clkout2_buf/O
                         net (fo=1261, unplaced)      0.655     2.137    system_wrapper_i/rp_dac/inst/U_dac1/U_dma_mm2s/U_dma_mm2s_ctrl/m_axi_aclk
                         FDRE                                         r  system_wrapper_i/rp_dac/inst/U_dac1/U_dma_mm2s/U_dma_mm2s_ctrl/fifo_re_r_reg/C
                         clock pessimism              0.419     2.556    
                         clock uncertainty           -0.189     2.366    
                         FDRE (Setup_fdre_C_D)       -0.235     2.131    system_wrapper_i/rp_dac/inst/U_dac1/U_dma_mm2s/U_dma_mm2s_ctrl/fifo_re_r_reg
  -------------------------------------------------------------------
                         required time                          2.131    
                         arrival time                           0.459    
  -------------------------------------------------------------------
                         slack                                  2.591    





Min Delay Paths
--------------------------------------------------------------------------------------
Slack (VIOLATED) :        -0.056ns  (arrival time - required time)
  Source:                 system_wrapper_i/rp_dac/inst/U_dac1/U_dma_mm2s/U_dma_mm2s_ctrl/fifo_re_rin_reg/C
                            (rising edge-triggered cell FDRE clocked by clk_125_system_clk_gen_0  {rise@0.000ns fall@4.000ns period=8.000ns})
  Destination:            system_wrapper_i/rp_dac/inst/U_dac1/U_dma_mm2s/U_dma_mm2s_ctrl/fifo_re_r_reg/D
                            (rising edge-triggered cell FDRE clocked by clk_200_system_clk_gen_0  {rise@0.000ns fall@2.000ns period=4.000ns})
  Path Group:             clk_200_system_clk_gen_0
  Path Type:              Hold (Min at Fast Process Corner)
  Requirement:            0.000ns  (clk_200_system_clk_gen_0 rise@0.000ns - clk_125_system_clk_gen_0 rise@0.000ns)
  Data Path Delay:        0.282ns  (logic 0.141ns (50.038%)  route 0.141ns (49.962%))
  Logic Levels:           0  
  Clock Path Skew:        0.166ns (DCD - SCD - CPR)
    Destination Clock Delay (DCD):    -0.695ns
    Source Clock Delay      (SCD):    -0.377ns
    Clock Pessimism Removal (CPR):    -0.484ns
  Clock Uncertainty:      0.189ns  ((TSJ^2 + DJ^2)^1/2) / 2 + PE
    Total System Jitter     (TSJ):    0.071ns
    Discrete Jitter          (DJ):    0.119ns
    Phase Error              (PE):    0.120ns

    Location             Delay type                Incr(ns)  Path(ns)    Netlist Resource(s)
  -------------------------------------------------------------------    -------------------
                         (clock clk_125_system_clk_gen_0 rise edge)
                                                      0.000     0.000 r  
    U18                  IBUFDS                       0.000     0.000 r  i_IBUF_clkadc/O
                         net (fo=4, unplaced)         0.746     0.746    system_wrapper_i/clk_gen/inst/clk_in1
                         MMCME2_ADV (Prop_mmcme2_adv_CLKIN1_CLKOUT0)
                                                     -1.695    -0.950 r  system_wrapper_i/clk_gen/inst/mmcm_adv_inst/CLKOUT0
                         net (fo=1, unplaced)         0.337    -0.612    system_wrapper_i/clk_gen/inst/clk_125_system_clk_gen_0
                         BUFG (Prop_bufg_I_O)         0.026    -0.586 r  system_wrapper_i/clk_gen/inst/clkout1_buf/O
                         net (fo=9922, unplaced)      0.210    -0.377    system_wrapper_i/rp_dac/inst/U_dac1/U_dma_mm2s/U_dma_mm2s_ctrl/s_axis_aclk
                         FDRE                                         r  system_wrapper_i/rp_dac/inst/U_dac1/U_dma_mm2s/U_dma_mm2s_ctrl/fifo_re_rin_reg/C
  -------------------------------------------------------------------    -------------------
                         FDRE (Prop_fdre_C_Q)         0.141    -0.236 r  system_wrapper_i/rp_dac/inst/U_dac1/U_dma_mm2s/U_dma_mm2s_ctrl/fifo_re_rin_reg/Q
                         net (fo=1, unplaced)         0.141    -0.095    system_wrapper_i/rp_dac/inst/U_dac1/U_dma_mm2s/U_dma_mm2s_ctrl/fifo_re_rin
                         FDRE                                         r  system_wrapper_i/rp_dac/inst/U_dac1/U_dma_mm2s/U_dma_mm2s_ctrl/fifo_re_r_reg/D
  -------------------------------------------------------------------    -------------------

                         (clock clk_200_system_clk_gen_0 rise edge)
                                                      0.000     0.000 r  
    U18                  IBUFDS                       0.000     0.000 r  i_IBUF_clkadc/O
                         net (fo=4, unplaced)         0.891     0.891    system_wrapper_i/clk_gen/inst/clk_in1
                         MMCME2_ADV (Prop_mmcme2_adv_CLKIN1_CLKOUT1)
                                                     -2.324    -1.433 r  system_wrapper_i/clk_gen/inst/mmcm_adv_inst/CLKOUT1
                         net (fo=1, unplaced)         0.355    -1.078    system_wrapper_i/clk_gen/inst/clk_200_system_clk_gen_0
                         BUFG (Prop_bufg_I_O)         0.029    -1.049 r  system_wrapper_i/clk_gen/inst/clkout2_buf/O
                         net (fo=1261, unplaced)      0.355    -0.695    system_wrapper_i/rp_dac/inst/U_dac1/U_dma_mm2s/U_dma_mm2s_ctrl/m_axi_aclk
                         FDRE                                         r  system_wrapper_i/rp_dac/inst/U_dac1/U_dma_mm2s/U_dma_mm2s_ctrl/fifo_re_r_reg/C
                         clock pessimism              0.484    -0.211    
                         clock uncertainty            0.189    -0.022    
                         FDRE (Hold_fdre_C_D)        -0.017    -0.039    system_wrapper_i/rp_dac/inst/U_dac1/U_dma_mm2s/U_dma_mm2s_ctrl/fifo_re_r_reg
  -------------------------------------------------------------------
                         required time                          0.039    
                         arrival time                          -0.095    
  -------------------------------------------------------------------
                         slack                                 -0.056    





---------------------------------------------------------------------------------------------------
Path Group:  **async_default**
From Clock:  clk_125_system_clk_gen_0
  To Clock:  clk_125_system_clk_gen_0

Setup :            0  Failing Endpoints,  Worst Slack        5.037ns,  Total Violation        0.000ns
Hold  :            0  Failing Endpoints,  Worst Slack        0.298ns,  Total Violation        0.000ns
---------------------------------------------------------------------------------------------------


Max Delay Paths
--------------------------------------------------------------------------------------
Slack (MET) :             5.037ns  (required time - arrival time)
  Source:                 system_wrapper_i/axi_interconnect_0/m00_couplers/auto_pc/inst/gen_axi4_axi3.axi3_conv_inst/USE_READ.USE_SPLIT_R.read_addr_inst/USE_R_CHANNEL.cmd_queue/inst/fifo_gen_inst/inst_fifo_gen/gconvfifo.rf/grf.rf/rstblk/ngwrdrst.grst.g7serrst.gnsckt_wrst.gcc_rst.sckt_wr_rst_cc_reg[1]/C
                            (rising edge-triggered cell FDRE clocked by clk_125_system_clk_gen_0  {rise@0.000ns fall@4.000ns period=8.000ns})
  Destination:            system_wrapper_i/axi_interconnect_0/m00_couplers/auto_pc/inst/gen_axi4_axi3.axi3_conv_inst/USE_READ.USE_SPLIT_R.read_addr_inst/USE_R_CHANNEL.cmd_queue/inst/fifo_gen_inst/inst_fifo_gen/gconvfifo.rf/grf.rf/gntv_or_sync_fifo.gl0.rd/gr1.gr1_int.rfwft/gpregsm1.curr_fwft_state_reg[0]/CLR
                            (recovery check against rising-edge clock clk_125_system_clk_gen_0  {rise@0.000ns fall@4.000ns period=8.000ns})
  Path Group:             **async_default**
  Path Type:              Recovery (Max at Slow Process Corner)
  Requirement:            8.000ns  (clk_125_system_clk_gen_0 rise@8.000ns - clk_125_system_clk_gen_0 rise@0.000ns)
  Data Path Delay:        2.340ns  (logic 0.751ns (32.094%)  route 1.589ns (67.906%))
  Logic Levels:           1  (LUT3=1)
  Clock Path Skew:        -0.145ns (DCD - SCD + CPR)
    Destination Clock Delay (DCD):    -1.863ns = ( 6.137 - 8.000 ) 
    Source Clock Delay      (SCD):    -1.249ns
    Clock Pessimism Removal (CPR):    0.469ns
  Clock Uncertainty:      0.069ns  ((TSJ^2 + DJ^2)^1/2) / 2 + PE
    Total System Jitter     (TSJ):    0.071ns
    Discrete Jitter          (DJ):    0.119ns
    Phase Error              (PE):    0.000ns

    Location             Delay type                Incr(ns)  Path(ns)    Netlist Resource(s)
  -------------------------------------------------------------------    -------------------
                         (clock clk_125_system_clk_gen_0 rise edge)
                                                      0.000     0.000 r  
    U18                  IBUFDS                       0.000     0.000 r  i_IBUF_clkadc/O
                         net (fo=4, unplaced)         2.007     2.007    system_wrapper_i/clk_gen/inst/clk_in1
                         MMCME2_ADV (Prop_mmcme2_adv_CLKIN1_CLKOUT0)
                                                     -4.957    -2.950 r  system_wrapper_i/clk_gen/inst/mmcm_adv_inst/CLKOUT0
                         net (fo=1, unplaced)         0.800    -2.150    system_wrapper_i/clk_gen/inst/clk_125_system_clk_gen_0
                         BUFG (Prop_bufg_I_O)         0.101    -2.049 r  system_wrapper_i/clk_gen/inst/clkout1_buf/O
                         net (fo=9922, unplaced)      0.800    -1.249    system_wrapper_i/axi_interconnect_0/m00_couplers/auto_pc/inst/gen_axi4_axi3.axi3_conv_inst/USE_READ.USE_SPLIT_R.read_addr_inst/USE_R_CHANNEL.cmd_queue/inst/fifo_gen_inst/inst_fifo_gen/gconvfifo.rf/grf.rf/rstblk/WR_CLK
                         FDRE                                         r  system_wrapper_i/axi_interconnect_0/m00_couplers/auto_pc/inst/gen_axi4_axi3.axi3_conv_inst/USE_READ.USE_SPLIT_R.read_addr_inst/USE_R_CHANNEL.cmd_queue/inst/fifo_gen_inst/inst_fifo_gen/gconvfifo.rf/grf.rf/rstblk/ngwrdrst.grst.g7serrst.gnsckt_wrst.gcc_rst.sckt_wr_rst_cc_reg[1]/C
  -------------------------------------------------------------------    -------------------
                         FDRE (Prop_fdre_C_Q)         0.456    -0.793 f  system_wrapper_i/axi_interconnect_0/m00_couplers/auto_pc/inst/gen_axi4_axi3.axi3_conv_inst/USE_READ.USE_SPLIT_R.read_addr_inst/USE_R_CHANNEL.cmd_queue/inst/fifo_gen_inst/inst_fifo_gen/gconvfifo.rf/grf.rf/rstblk/ngwrdrst.grst.g7serrst.gnsckt_wrst.gcc_rst.sckt_wr_rst_cc_reg[1]/Q
                         net (fo=1, unplaced)         0.741    -0.052    system_wrapper_i/axi_interconnect_0/m00_couplers/auto_pc/inst/gen_axi4_axi3.axi3_conv_inst/USE_READ.USE_SPLIT_R.read_addr_inst/USE_R_CHANNEL.cmd_queue/inst/fifo_gen_inst/inst_fifo_gen/gconvfifo.rf/grf.rf/rstblk/sckt_wr_rst_cc[1]
                         LUT3 (Prop_lut3_I0_O)        0.295     0.243 f  system_wrapper_i/axi_interconnect_0/m00_couplers/auto_pc/inst/gen_axi4_axi3.axi3_conv_inst/USE_READ.USE_SPLIT_R.read_addr_inst/USE_R_CHANNEL.cmd_queue/inst/fifo_gen_inst/inst_fifo_gen/gconvfifo.rf/grf.rf/rstblk/RD_RST_I[0]_INST_0/O
                         net (fo=33, unplaced)        0.848     1.091    system_wrapper_i/axi_interconnect_0/m00_couplers/auto_pc/inst/gen_axi4_axi3.axi3_conv_inst/USE_READ.USE_SPLIT_R.read_addr_inst/USE_R_CHANNEL.cmd_queue/inst/fifo_gen_inst/inst_fifo_gen/gconvfifo.rf/grf.rf/gntv_or_sync_fifo.gl0.rd/gr1.gr1_int.rfwft/RD_RST
                         FDCE                                         f  system_wrapper_i/axi_interconnect_0/m00_couplers/auto_pc/inst/gen_axi4_axi3.axi3_conv_inst/USE_READ.USE_SPLIT_R.read_addr_inst/USE_R_CHANNEL.cmd_queue/inst/fifo_gen_inst/inst_fifo_gen/gconvfifo.rf/grf.rf/gntv_or_sync_fifo.gl0.rd/gr1.gr1_int.rfwft/gpregsm1.curr_fwft_state_reg[0]/CLR
  -------------------------------------------------------------------    -------------------

                         (clock clk_125_system_clk_gen_0 rise edge)
                                                      8.000     8.000 r  
    U18                  IBUFDS                       0.000     8.000 r  i_IBUF_clkadc/O
                         net (fo=4, unplaced)         1.862     9.862    system_wrapper_i/clk_gen/inst/clk_in1
                         MMCME2_ADV (Prop_mmcme2_adv_CLKIN1_CLKOUT0)
                                                     -5.231     4.631 r  system_wrapper_i/clk_gen/inst/mmcm_adv_inst/CLKOUT0
                         net (fo=1, unplaced)         0.760     5.391    system_wrapper_i/clk_gen/inst/clk_125_system_clk_gen_0
                         BUFG (Prop_bufg_I_O)         0.091     5.482 r  system_wrapper_i/clk_gen/inst/clkout1_buf/O
                         net (fo=9922, unplaced)      0.655     6.137    system_wrapper_i/axi_interconnect_0/m00_couplers/auto_pc/inst/gen_axi4_axi3.axi3_conv_inst/USE_READ.USE_SPLIT_R.read_addr_inst/USE_R_CHANNEL.cmd_queue/inst/fifo_gen_inst/inst_fifo_gen/gconvfifo.rf/grf.rf/gntv_or_sync_fifo.gl0.rd/gr1.gr1_int.rfwft/RD_CLK
                         FDCE                                         r  system_wrapper_i/axi_interconnect_0/m00_couplers/auto_pc/inst/gen_axi4_axi3.axi3_conv_inst/USE_READ.USE_SPLIT_R.read_addr_inst/USE_R_CHANNEL.cmd_queue/inst/fifo_gen_inst/inst_fifo_gen/gconvfifo.rf/grf.rf/gntv_or_sync_fifo.gl0.rd/gr1.gr1_int.rfwft/gpregsm1.curr_fwft_state_reg[0]/C
                         clock pessimism              0.469     6.606    
                         clock uncertainty           -0.069     6.536    
                         FDCE (Recov_fdce_C_CLR)     -0.409     6.127    system_wrapper_i/axi_interconnect_0/m00_couplers/auto_pc/inst/gen_axi4_axi3.axi3_conv_inst/USE_READ.USE_SPLIT_R.read_addr_inst/USE_R_CHANNEL.cmd_queue/inst/fifo_gen_inst/inst_fifo_gen/gconvfifo.rf/grf.rf/gntv_or_sync_fifo.gl0.rd/gr1.gr1_int.rfwft/gpregsm1.curr_fwft_state_reg[0]
  -------------------------------------------------------------------
                         required time                          6.127    
                         arrival time                          -1.091    
  -------------------------------------------------------------------
                         slack                                  5.037    





Min Delay Paths
--------------------------------------------------------------------------------------
Slack (MET) :             0.298ns  (arrival time - required time)
  Source:                 system_wrapper_i/rp_gpio/inst/gpio_in_top/U_dma_s2mm/U_dma_s2mm_ctrl/U_dma_s2mm_data_ctrl/U_fifo_axi_req/U0/inst_fifo_gen/gconvfifo.rf/grf.rf/rstblk/ngwrdrst.grst.g7serrst.gnsckt_wrst.gic_rst.rst_rd_reg2_inst/arststages_ff_reg[1]/C
                            (rising edge-triggered cell FDPE clocked by clk_125_system_clk_gen_0  {rise@0.000ns fall@4.000ns period=8.000ns})
  Destination:            system_wrapper_i/rp_gpio/inst/gpio_in_top/U_dma_s2mm/U_dma_s2mm_ctrl/U_dma_s2mm_data_ctrl/U_fifo_axi_req/U0/inst_fifo_gen/gconvfifo.rf/grf.rf/rstblk/ngwrdrst.grst.g7serrst.gnsckt_wrst.gic_rst.wr_rst_rd_ext_reg[0]/CLR
                            (removal check against rising-edge clock clk_125_system_clk_gen_0  {rise@0.000ns fall@4.000ns period=8.000ns})
  Path Group:             **async_default**
  Path Type:              Removal (Min at Fast Process Corner)
  Requirement:            0.000ns  (clk_125_system_clk_gen_0 rise@0.000ns - clk_125_system_clk_gen_0 rise@0.000ns)
  Data Path Delay:        0.296ns  (logic 0.141ns (47.684%)  route 0.155ns (52.316%))
  Logic Levels:           0  
  Clock Path Skew:        0.145ns (DCD - SCD - CPR)
    Destination Clock Delay (DCD):    -0.695ns
    Source Clock Delay      (SCD):    -0.377ns
    Clock Pessimism Removal (CPR):    -0.463ns

    Location             Delay type                Incr(ns)  Path(ns)    Netlist Resource(s)
  -------------------------------------------------------------------    -------------------
                         (clock clk_125_system_clk_gen_0 rise edge)
                                                      0.000     0.000 r  
    U18                  IBUFDS                       0.000     0.000 r  i_IBUF_clkadc/O
                         net (fo=4, unplaced)         0.746     0.746    system_wrapper_i/clk_gen/inst/clk_in1
                         MMCME2_ADV (Prop_mmcme2_adv_CLKIN1_CLKOUT0)
                                                     -1.695    -0.950 r  system_wrapper_i/clk_gen/inst/mmcm_adv_inst/CLKOUT0
                         net (fo=1, unplaced)         0.337    -0.612    system_wrapper_i/clk_gen/inst/clk_125_system_clk_gen_0
                         BUFG (Prop_bufg_I_O)         0.026    -0.586 r  system_wrapper_i/clk_gen/inst/clkout1_buf/O
                         net (fo=9922, unplaced)      0.210    -0.377    system_wrapper_i/rp_gpio/inst/gpio_in_top/U_dma_s2mm/U_dma_s2mm_ctrl/U_dma_s2mm_data_ctrl/U_fifo_axi_req/U0/inst_fifo_gen/gconvfifo.rf/grf.rf/rstblk/ngwrdrst.grst.g7serrst.gnsckt_wrst.gic_rst.rst_rd_reg2_inst/dest_clk
                         FDPE                                         r  system_wrapper_i/rp_gpio/inst/gpio_in_top/U_dma_s2mm/U_dma_s2mm_ctrl/U_dma_s2mm_data_ctrl/U_fifo_axi_req/U0/inst_fifo_gen/gconvfifo.rf/grf.rf/rstblk/ngwrdrst.grst.g7serrst.gnsckt_wrst.gic_rst.rst_rd_reg2_inst/arststages_ff_reg[1]/C
  -------------------------------------------------------------------    -------------------
                         FDPE (Prop_fdpe_C_Q)         0.141    -0.236 f  system_wrapper_i/rp_gpio/inst/gpio_in_top/U_dma_s2mm/U_dma_s2mm_ctrl/U_dma_s2mm_data_ctrl/U_fifo_axi_req/U0/inst_fifo_gen/gconvfifo.rf/grf.rf/rstblk/ngwrdrst.grst.g7serrst.gnsckt_wrst.gic_rst.rst_rd_reg2_inst/arststages_ff_reg[1]/Q
                         net (fo=4, unplaced)         0.155    -0.081    system_wrapper_i/rp_gpio/inst/gpio_in_top/U_dma_s2mm/U_dma_s2mm_ctrl/U_dma_s2mm_data_ctrl/U_fifo_axi_req/U0/inst_fifo_gen/gconvfifo.rf/grf.rf/rstblk/rst_rd_reg2
                         FDCE                                         f  system_wrapper_i/rp_gpio/inst/gpio_in_top/U_dma_s2mm/U_dma_s2mm_ctrl/U_dma_s2mm_data_ctrl/U_fifo_axi_req/U0/inst_fifo_gen/gconvfifo.rf/grf.rf/rstblk/ngwrdrst.grst.g7serrst.gnsckt_wrst.gic_rst.wr_rst_rd_ext_reg[0]/CLR
  -------------------------------------------------------------------    -------------------

                         (clock clk_125_system_clk_gen_0 rise edge)
                                                      0.000     0.000 r  
    U18                  IBUFDS                       0.000     0.000 r  i_IBUF_clkadc/O
                         net (fo=4, unplaced)         0.891     0.891    system_wrapper_i/clk_gen/inst/clk_in1
                         MMCME2_ADV (Prop_mmcme2_adv_CLKIN1_CLKOUT0)
                                                     -2.324    -1.433 r  system_wrapper_i/clk_gen/inst/mmcm_adv_inst/CLKOUT0
                         net (fo=1, unplaced)         0.355    -1.078    system_wrapper_i/clk_gen/inst/clk_125_system_clk_gen_0
                         BUFG (Prop_bufg_I_O)         0.029    -1.049 r  system_wrapper_i/clk_gen/inst/clkout1_buf/O
                         net (fo=9922, unplaced)      0.355    -0.695    system_wrapper_i/rp_gpio/inst/gpio_in_top/U_dma_s2mm/U_dma_s2mm_ctrl/U_dma_s2mm_data_ctrl/U_fifo_axi_req/U0/inst_fifo_gen/gconvfifo.rf/grf.rf/rstblk/RD_CLK
                         FDCE                                         r  system_wrapper_i/rp_gpio/inst/gpio_in_top/U_dma_s2mm/U_dma_s2mm_ctrl/U_dma_s2mm_data_ctrl/U_fifo_axi_req/U0/inst_fifo_gen/gconvfifo.rf/grf.rf/rstblk/ngwrdrst.grst.g7serrst.gnsckt_wrst.gic_rst.wr_rst_rd_ext_reg[0]/C
                         clock pessimism              0.463    -0.232    
                         FDCE (Remov_fdce_C_CLR)     -0.147    -0.379    system_wrapper_i/rp_gpio/inst/gpio_in_top/U_dma_s2mm/U_dma_s2mm_ctrl/U_dma_s2mm_data_ctrl/U_fifo_axi_req/U0/inst_fifo_gen/gconvfifo.rf/grf.rf/rstblk/ngwrdrst.grst.g7serrst.gnsckt_wrst.gic_rst.wr_rst_rd_ext_reg[0]
  -------------------------------------------------------------------
                         required time                          0.379    
                         arrival time                          -0.081    
  -------------------------------------------------------------------
                         slack                                  0.298    





