Copyright 1986-2020 Xilinx, Inc. All Rights Reserved.
----------------------------------------------------------------------------------------------------------------
| Tool Version : Vivado v.2020.1 (lin64) Build 2902540 Wed May 27 19:54:35 MDT 2020
| Date         : Mon Sep 14 15:40:27 2026
| Host         : facu-edge running 64-bit Ubuntu 24.04.4 LTS
| Command      : report_timing -file out/post_route_timing.rpt -sort_by group -max_paths 100 -path_type summary
| Design       : red_pitaya_top
| Device       : 7z010-clg400
| Speed File   : -1  PRODUCTION 1.12 2019-11-22
----------------------------------------------------------------------------------------------------------------

Timing Report

Startpoint                     Endpoint                       Slack(ns)     
----------------------------------------------------------------------------
system_wrapper_i/rp_oscilloscope/inst/U_scope_cfg/cfg_bp_coeff_b2_s0_reg[0]/C
                               system_wrapper_i/rp_oscilloscope/inst/acq_ch_gen[1].U_osc2/U_bandpass_filter/U_seccion0/m_axis_tdata[12]_i_1_psdsp/D
                                                              -8.913        
system_wrapper_i/rp_oscilloscope/inst/U_scope_cfg/cfg_bp_coeff_b2_s0_reg[0]/C
                               system_wrapper_i/rp_oscilloscope/inst/acq_ch_gen[1].U_osc2/U_bandpass_filter/U_seccion0/m_axis_tdata[7]_i_1_psdsp_1/D
                                                              -8.878        
system_wrapper_i/rp_oscilloscope/inst/U_scope_cfg/cfg_bp_coeff_b2_s0_reg[0]/C
                               system_wrapper_i/rp_oscilloscope/inst/acq_ch_gen[1].U_osc2/U_bandpass_filter/U_seccion0/m_axis_tdata[13]_i_1_psdsp/D
                                                              -8.828        
system_wrapper_i/rp_oscilloscope/inst/U_scope_cfg/cfg_bp_coeff_b2_s1_reg[2]/C
                               system_wrapper_i/rp_oscilloscope/inst/acq_ch_gen[0].U_osc2/U_bandpass_filter/U_seccion1/m_axis_tdata_reg[1]/D
                                                              -8.825        
system_wrapper_i/rp_oscilloscope/inst/U_scope_cfg/cfg_bp_coeff_b2_s1_reg[2]/C
                               system_wrapper_i/rp_oscilloscope/inst/acq_ch_gen[0].U_osc2/U_bandpass_filter/U_seccion1/m_axis_tdata[1]_i_1_psdsp_1/D
                                                              -8.813        
system_wrapper_i/rp_oscilloscope/inst/U_scope_cfg/cfg_bp_coeff_b2_s1_reg[2]/C
                               system_wrapper_i/rp_oscilloscope/inst/acq_ch_gen[0].U_osc2/U_bandpass_filter/U_seccion1/m_axis_tdata_reg[4]/D
                                                              -8.800        
system_wrapper_i/rp_oscilloscope/inst/U_scope_cfg/cfg_bp_coeff_b2_s0_reg[0]/C
                               system_wrapper_i/rp_oscilloscope/inst/acq_ch_gen[1].U_osc2/U_bandpass_filter/U_seccion0/m_axis_tdata[13]_i_1_psdsp_1/D
                                                              -8.796        
system_wrapper_i/rp_oscilloscope/inst/U_scope_cfg/cfg_bp_coeff_b2_s0_reg[0]/C
                               system_wrapper_i/rp_oscilloscope/inst/acq_ch_gen[1].U_osc2/U_bandpass_filter/U_seccion0/m_axis_tdata[2]_i_1_psdsp/D
                                                              -8.796        
system_wrapper_i/rp_oscilloscope/inst/U_scope_cfg/cfg_bp_coeff_b2_s0_reg[20]/C
                               system_wrapper_i/rp_oscilloscope/inst/acq_ch_gen[0].U_osc2/U_bandpass_filter/U_seccion0/m_axis_tdata[2]_i_1_psdsp_1/D
                                                              -8.793        
system_wrapper_i/rp_oscilloscope/inst/U_scope_cfg/cfg_bp_coeff_b2_s0_reg[0]/C
                               system_wrapper_i/rp_oscilloscope/inst/acq_ch_gen[1].U_osc2/U_bandpass_filter/U_seccion0/m_axis_tdata_reg[9]/D
                                                              -8.773        
system_wrapper_i/rp_oscilloscope/inst/U_scope_cfg/cfg_bp_coeff_b2_s0_reg[0]/C
                               system_wrapper_i/rp_oscilloscope/inst/acq_ch_gen[1].U_osc2/U_bandpass_filter/U_seccion0/m_axis_tdata[9]_i_1_psdsp/D
                                                              -8.761        
system_wrapper_i/rp_oscilloscope/inst/U_scope_cfg/cfg_bp_coeff_b2_s0_reg[0]/C
                               system_wrapper_i/rp_oscilloscope/inst/acq_ch_gen[1].U_osc2/U_bandpass_filter/U_seccion0/m_axis_tdata[5]_i_1_psdsp_1/D
                                                              -8.742        
system_wrapper_i/rp_oscilloscope/inst/U_scope_cfg/cfg_bp_coeff_b2_s0_reg[0]/C
                               system_wrapper_i/rp_oscilloscope/inst/acq_ch_gen[1].U_osc2/U_bandpass_filter/U_seccion0/m_axis_tdata[12]_i_1_psdsp_1/D
                                                              -8.723        
system_wrapper_i/rp_oscilloscope/inst/U_scope_cfg/cfg_bp_coeff_b2_s1_reg[2]/C
                               system_wrapper_i/rp_oscilloscope/inst/acq_ch_gen[0].U_osc2/U_bandpass_filter/U_seccion1/m_axis_tdata[11]_i_1_psdsp/D
                                                              -8.713        
system_wrapper_i/rp_oscilloscope/inst/U_scope_cfg/cfg_bp_coeff_b2_s1_reg[2]/C
                               system_wrapper_i/rp_oscilloscope/inst/acq_ch_gen[0].U_osc2/U_bandpass_filter/U_seccion1/m_axis_tdata[4]_i_1_psdsp/D
                                                              -8.712        
system_wrapper_i/rp_oscilloscope/inst/U_scope_cfg/cfg_bp_coeff_b2_s0_reg[20]/C
                               system_wrapper_i/rp_oscilloscope/inst/acq_ch_gen[0].U_osc2/U_bandpass_filter/U_seccion0/m_axis_tdata[10]_i_1_psdsp/D
                                                              -8.698        
system_wrapper_i/rp_oscilloscope/inst/U_scope_cfg/cfg_bp_coeff_b2_s1_reg[2]/C
                               system_wrapper_i/rp_oscilloscope/inst/acq_ch_gen[0].U_osc2/U_bandpass_filter/U_seccion1/m_axis_tdata_reg[8]/D
                                                              -8.694        
system_wrapper_i/rp_oscilloscope/inst/U_scope_cfg/cfg_bp_coeff_b2_s0_reg[20]/C
                               system_wrapper_i/rp_oscilloscope/inst/acq_ch_gen[0].U_osc2/U_bandpass_filter/U_seccion0/m_axis_tdata_reg[3]/D
                                                              -8.683        
system_wrapper_i/rp_oscilloscope/inst/U_scope_cfg/cfg_bp_coeff_b2_s1_reg[2]/C
                               system_wrapper_i/rp_oscilloscope/inst/acq_ch_gen[0].U_osc2/U_bandpass_filter/U_seccion1/m_axis_tdata[10]_i_1_psdsp/D
                                                              -8.680        
system_wrapper_i/rp_oscilloscope/inst/U_scope_cfg/cfg_bp_coeff_b2_s1_reg[2]/C
                               system_wrapper_i/rp_oscilloscope/inst/acq_ch_gen[0].U_osc2/U_bandpass_filter/U_seccion1/m_axis_tdata[9]_i_1_psdsp/D
                                                              -8.677        
system_wrapper_i/rp_oscilloscope/inst/U_scope_cfg/cfg_bp_coeff_b2_s1_reg[2]/C
                               system_wrapper_i/rp_oscilloscope/inst/acq_ch_gen[0].U_osc2/U_bandpass_filter/U_seccion1/m_axis_tdata[6]_i_1_psdsp_1/D
                                                              -8.676        
system_wrapper_i/rp_oscilloscope/inst/U_scope_cfg/cfg_bp_coeff_b2_s1_reg[2]/C
                               system_wrapper_i/rp_oscilloscope/inst/acq_ch_gen[0].U_osc2/U_bandpass_filter/U_seccion1/m_axis_tdata[15]_i_2_psdsp_1/D
                                                              -8.676        
system_wrapper_i/rp_oscilloscope/inst/U_scope_cfg/cfg_bp_coeff_b2_s1_reg[22]/C
                               system_wrapper_i/rp_oscilloscope/inst/acq_ch_gen[1].U_osc2/U_bandpass_filter/U_seccion1/m_axis_tdata_reg[15]/D
                                                              -8.673        
system_wrapper_i/rp_oscilloscope/inst/U_scope_cfg/cfg_bp_coeff_b2_s0_reg[0]/C
                               system_wrapper_i/rp_oscilloscope/inst/acq_ch_gen[1].U_osc2/U_bandpass_filter/U_seccion0/m_axis_tdata[2]_i_1_psdsp_1/D
                                                              -8.669        
system_wrapper_i/rp_oscilloscope/inst/U_scope_cfg/cfg_bp_coeff_b2_s0_reg[20]/C
                               system_wrapper_i/rp_oscilloscope/inst/acq_ch_gen[0].U_osc2/U_bandpass_filter/U_seccion0/m_axis_tdata[6]_i_1_psdsp_1/D
                                                              -8.667        
system_wrapper_i/rp_oscilloscope/inst/U_scope_cfg/cfg_bp_coeff_b2_s0_reg[0]/C
                               system_wrapper_i/rp_oscilloscope/inst/acq_ch_gen[1].U_osc2/U_bandpass_filter/U_seccion0/m_axis_tdata[4]_i_1_psdsp/D
                                                              -8.666        
system_wrapper_i/rp_oscilloscope/inst/U_scope_cfg/cfg_bp_coeff_b2_s1_reg[2]/C
                               system_wrapper_i/rp_oscilloscope/inst/acq_ch_gen[0].U_osc2/U_bandpass_filter/U_seccion1/m_axis_tdata[15]_i_2_psdsp/D
                                                              -8.664        
system_wrapper_i/rp_oscilloscope/inst/U_scope_cfg/cfg_bp_coeff_b2_s1_reg[2]/C
                               system_wrapper_i/rp_oscilloscope/inst/acq_ch_gen[0].U_osc2/U_bandpass_filter/U_seccion1/m_axis_tdata[2]_i_1_psdsp/D
                                                              -8.664        
system_wrapper_i/rp_oscilloscope/inst/U_scope_cfg/cfg_bp_coeff_b2_s1_reg[2]/C
                               system_wrapper_i/rp_oscilloscope/inst/acq_ch_gen[0].U_osc2/U_bandpass_filter/U_seccion1/m_axis_tdata[2]_i_1_psdsp_1/D
                                                              -8.662        
system_wrapper_i/rp_oscilloscope/inst/U_scope_cfg/cfg_bp_coeff_b2_s1_reg[2]/C
                               system_wrapper_i/rp_oscilloscope/inst/acq_ch_gen[0].U_osc2/U_bandpass_filter/U_seccion1/m_axis_tdata[9]_i_1_psdsp_1/D
                                                              -8.661        
system_wrapper_i/rp_oscilloscope/inst/U_scope_cfg/cfg_bp_coeff_b2_s0_reg[0]/C
                               system_wrapper_i/rp_oscilloscope/inst/acq_ch_gen[1].U_osc2/U_bandpass_filter/U_seccion0/m_axis_tdata[5]_i_1_psdsp/D
                                                              -8.659        
system_wrapper_i/rp_oscilloscope/inst/U_scope_cfg/cfg_bp_coeff_b2_s1_reg[2]/C
                               system_wrapper_i/rp_oscilloscope/inst/acq_ch_gen[0].U_osc2/U_bandpass_filter/U_seccion1/m_axis_tdata_reg[2]/D
                                                              -8.657        
system_wrapper_i/rp_oscilloscope/inst/U_scope_cfg/cfg_bp_coeff_b2_s0_reg[0]/C
                               system_wrapper_i/rp_oscilloscope/inst/acq_ch_gen[1].U_osc2/U_bandpass_filter/U_seccion0/m_axis_tdata_reg[10]/D
                                                              -8.656        
system_wrapper_i/rp_oscilloscope/inst/U_scope_cfg/cfg_bp_coeff_b2_s0_reg[0]/C
                               system_wrapper_i/rp_oscilloscope/inst/acq_ch_gen[1].U_osc2/U_bandpass_filter/U_seccion0/m_axis_tdata_reg[4]/D
                                                              -8.654        
system_wrapper_i/rp_oscilloscope/inst/U_scope_cfg/cfg_bp_coeff_b2_s0_reg[20]/C
                               system_wrapper_i/rp_oscilloscope/inst/acq_ch_gen[0].U_osc2/U_bandpass_filter/U_seccion0/m_axis_tdata[2]_i_1_psdsp/D
                                                              -8.652        
system_wrapper_i/rp_oscilloscope/inst/U_scope_cfg/cfg_bp_coeff_b2_s0_reg[0]/C
                               system_wrapper_i/rp_oscilloscope/inst/acq_ch_gen[1].U_osc2/U_bandpass_filter/U_seccion0/m_axis_tdata[1]_i_1_psdsp/D
                                                              -8.648        
system_wrapper_i/rp_oscilloscope/inst/U_scope_cfg/cfg_bp_coeff_b2_s0_reg[20]/C
                               system_wrapper_i/rp_oscilloscope/inst/acq_ch_gen[0].U_osc2/U_bandpass_filter/U_seccion0/m_axis_tdata[3]_i_1_psdsp/D
                                                              -8.647        
system_wrapper_i/rp_oscilloscope/inst/U_scope_cfg/cfg_bp_coeff_b2_s1_reg[2]/C
                               system_wrapper_i/rp_oscilloscope/inst/acq_ch_gen[0].U_osc2/U_bandpass_filter/U_seccion1/m_axis_tdata_reg[6]/D
                                                              -8.644        
system_wrapper_i/rp_oscilloscope/inst/U_scope_cfg/cfg_bp_coeff_b2_s1_reg[2]/C
                               system_wrapper_i/rp_oscilloscope/inst/acq_ch_gen[0].U_osc2/U_bandpass_filter/U_seccion1/m_axis_tdata[12]_i_1_psdsp_1/D
                                                              -8.641        
system_wrapper_i/rp_oscilloscope/inst/U_scope_cfg/cfg_bp_coeff_b2_s1_reg[2]/C
                               system_wrapper_i/rp_oscilloscope/inst/acq_ch_gen[0].U_osc2/U_bandpass_filter/U_seccion1/m_axis_tdata[5]_i_1_psdsp_1/D
                                                              -8.640        
system_wrapper_i/rp_oscilloscope/inst/U_scope_cfg/cfg_bp_coeff_b2_s0_reg[0]/C
                               system_wrapper_i/rp_oscilloscope/inst/acq_ch_gen[1].U_osc2/U_bandpass_filter/U_seccion0/m_axis_tdata[1]_i_1_psdsp_1/D
                                                              -8.636        
system_wrapper_i/rp_oscilloscope/inst/U_scope_cfg/cfg_bp_coeff_b2_s0_reg[0]/C
                               system_wrapper_i/rp_oscilloscope/inst/acq_ch_gen[1].U_osc2/U_bandpass_filter/U_seccion0/m_axis_tdata_reg[1]/D
                                                              -8.636        
system_wrapper_i/rp_oscilloscope/inst/U_scope_cfg/cfg_bp_coeff_b2_s0_reg[0]/C
                               system_wrapper_i/rp_oscilloscope/inst/acq_ch_gen[1].U_osc2/U_bandpass_filter/U_seccion0/m_axis_tdata_reg[11]/D
                                                              -8.629        
system_wrapper_i/rp_oscilloscope/inst/U_scope_cfg/cfg_bp_coeff_b2_s0_reg[20]/C
                               system_wrapper_i/rp_oscilloscope/inst/acq_ch_gen[0].U_osc2/U_bandpass_filter/U_seccion0/m_axis_tdata[4]_i_1_psdsp_1/D
                                                              -8.628        
system_wrapper_i/rp_oscilloscope/inst/U_scope_cfg/cfg_bp_coeff_b2_s0_reg[20]/C
                               system_wrapper_i/rp_oscilloscope/inst/acq_ch_gen[0].U_osc2/U_bandpass_filter/U_seccion0/m_axis_tdata[5]_i_1_psdsp/D
                                                              -8.623        
system_wrapper_i/rp_oscilloscope/inst/U_scope_cfg/cfg_bp_coeff_b2_s1_reg[2]/C
                               system_wrapper_i/rp_oscilloscope/inst/acq_ch_gen[0].U_osc2/U_bandpass_filter/U_seccion1/m_axis_tdata_reg[12]/D
                                                              -8.621        
system_wrapper_i/rp_oscilloscope/inst/U_scope_cfg/cfg_bp_coeff_b2_s0_reg[0]/C
                               system_wrapper_i/rp_oscilloscope/inst/acq_ch_gen[1].U_osc2/U_bandpass_filter/U_seccion0/m_axis_tdata[10]_i_1_psdsp_1/D
                                                              -8.620        
system_wrapper_i/rp_oscilloscope/inst/U_scope_cfg/cfg_bp_coeff_b2_s1_reg[2]/C
                               system_wrapper_i/rp_oscilloscope/inst/acq_ch_gen[0].U_osc2/U_bandpass_filter/U_seccion1/m_axis_tdata[7]_i_1_psdsp/D
                                                              -8.620        
system_wrapper_i/rp_oscilloscope/inst/U_scope_cfg/cfg_bp_coeff_b2_s1_reg[22]/C
                               system_wrapper_i/rp_oscilloscope/inst/acq_ch_gen[1].U_osc2/U_bandpass_filter/U_seccion1/m_axis_tdata[14]_i_1_psdsp_1/D
                                                              -8.619        
system_wrapper_i/rp_oscilloscope/inst/U_scope_cfg/cfg_bp_coeff_b2_s0_reg[0]/C
                               system_wrapper_i/rp_oscilloscope/inst/acq_ch_gen[1].U_osc2/U_bandpass_filter/U_seccion0/m_axis_tdata_reg[2]/D
                                                              -8.617        
system_wrapper_i/rp_oscilloscope/inst/U_scope_cfg/cfg_bp_coeff_b2_s0_reg[20]/C
                               system_wrapper_i/rp_oscilloscope/inst/acq_ch_gen[0].U_osc2/U_bandpass_filter/U_seccion0/m_axis_tdata[5]_i_1_psdsp_1/D
                                                              -8.611        
system_wrapper_i/rp_oscilloscope/inst/U_scope_cfg/cfg_bp_coeff_b2_s0_reg[20]/C
                               system_wrapper_i/rp_oscilloscope/inst/acq_ch_gen[0].U_osc2/U_bandpass_filter/U_seccion0/m_axis_tdata_reg[10]/D
                                                              -8.606        
system_wrapper_i/rp_oscilloscope/inst/U_scope_cfg/cfg_bp_coeff_b2_s0_reg[20]/C
                               system_wrapper_i/rp_oscilloscope/inst/acq_ch_gen[0].U_osc2/U_bandpass_filter/U_seccion0/m_axis_tdata_reg[5]/D
                                                              -8.601        
system_wrapper_i/rp_oscilloscope/inst/U_scope_cfg/cfg_bp_coeff_b2_s0_reg[20]/C
                               system_wrapper_i/rp_oscilloscope/inst/acq_ch_gen[0].U_osc2/U_bandpass_filter/U_seccion0/m_axis_tdata[3]_i_1_psdsp_1/D
                                                              -8.598        
system_wrapper_i/rp_oscilloscope/inst/U_scope_cfg/cfg_bp_coeff_b2_s0_reg[0]/C
                               system_wrapper_i/rp_oscilloscope/inst/acq_ch_gen[1].U_osc2/U_bandpass_filter/U_seccion0/m_axis_tdata[0]_i_1_psdsp_1/D
                                                              -8.596        
system_wrapper_i/rp_oscilloscope/inst/U_scope_cfg/cfg_bp_coeff_b2_s0_reg[20]/C
                               system_wrapper_i/rp_oscilloscope/inst/acq_ch_gen[0].U_osc2/U_bandpass_filter/U_seccion0/m_axis_tdata_reg[9]/D
                                                              -8.594        
system_wrapper_i/rp_oscilloscope/inst/U_scope_cfg/cfg_bp_coeff_b2_s0_reg[0]/C
                               system_wrapper_i/rp_oscilloscope/inst/acq_ch_gen[1].U_osc2/U_bandpass_filter/U_seccion0/m_axis_tdata[0]_i_1_psdsp/D
                                                              -8.590        
system_wrapper_i/rp_oscilloscope/inst/U_scope_cfg/cfg_bp_coeff_b2_s0_reg[0]/C
                               system_wrapper_i/rp_oscilloscope/inst/acq_ch_gen[1].U_osc2/U_bandpass_filter/U_seccion0/m_axis_tdata[11]_i_1_psdsp/D
                                                              -8.586        
system_wrapper_i/rp_oscilloscope/inst/U_scope_cfg/cfg_bp_coeff_b2_s0_reg[20]/C
                               system_wrapper_i/rp_oscilloscope/inst/acq_ch_gen[0].U_osc2/U_bandpass_filter/U_seccion0/m_axis_tdata[13]_i_1_psdsp_1/D
                                                              -8.581        
system_wrapper_i/rp_oscilloscope/inst/U_scope_cfg/cfg_bp_coeff_b2_s0_reg[0]/C
                               system_wrapper_i/rp_oscilloscope/inst/acq_ch_gen[1].U_osc2/U_bandpass_filter/U_seccion0/m_axis_tdata_reg[7]/D
                                                              -8.574        
system_wrapper_i/rp_oscilloscope/inst/U_scope_cfg/cfg_bp_coeff_b2_s0_reg[20]/C
                               system_wrapper_i/rp_oscilloscope/inst/acq_ch_gen[0].U_osc2/U_bandpass_filter/U_seccion0/m_axis_tdata[8]_i_1_psdsp_1/D
                                                              -8.574        
system_wrapper_i/rp_oscilloscope/inst/U_scope_cfg/cfg_bp_coeff_b2_s0_reg[0]/C
                               system_wrapper_i/rp_oscilloscope/inst/acq_ch_gen[1].U_osc2/U_bandpass_filter/U_seccion0/m_axis_tdata_reg[0]/D
                                                              -8.573        
system_wrapper_i/rp_oscilloscope/inst/U_scope_cfg/cfg_bp_coeff_b2_s1_reg[2]/C
                               system_wrapper_i/rp_oscilloscope/inst/acq_ch_gen[0].U_osc2/U_bandpass_filter/U_seccion1/m_axis_tdata[1]_i_1_psdsp/D
                                                              -8.573        
system_wrapper_i/rp_oscilloscope/inst/U_scope_cfg/cfg_bp_coeff_b2_s0_reg[20]/C
                               system_wrapper_i/rp_oscilloscope/inst/acq_ch_gen[0].U_osc2/U_bandpass_filter/U_seccion0/m_axis_tdata[9]_i_1_psdsp/D
                                                              -8.571        
system_wrapper_i/rp_oscilloscope/inst/U_scope_cfg/cfg_bp_coeff_b2_s0_reg[20]/C
                               system_wrapper_i/rp_oscilloscope/inst/acq_ch_gen[0].U_osc2/U_bandpass_filter/U_seccion0/m_axis_tdata[7]_i_1_psdsp/D
                                                              -8.571        
system_wrapper_i/rp_oscilloscope/inst/U_scope_cfg/cfg_bp_coeff_b2_s0_reg[20]/C
                               system_wrapper_i/rp_oscilloscope/inst/acq_ch_gen[0].U_osc2/U_bandpass_filter/U_seccion0/m_axis_tdata_reg[4]/D
                                                              -8.569        
system_wrapper_i/rp_oscilloscope/inst/U_scope_cfg/cfg_bp_coeff_b2_s1_reg[2]/C
                               system_wrapper_i/rp_oscilloscope/inst/acq_ch_gen[0].U_osc2/U_bandpass_filter/U_seccion1/m_axis_tdata_reg[11]/D
                                                              -8.567        
system_wrapper_i/rp_oscilloscope/inst/U_scope_cfg/cfg_bp_coeff_b2_s0_reg[0]/C
                               system_wrapper_i/rp_oscilloscope/inst/acq_ch_gen[1].U_osc2/U_bandpass_filter/U_seccion0/m_axis_tdata[14]_i_1_psdsp_1/D
                                                              -8.566        
system_wrapper_i/rp_oscilloscope/inst/U_scope_cfg/cfg_bp_coeff_b2_s0_reg[20]/C
                               system_wrapper_i/rp_oscilloscope/inst/acq_ch_gen[0].U_osc2/U_bandpass_filter/U_seccion0/m_axis_tdata[14]_i_1_psdsp/D
                                                              -8.563        
system_wrapper_i/rp_oscilloscope/inst/U_scope_cfg/cfg_bp_coeff_b2_s0_reg[0]/C
                               system_wrapper_i/rp_oscilloscope/inst/acq_ch_gen[1].U_osc2/U_bandpass_filter/U_seccion0/m_axis_tdata[8]_i_1_psdsp_1/D
                                                              -8.562        
system_wrapper_i/rp_oscilloscope/inst/U_scope_cfg/cfg_bp_coeff_b2_s0_reg[20]/C
                               system_wrapper_i/rp_oscilloscope/inst/acq_ch_gen[0].U_osc2/U_bandpass_filter/U_seccion0/m_axis_tdata_reg[8]/D
                                                              -8.558        
system_wrapper_i/rp_oscilloscope/inst/U_scope_cfg/cfg_bp_coeff_b2_s0_reg[20]/C
                               system_wrapper_i/rp_oscilloscope/inst/acq_ch_gen[0].U_osc2/U_bandpass_filter/U_seccion0/m_axis_tdata[8]_i_1_psdsp/D
                                                              -8.558        
system_wrapper_i/rp_oscilloscope/inst/U_scope_cfg/cfg_bp_coeff_b2_s0_reg[20]/C
                               system_wrapper_i/rp_oscilloscope/inst/acq_ch_gen[0].U_osc2/U_bandpass_filter/U_seccion0/m_axis_tdata[1]_i_1_psdsp/D
                                                              -8.558        
system_wrapper_i/rp_oscilloscope/inst/U_scope_cfg/cfg_bp_coeff_b2_s1_reg[6]/C
                               system_wrapper_i/rp_oscilloscope/inst/acq_ch_gen[1].U_osc2/U_bandpass_filter/U_seccion1/m_axis_tdata[0]_i_1_psdsp_1/D
                                                              -8.554        
system_wrapper_i/rp_oscilloscope/inst/U_scope_cfg/cfg_bp_coeff_b2_s1_reg[2]/C
                               system_wrapper_i/rp_oscilloscope/inst/acq_ch_gen[0].U_osc2/U_bandpass_filter/U_seccion1/m_axis_tdata_reg[3]/D
                                                              -8.552        
system_wrapper_i/rp_oscilloscope/inst/U_scope_cfg/cfg_bp_coeff_b2_s1_reg[2]/C
                               system_wrapper_i/rp_oscilloscope/inst/acq_ch_gen[0].U_osc2/U_bandpass_filter/U_seccion1/m_axis_tdata[8]_i_1_psdsp/D
                                                              -8.548        
system_wrapper_i/rp_oscilloscope/inst/U_scope_cfg/cfg_bp_coeff_b2_s1_reg[2]/C
                               system_wrapper_i/rp_oscilloscope/inst/acq_ch_gen[0].U_osc2/U_bandpass_filter/U_seccion1/m_axis_tdata[11]_i_1_psdsp_1/D
                                                              -8.548        
system_wrapper_i/rp_oscilloscope/inst/U_scope_cfg/cfg_bp_coeff_b2_s0_reg[0]/C
                               system_wrapper_i/rp_oscilloscope/inst/acq_ch_gen[1].U_osc2/U_bandpass_filter/U_seccion0/m_axis_tdata[3]_i_1_psdsp/D
                                                              -8.547        
system_wrapper_i/rp_oscilloscope/inst/U_scope_cfg/cfg_bp_coeff_b2_s0_reg[20]/C
                               system_wrapper_i/rp_oscilloscope/inst/acq_ch_gen[0].U_osc2/U_bandpass_filter/U_seccion0/m_axis_tdata[13]_i_1_psdsp/D
                                                              -8.545        
system_wrapper_i/rp_oscilloscope/inst/U_scope_cfg/cfg_bp_coeff_b2_s0_reg[0]/C
                               system_wrapper_i/rp_oscilloscope/inst/acq_ch_gen[1].U_osc2/U_bandpass_filter/U_seccion0/m_axis_tdata[9]_i_1_psdsp_1/D
                                                              -8.542        
system_wrapper_i/rp_oscilloscope/inst/U_scope_cfg/cfg_bp_coeff_b2_s0_reg[20]/C
                               system_wrapper_i/rp_oscilloscope/inst/acq_ch_gen[0].U_osc2/U_bandpass_filter/U_seccion0/m_axis_tdata[1]_i_1_psdsp_1/D
                                                              -8.542        
system_wrapper_i/rp_oscilloscope/inst/U_scope_cfg/cfg_bp_coeff_b2_s0_reg[0]/C
                               system_wrapper_i/rp_oscilloscope/inst/acq_ch_gen[1].U_osc2/U_bandpass_filter/U_seccion0/m_axis_tdata[14]_i_1_psdsp/D
                                                              -8.540        
system_wrapper_i/rp_oscilloscope/inst/U_scope_cfg/cfg_bp_coeff_b2_s1_reg[6]/C
                               system_wrapper_i/rp_oscilloscope/inst/acq_ch_gen[1].U_osc2/U_bandpass_filter/U_seccion1/m_axis_tdata[1]_i_1_psdsp_1/D
                                                              -8.534        
system_wrapper_i/rp_oscilloscope/inst/U_scope_cfg/cfg_bp_coeff_b2_s1_reg[2]/C
                               system_wrapper_i/rp_oscilloscope/inst/acq_ch_gen[0].U_osc2/U_bandpass_filter/U_seccion1/m_axis_tdata_reg[7]/D
                                                              -8.530        
system_wrapper_i/rp_oscilloscope/inst/U_scope_cfg/cfg_bp_coeff_b2_s0_reg[20]/C
                               system_wrapper_i/rp_oscilloscope/inst/acq_ch_gen[0].U_osc2/U_bandpass_filter/U_seccion0/m_axis_tdata[11]_i_1_psdsp_1/D
                                                              -8.528        
system_wrapper_i/rp_oscilloscope/inst/U_scope_cfg/cfg_bp_coeff_b2_s0_reg[20]/C
                               system_wrapper_i/rp_oscilloscope/inst/acq_ch_gen[0].U_osc2/U_bandpass_filter/U_seccion0/m_axis_tdata_reg[11]/D
                                                              -8.526        
system_wrapper_i/rp_oscilloscope/inst/U_scope_cfg/cfg_bp_coeff_b2_s1_reg[2]/C
                               system_wrapper_i/rp_oscilloscope/inst/acq_ch_gen[0].U_osc2/U_bandpass_filter/U_seccion1/m_axis_tdata_reg[9]/D
                                                              -8.526        
system_wrapper_i/rp_oscilloscope/inst/U_scope_cfg/cfg_bp_coeff_b2_s1_reg[2]/C
                               system_wrapper_i/rp_oscilloscope/inst/acq_ch_gen[0].U_osc2/U_bandpass_filter/U_seccion1/m_axis_tdata[8]_i_1_psdsp_1/D
                                                              -8.522        
system_wrapper_i/rp_oscilloscope/inst/U_scope_cfg/cfg_bp_coeff_b2_s1_reg[2]/C
                               system_wrapper_i/rp_oscilloscope/inst/acq_ch_gen[0].U_osc2/U_bandpass_filter/U_seccion1/m_axis_tdata_reg[13]/D
                                                              -8.519        
system_wrapper_i/rp_oscilloscope/inst/U_scope_cfg/cfg_bp_coeff_b2_s1_reg[22]/C
                               system_wrapper_i/rp_oscilloscope/inst/acq_ch_gen[1].U_osc2/U_bandpass_filter/U_seccion1/m_axis_tdata[15]_i_2_psdsp_1/D
                                                              -8.515        
system_wrapper_i/rp_oscilloscope/inst/U_scope_cfg/cfg_bp_coeff_b2_s0_reg[20]/C
                               system_wrapper_i/rp_oscilloscope/inst/acq_ch_gen[0].U_osc2/U_bandpass_filter/U_seccion0/m_axis_tdata_reg[2]/D
                                                              -8.507        
system_wrapper_i/rp_oscilloscope/inst/U_scope_cfg/cfg_bp_coeff_b2_s1_reg[2]/C
                               system_wrapper_i/rp_oscilloscope/inst/acq_ch_gen[0].U_osc2/U_bandpass_filter/U_seccion1/m_axis_tdata[13]_i_1_psdsp/D
                                                              -8.507        
system_wrapper_i/rp_oscilloscope/inst/U_scope_cfg/cfg_bp_coeff_b2_s1_reg[2]/C
                               system_wrapper_i/rp_oscilloscope/inst/acq_ch_gen[0].U_osc2/U_bandpass_filter/U_seccion1/m_axis_tdata[5]_i_1_psdsp/D
                                                              -8.499        
system_wrapper_i/rp_oscilloscope/inst/U_scope_cfg/cfg_bp_coeff_b2_s1_reg[6]/C
                               system_wrapper_i/rp_oscilloscope/inst/acq_ch_gen[1].U_osc2/U_bandpass_filter/U_seccion1/m_axis_tdata[7]_i_1_psdsp_1/D
                                                              -8.496        
system_wrapper_i/rp_oscilloscope/inst/U_scope_cfg/cfg_bp_coeff_b2_s1_reg[6]/C
                               system_wrapper_i/rp_oscilloscope/inst/acq_ch_gen[1].U_osc2/U_bandpass_filter/U_seccion1/m_axis_tdata[9]_i_1_psdsp_1/D
                                                              -8.493        
system_wrapper_i/rp_oscilloscope/inst/U_scope_cfg/cfg_bp_coeff_b2_s0_reg[0]/C
                               system_wrapper_i/rp_oscilloscope/inst/acq_ch_gen[1].U_osc2/U_bandpass_filter/U_seccion0/m_axis_tdata_reg[15]/D
                                                              -8.492        
system_wrapper_i/rp_oscilloscope/inst/U_scope_cfg/cfg_bp_coeff_b2_s1_reg[2]/C
                               system_wrapper_i/rp_oscilloscope/inst/acq_ch_gen[0].U_osc2/U_bandpass_filter/U_seccion1/m_axis_tdata[10]_i_1_psdsp_1/D
                                                              -8.491        
system_wrapper_i/rp_oscilloscope/inst/U_scope_cfg/cfg_bp_coeff_b2_s0_reg[0]/C
                               system_wrapper_i/rp_oscilloscope/inst/acq_ch_gen[1].U_osc2/U_bandpass_filter/U_seccion0/m_axis_tdata[15]_i_2_psdsp_1/D
                                                              -8.491        
system_wrapper_i/rp_oscilloscope/inst/U_scope_cfg/cfg_bp_coeff_b2_s1_reg[6]/C
                               system_wrapper_i/rp_oscilloscope/inst/acq_ch_gen[1].U_osc2/U_bandpass_filter/U_seccion1/m_axis_tdata[7]_i_1_psdsp/D
                                                              -8.490        
system_wrapper_i/rp_oscilloscope/inst/U_scope_cfg/cfg_bp_coeff_b2_s1_reg[6]/C
                               system_wrapper_i/rp_oscilloscope/inst/acq_ch_gen[1].U_osc2/U_bandpass_filter/U_seccion1/m_axis_tdata_reg[7]/D
                                                              -8.487        
system_wrapper_i/rp_dac/inst/U_dac1/U_dma_mm2s/U_fifo_axi_data/U0/inst_fifo_gen/gconvfifo.rf/grf.rf/gntv_or_sync_fifo.gl0.wr/wpntr/gic0.gc0.count_d1_reg[2]/C
                               system_wrapper_i/rp_dac/inst/U_dac1/U_dma_mm2s/fifo_wr_data_reg[0]/CE
                                                              -0.130        
system_wrapper_i/rp_dac/inst/U_dac1/U_dma_mm2s/U_fifo_axi_data/U0/inst_fifo_gen/gconvfifo.rf/grf.rf/gntv_or_sync_fifo.gl0.wr/wpntr/gic0.gc0.count_d1_reg[2]/C
                               system_wrapper_i/rp_dac/inst/U_dac1/U_dma_mm2s/fifo_wr_data_reg[2]/CE
                                                              -0.130        
system_wrapper_i/rp_dac/inst/U_dac1/U_dma_mm2s/U_fifo_axi_data/U0/inst_fifo_gen/gconvfifo.rf/grf.rf/gntv_or_sync_fifo.gl0.wr/wpntr/gic0.gc0.count_d1_reg[2]/C
                               system_wrapper_i/rp_dac/inst/U_dac1/U_dma_mm2s/fifo_wr_data_reg[3]/CE
                                                              -0.130        
system_wrapper_i/rp_dac/inst/U_dac1/U_dma_mm2s/U_fifo_axi_data/U0/inst_fifo_gen/gconvfifo.rf/grf.rf/gntv_or_sync_fifo.gl0.wr/wpntr/gic0.gc0.count_d1_reg[2]/C
                               system_wrapper_i/rp_dac/inst/U_dac1/U_dma_mm2s/fifo_wr_data_reg[4]/CE
                                                              -0.130        
system_wrapper_i/rp_dac/inst/U_dac1/U_dma_mm2s/U_fifo_axi_data/U0/inst_fifo_gen/gconvfifo.rf/grf.rf/gntv_or_sync_fifo.gl0.wr/wpntr/gic0.gc0.count_d1_reg[2]/C
                               system_wrapper_i/rp_dac/inst/U_dac1/U_dma_mm2s/fifo_wr_data_reg[5]/CE
                                                              -0.130        
system_wrapper_i/rp_dac/inst/U_dac1/U_dma_mm2s/U_fifo_axi_data/U0/inst_fifo_gen/gconvfifo.rf/grf.rf/gntv_or_sync_fifo.gl0.wr/wpntr/gic0.gc0.count_d1_reg[2]/C
                               system_wrapper_i/rp_dac/inst/U_dac1/U_dma_mm2s/fifo_wr_data_reg[6]/CE
                                                              -0.130        
system_wrapper_i/rp_dac/inst/U_dac1/U_dma_mm2s/U_fifo_axi_data/U0/inst_fifo_gen/gconvfifo.rf/grf.rf/gntv_or_sync_fifo.gl0.wr/wpntr/gic0.gc0.count_d1_reg[2]/C
                               system_wrapper_i/rp_dac/inst/U_dac1/U_dma_mm2s/fifo_wr_data_reg[7]/CE
                                                              -0.130        
system_wrapper_i/rp_dac/inst/U_dac2/U_dma_mm2s/U_dma_mm2s_ctrl/FSM_onehot_state_cs_reg[4]/C
                               system_wrapper_i/rp_dac/inst/U_dac2/U_dma_mm2s/U_dma_mm2s_ctrl/dac_rp_curr_reg[8]/D
                                                              -0.091        
system_wrapper_i/rp_dac/inst/U_dac1/U_dma_mm2s/U_fifo_axi_data/U0/inst_fifo_gen/gconvfifo.rf/grf.rf/gntv_or_sync_fifo.gl0.wr/wpntr/gic0.gc0.count_d1_reg[2]/C
                               system_wrapper_i/rp_dac/inst/U_dac1/U_dma_mm2s/fifo_wr_data_reg[23]/CE
                                                              -0.085        
system_wrapper_i/rp_dac/inst/U_dac1/U_dma_mm2s/U_fifo_axi_data/U0/inst_fifo_gen/gconvfifo.rf/grf.rf/gntv_or_sync_fifo.gl0.wr/wpntr/gic0.gc0.count_d1_reg[2]/C
                               system_wrapper_i/rp_dac/inst/U_dac1/U_dma_mm2s/fifo_wr_data_reg[24]/CE
                                                              -0.085        
system_wrapper_i/rp_dac/inst/U_dac1/U_dma_mm2s/U_fifo_axi_data/U0/inst_fifo_gen/gconvfifo.rf/grf.rf/gntv_or_sync_fifo.gl0.wr/wpntr/gic0.gc0.count_d1_reg[2]/C
                               system_wrapper_i/rp_dac/inst/U_dac1/U_dma_mm2s/fifo_wr_data_reg[25]/CE
                                                              -0.085        
system_wrapper_i/rp_dac/inst/U_dac1/U_dma_mm2s/U_fifo_axi_data/U0/inst_fifo_gen/gconvfifo.rf/grf.rf/gntv_or_sync_fifo.gl0.wr/wpntr/gic0.gc0.count_d1_reg[2]/C
                               system_wrapper_i/rp_dac/inst/U_dac1/U_dma_mm2s/fifo_wr_data_reg[28]/CE
                                                              -0.085        
system_wrapper_i/rp_dac/inst/U_dac1/U_dma_mm2s/U_fifo_axi_data/U0/inst_fifo_gen/gconvfifo.rf/grf.rf/gntv_or_sync_fifo.gl0.wr/wpntr/gic0.gc0.count_d1_reg[2]/C
                               system_wrapper_i/rp_dac/inst/U_dac1/U_dma_mm2s/fifo_wr_data_reg[62]/CE
                                                              -0.085        
system_wrapper_i/rp_dac/inst/U_dac1/U_dma_mm2s/U_fifo_axi_data/U0/inst_fifo_gen/gconvfifo.rf/grf.rf/gntv_or_sync_fifo.gl0.wr/wpntr/gic0.gc0.count_d1_reg[2]/C
                               system_wrapper_i/rp_dac/inst/U_dac1/U_dma_mm2s/fifo_wr_data_reg[63]/CE
                                                              -0.085        
system_wrapper_i/rp_dac/inst/U_dac1/U_dma_mm2s/U_dma_mm2s_ctrl/full_cnt_reg[1]/C
                               system_wrapper_i/rp_dac/inst/U_dac1/U_dma_mm2s/U_dma_mm2s_ctrl/buf_ovr_limit_reg/CE
                                                              -0.029        
system_wrapper_i/rp_dac/inst/U_dac1/U_dma_mm2s/U_fifo_axi_data/U0/inst_fifo_gen/gconvfifo.rf/grf.rf/gntv_or_sync_fifo.gl0.wr/wpntr/gic0.gc0.count_d1_reg[2]/C
                               system_wrapper_i/rp_dac/inst/U_dac1/U_dma_mm2s/fifo_wr_data_reg[10]/CE
                                                              -0.022        
system_wrapper_i/rp_dac/inst/U_dac2/U_dma_mm2s/U_dma_mm2s_ctrl/FSM_onehot_state_cs_reg[4]/C
                               system_wrapper_i/rp_dac/inst/U_dac2/U_dma_mm2s/U_dma_mm2s_ctrl/dac_rp_curr_reg[12]/D
                                                              -0.004        
system_wrapper_i/rp_dac/inst/U_dac1/U_dma_mm2s/U_fifo_axi_data/U0/inst_fifo_gen/gconvfifo.rf/grf.rf/gntv_or_sync_fifo.gl0.wr/wpntr/gic0.gc0.count_d1_reg[2]/C
                               system_wrapper_i/rp_dac/inst/U_dac1/U_dma_mm2s/fifo_wr_data_reg[16]/CE
                                                              0.012         
system_wrapper_i/rp_dac/inst/U_dac1/U_dma_mm2s/U_fifo_axi_data/U0/inst_fifo_gen/gconvfifo.rf/grf.rf/gntv_or_sync_fifo.gl0.wr/wpntr/gic0.gc0.count_d1_reg[2]/C
                               system_wrapper_i/rp_dac/inst/U_dac1/U_dma_mm2s/fifo_wr_data_reg[17]/CE
                                                              0.012         
system_wrapper_i/rp_dac/inst/U_dac1/U_dma_mm2s/U_fifo_axi_data/U0/inst_fifo_gen/gconvfifo.rf/grf.rf/gntv_or_sync_fifo.gl0.wr/wpntr/gic0.gc0.count_d1_reg[2]/C
                               system_wrapper_i/rp_dac/inst/U_dac1/U_dma_mm2s/fifo_wr_data_reg[46]/CE
                                                              0.012         
system_wrapper_i/rp_dac/inst/U_dac1/U_dma_mm2s/U_fifo_axi_data/U0/inst_fifo_gen/gconvfifo.rf/grf.rf/gntv_or_sync_fifo.gl0.wr/wpntr/gic0.gc0.count_d1_reg[2]/C
                               system_wrapper_i/rp_dac/inst/U_dac1/U_dma_mm2s/fifo_wr_data_reg[50]/CE
                                                              0.012         
system_wrapper_i/rp_dac/inst/U_dac1/U_dma_mm2s/U_fifo_axi_data/U0/inst_fifo_gen/gconvfifo.rf/grf.rf/gntv_or_sync_fifo.gl0.wr/wpntr/gic0.gc0.count_d1_reg[2]/C
                               system_wrapper_i/rp_dac/inst/U_dac1/U_dma_mm2s/fifo_wr_data_reg[20]/CE
                                                              0.018         
system_wrapper_i/rp_dac/inst/U_dac1/U_dma_mm2s/U_fifo_axi_data/U0/inst_fifo_gen/gconvfifo.rf/grf.rf/gntv_or_sync_fifo.gl0.wr/wpntr/gic0.gc0.count_d1_reg[2]/C
                               system_wrapper_i/rp_dac/inst/U_dac1/U_dma_mm2s/fifo_wr_data_reg[21]/CE
                                                              0.018         
system_wrapper_i/rp_dac/inst/U_dac1/U_dma_mm2s/U_fifo_axi_data/U0/inst_fifo_gen/gconvfifo.rf/grf.rf/gntv_or_sync_fifo.gl0.wr/wpntr/gic0.gc0.count_d1_reg[2]/C
                               system_wrapper_i/rp_dac/inst/U_dac1/U_dma_mm2s/fifo_wr_data_reg[32]/CE
                                                              0.018         
system_wrapper_i/rp_dac/inst/U_dac1/U_dma_mm2s/U_fifo_axi_data/U0/inst_fifo_gen/gconvfifo.rf/grf.rf/gntv_or_sync_fifo.gl0.wr/wpntr/gic0.gc0.count_d1_reg[2]/C
                               system_wrapper_i/rp_dac/inst/U_dac1/U_dma_mm2s/fifo_wr_data_reg[34]/CE
                                                              0.018         
system_wrapper_i/rp_dac/inst/U_dac1/U_dma_mm2s/U_fifo_axi_data/U0/inst_fifo_gen/gconvfifo.rf/grf.rf/gntv_or_sync_fifo.gl0.wr/wpntr/gic0.gc0.count_d1_reg[2]/C
                               system_wrapper_i/rp_dac/inst/U_dac1/U_dma_mm2s/fifo_wr_data_reg[40]/CE
                                                              0.018         
system_wrapper_i/rp_dac/inst/U_dac1/U_dma_mm2s/U_fifo_axi_data/U0/inst_fifo_gen/gconvfifo.rf/grf.rf/gntv_or_sync_fifo.gl0.wr/wpntr/gic0.gc0.count_d1_reg[2]/C
                               system_wrapper_i/rp_dac/inst/U_dac1/U_dma_mm2s/fifo_wr_data_reg[41]/CE
                                                              0.018         
system_wrapper_i/rp_dac/inst/U_dac1/U_dma_mm2s/U_fifo_axi_data/U0/inst_fifo_gen/gconvfifo.rf/grf.rf/gntv_or_sync_fifo.gl0.wr/wpntr/gic0.gc0.count_d1_reg[2]/C
                               system_wrapper_i/rp_dac/inst/U_dac1/U_dma_mm2s/fifo_wr_data_reg[52]/CE
                                                              0.018         
system_wrapper_i/rp_dac/inst/U_dac1/U_dma_mm2s/U_fifo_axi_data/U0/inst_fifo_gen/gconvfifo.rf/grf.rf/gntv_or_sync_fifo.gl0.wr/wpntr/gic0.gc0.count_d1_reg[2]/C
                               system_wrapper_i/rp_dac/inst/U_dac1/U_dma_mm2s/fifo_wr_data_reg[53]/CE
                                                              0.018         
system_wrapper_i/rp_dac/inst/U_dac1/U_dma_mm2s/U_fifo_axi_data/U0/inst_fifo_gen/gconvfifo.rf/grf.rf/gntv_or_sync_fifo.gl0.wr/wpntr/gic0.gc0.count_d1_reg[2]/C
                               system_wrapper_i/rp_dac/inst/U_dac1/U_dma_mm2s/fifo_wr_data_reg[54]/CE
                                                              0.018         
system_wrapper_i/rp_dac/inst/U_dac2/U_dma_mm2s/U_dma_mm2s_ctrl/FSM_onehot_state_cs_reg[4]/C
                               system_wrapper_i/rp_dac/inst/U_dac2/U_dma_mm2s/U_dma_mm2s_ctrl/dac_rp_curr_reg[5]/D
                                                              0.022         
system_wrapper_i/rp_dac/inst/U_dac2/U_dma_mm2s/U_fifo_axi_data/U0/inst_fifo_gen/gconvfifo.rf/grf.rf/gntv_or_sync_fifo.gcx.clkx/rd_pntr_cdc_inst/dest_out_bin_ff_reg[6]/C
                               system_wrapper_i/rp_dac/inst/U_dac2/U_dma_mm2s/fifo_wr_data_reg[0]/CE
                                                              0.023         
system_wrapper_i/rp_dac/inst/U_dac2/U_dma_mm2s/U_fifo_axi_data/U0/inst_fifo_gen/gconvfifo.rf/grf.rf/gntv_or_sync_fifo.gcx.clkx/rd_pntr_cdc_inst/dest_out_bin_ff_reg[6]/C
                               system_wrapper_i/rp_dac/inst/U_dac2/U_dma_mm2s/fifo_wr_data_reg[15]/CE
                                                              0.023         
system_wrapper_i/rp_dac/inst/U_dac2/U_dma_mm2s/U_fifo_axi_data/U0/inst_fifo_gen/gconvfifo.rf/grf.rf/gntv_or_sync_fifo.gcx.clkx/rd_pntr_cdc_inst/dest_out_bin_ff_reg[6]/C
                               system_wrapper_i/rp_dac/inst/U_dac2/U_dma_mm2s/fifo_wr_data_reg[17]/CE
                                                              0.023         
system_wrapper_i/rp_dac/inst/U_dac2/U_dma_mm2s/U_fifo_axi_data/U0/inst_fifo_gen/gconvfifo.rf/grf.rf/gntv_or_sync_fifo.gcx.clkx/rd_pntr_cdc_inst/dest_out_bin_ff_reg[6]/C
                               system_wrapper_i/rp_dac/inst/U_dac2/U_dma_mm2s/fifo_wr_data_reg[28]/CE
                                                              0.023         
system_wrapper_i/rp_dac/inst/U_dac2/U_dma_mm2s/U_fifo_axi_data/U0/inst_fifo_gen/gconvfifo.rf/grf.rf/gntv_or_sync_fifo.gcx.clkx/rd_pntr_cdc_inst/dest_out_bin_ff_reg[6]/C
                               system_wrapper_i/rp_dac/inst/U_dac2/U_dma_mm2s/fifo_wr_data_reg[6]/CE
                                                              0.023         
system_wrapper_i/rp_dac/inst/U_dac2/U_dma_mm2s/U_fifo_axi_data/U0/inst_fifo_gen/gconvfifo.rf/grf.rf/gntv_or_sync_fifo.gcx.clkx/rd_pntr_cdc_inst/dest_out_bin_ff_reg[6]/C
                               system_wrapper_i/rp_dac/inst/U_dac2/U_dma_mm2s/fifo_wr_data_reg[7]/CE
                                                              0.023         
system_wrapper_i/processing_system7_0/inst/PS7_i/SAXIHP2ACLK
                               system_wrapper_i/rp_dac/inst/U_dac1/U_dma_mm2s/U_dma_mm2s_ctrl/diag_reg2_reg[5]/CE
                                                              0.028         
system_wrapper_i/rp_dac/inst/U_dac1/U_dma_mm2s/U_fifo_axi_data/U0/inst_fifo_gen/gconvfifo.rf/grf.rf/gntv_or_sync_fifo.gl0.wr/wpntr/gic0.gc0.count_d1_reg[2]/C
                               system_wrapper_i/rp_dac/inst/U_dac1/U_dma_mm2s/fifo_wr_data_reg[19]/CE
                                                              0.048         
system_wrapper_i/rp_dac/inst/U_dac1/U_dma_mm2s/U_fifo_axi_data/U0/inst_fifo_gen/gconvfifo.rf/grf.rf/gntv_or_sync_fifo.gl0.wr/wpntr/gic0.gc0.count_d1_reg[2]/C
                               system_wrapper_i/rp_dac/inst/U_dac1/U_dma_mm2s/fifo_wr_data_reg[33]/CE
                                                              0.048         
system_wrapper_i/rp_dac/inst/U_dac1/U_dma_mm2s/U_fifo_axi_data/U0/inst_fifo_gen/gconvfifo.rf/grf.rf/gntv_or_sync_fifo.gl0.wr/wpntr/gic0.gc0.count_d1_reg[2]/C
                               system_wrapper_i/rp_dac/inst/U_dac1/U_dma_mm2s/fifo_wr_data_reg[35]/CE
                                                              0.048         
system_wrapper_i/rp_dac/inst/U_dac1/U_dma_mm2s/U_fifo_axi_data/U0/inst_fifo_gen/gconvfifo.rf/grf.rf/gntv_or_sync_fifo.gl0.wr/wpntr/gic0.gc0.count_d1_reg[2]/C
                               system_wrapper_i/rp_dac/inst/U_dac1/U_dma_mm2s/fifo_wr_data_reg[37]/CE
                                                              0.048         
system_wrapper_i/rp_dac/inst/U_dac1/U_dma_mm2s/U_fifo_axi_data/U0/inst_fifo_gen/gconvfifo.rf/grf.rf/gntv_or_sync_fifo.gl0.wr/wpntr/gic0.gc0.count_d1_reg[2]/C
                               system_wrapper_i/rp_dac/inst/U_dac1/U_dma_mm2s/fifo_wr_data_reg[44]/CE
                                                              0.048         
system_wrapper_i/rp_dac/inst/U_dac1/U_dma_mm2s/U_fifo_axi_data/U0/inst_fifo_gen/gconvfifo.rf/grf.rf/gntv_or_sync_fifo.gl0.wr/wpntr/gic0.gc0.count_d1_reg[2]/C
                               system_wrapper_i/rp_dac/inst/U_dac1/U_dma_mm2s/fifo_wr_data_reg[49]/CE
                                                              0.048         
system_wrapper_i/rp_dac/inst/U_dac_cfg/reg_ofs_axi_reg[5]/C
                               system_wrapper_i/rp_dac/inst/U_dac_cfg/cfg_dma_ctrl_we_reg/D
                                                              0.055         
system_wrapper_i/rp_dac/inst/U_dac2/U_dma_mm2s/U_fifo_axi_data/U0/inst_fifo_gen/gconvfifo.rf/grf.rf/gntv_or_sync_fifo.gcx.clkx/rd_pntr_cdc_inst/dest_out_bin_ff_reg[6]/C
                               system_wrapper_i/rp_dac/inst/U_dac2/U_dma_mm2s/fifo_wr_data_reg[12]/CE
                                                              0.061         
system_wrapper_i/rp_dac/inst/U_dac2/U_dma_mm2s/U_fifo_axi_data/U0/inst_fifo_gen/gconvfifo.rf/grf.rf/gntv_or_sync_fifo.gcx.clkx/rd_pntr_cdc_inst/dest_out_bin_ff_reg[6]/C
                               system_wrapper_i/rp_dac/inst/U_dac2/U_dma_mm2s/fifo_wr_data_reg[26]/CE
                                                              0.061         
system_wrapper_i/rp_dac/inst/U_dac2/U_dma_mm2s/U_fifo_axi_data/U0/inst_fifo_gen/gconvfifo.rf/grf.rf/gntv_or_sync_fifo.gcx.clkx/rd_pntr_cdc_inst/dest_out_bin_ff_reg[6]/C
                               system_wrapper_i/rp_dac/inst/U_dac2/U_dma_mm2s/fifo_wr_data_reg[4]/CE
                                                              0.061         
system_wrapper_i/rp_dac/inst/U_dac2/U_dma_mm2s/U_fifo_axi_data/U0/inst_fifo_gen/gconvfifo.rf/grf.rf/gntv_or_sync_fifo.gcx.clkx/rd_pntr_cdc_inst/dest_out_bin_ff_reg[6]/C
                               system_wrapper_i/rp_dac/inst/U_dac2/U_dma_mm2s/fifo_wr_data_reg[5]/CE
                                                              0.061         
system_wrapper_i/rp_dac/inst/U_dac1/U_dma_mm2s/U_dma_mm2s_ctrl/full_cnt_reg[1]/C
                               system_wrapper_i/rp_dac/inst/U_dac1/U_dma_mm2s/U_dma_mm2s_ctrl/fifo_rst_cnt_reg[0]/CE
                                                              0.061         
system_wrapper_i/rp_dac/inst/U_dac1/U_dma_mm2s/U_dma_mm2s_ctrl/full_cnt_reg[1]/C
                               system_wrapper_i/rp_dac/inst/U_dac1/U_dma_mm2s/U_dma_mm2s_ctrl/fifo_rst_cnt_reg[1]/CE
                                                              0.061         
system_wrapper_i/rp_dac/inst/U_dac1/U_dma_mm2s/U_fifo_axi_data/U0/inst_fifo_gen/gconvfifo.rf/grf.rf/gntv_or_sync_fifo.gl0.wr/wpntr/gic0.gc0.count_d1_reg[2]/C
                               system_wrapper_i/rp_dac/inst/U_dac1/U_dma_mm2s/fifo_wr_data_reg[11]/CE
                                                              0.064         
system_wrapper_i/rp_dac/inst/U_dac1/U_dma_mm2s/U_fifo_axi_data/U0/inst_fifo_gen/gconvfifo.rf/grf.rf/gntv_or_sync_fifo.gl0.wr/wpntr/gic0.gc0.count_d1_reg[2]/C
                               system_wrapper_i/rp_dac/inst/U_dac1/U_dma_mm2s/fifo_wr_data_reg[12]/CE
                                                              0.064         
system_wrapper_i/rp_dac/inst/U_dac1/U_dma_mm2s/U_fifo_axi_data/U0/inst_fifo_gen/gconvfifo.rf/grf.rf/gntv_or_sync_fifo.gl0.wr/wpntr/gic0.gc0.count_d1_reg[2]/C
                               system_wrapper_i/rp_dac/inst/U_dac1/U_dma_mm2s/fifo_wr_data_reg[13]/CE
                                                              0.064         
system_wrapper_i/rp_dac/inst/U_dac1/U_dma_mm2s/U_fifo_axi_data/U0/inst_fifo_gen/gconvfifo.rf/grf.rf/gntv_or_sync_fifo.gl0.wr/wpntr/gic0.gc0.count_d1_reg[2]/C
                               system_wrapper_i/rp_dac/inst/U_dac1/U_dma_mm2s/fifo_wr_data_reg[14]/CE
                                                              0.064         
system_wrapper_i/rp_dac/inst/U_dac1/U_dma_mm2s/U_fifo_axi_data/U0/inst_fifo_gen/gconvfifo.rf/grf.rf/gntv_or_sync_fifo.gl0.wr/wpntr/gic0.gc0.count_d1_reg[2]/C
                               system_wrapper_i/rp_dac/inst/U_dac1/U_dma_mm2s/fifo_wr_data_reg[15]/CE
                                                              0.064         
system_wrapper_i/rp_dac/inst/U_dac1/U_dma_mm2s/U_fifo_axi_data/U0/inst_fifo_gen/gconvfifo.rf/grf.rf/gntv_or_sync_fifo.gl0.wr/wpntr/gic0.gc0.count_d1_reg[2]/C
                               system_wrapper_i/rp_dac/inst/U_dac1/U_dma_mm2s/fifo_wr_data_reg[1]/CE
                                                              0.064         
system_wrapper_i/rp_dac/inst/U_dac1/U_dma_mm2s/U_fifo_axi_data/U0/inst_fifo_gen/gconvfifo.rf/grf.rf/gntv_or_sync_fifo.gl0.wr/wpntr/gic0.gc0.count_d1_reg[2]/C
                               system_wrapper_i/rp_dac/inst/U_dac1/U_dma_mm2s/fifo_wr_data_reg[8]/CE
                                                              0.064         
system_wrapper_i/rp_dac/inst/U_dac1/U_dma_mm2s/U_fifo_axi_data/U0/inst_fifo_gen/gconvfifo.rf/grf.rf/gntv_or_sync_fifo.gl0.wr/wpntr/gic0.gc0.count_d1_reg[2]/C
                               system_wrapper_i/rp_dac/inst/U_dac1/U_dma_mm2s/fifo_wr_data_reg[9]/CE
                                                              0.064         
system_wrapper_i/rp_dac/inst/U_dac_cfg/reg_ofs_axi_reg[5]/C
                               system_wrapper_i/rp_dac/inst/U_dac_cfg/cfg_ctrl_reg_cha_reg[1]/CE
                                                              0.080         
system_wrapper_i/rp_dac/inst/U_dac_cfg/reg_ofs_axi_reg[5]/C
                               system_wrapper_i/rp_dac/inst/U_dac_cfg/cfg_ctrl_reg_cha_reg[6]/CE
                                                              0.080         
system_wrapper_i/rp_dac/inst/U_dac_cfg/reg_ofs_axi_reg[5]/C
                               system_wrapper_i/rp_dac/inst/U_dac_cfg/cfg_ctrl_reg_chb_reg[0]/CE
                                                              0.080         
system_wrapper_i/rp_dac/inst/U_dac_cfg/reg_ofs_axi_reg[5]/C
                               system_wrapper_i/rp_dac/inst/U_dac_cfg/cfg_ctrl_reg_chb_reg[1]/CE
                                                              0.080         
system_wrapper_i/rp_dac/inst/U_dac_cfg/reg_ofs_axi_reg[5]/C
                               system_wrapper_i/rp_dac/inst/U_dac_cfg/cfg_ctrl_reg_chb_reg[7]/CE
                                                              0.080         
system_wrapper_i/rp_dac/inst/U_dac2/U_dma_mm2s/U_dma_mm2s_ctrl/FSM_onehot_state_cs_reg[4]/C
                               system_wrapper_i/rp_dac/inst/U_dac2/U_dma_mm2s/U_dma_mm2s_ctrl/dac_rp_curr_reg[21]/D
                                                              0.093         
system_wrapper_i/rp_dac/inst/U_dac1/U_dma_mm2s/U_dma_mm2s_ctrl/full_cnt_reg[1]/C
                               system_wrapper_i/rp_dac/inst/U_dac1/U_dma_mm2s/U_dma_mm2s_ctrl/fifo_re_r2_reg/CE
                                                              0.099         
system_wrapper_i/rp_dac/inst/U_dac2/U_dma_mm2s/U_dma_mm2s_ctrl/full_cnt_reg[2]/C
                               system_wrapper_i/rp_dac/inst/U_dac2/U_dma_mm2s/U_dma_mm2s_ctrl/buf_ovr_limit_reg/CE
                                                              0.106         
system_wrapper_i/rp_dac/inst/U_dac1/U_dma_mm2s/U_fifo_axi_data/U0/inst_fifo_gen/gconvfifo.rf/grf.rf/gntv_or_sync_fifo.gl0.wr/wpntr/gic0.gc0.count_d1_reg[2]/C
                               system_wrapper_i/rp_dac/inst/U_dac1/U_dma_mm2s/fifo_wr_data_reg[22]/CE
                                                              0.111         
system_wrapper_i/rp_dac/inst/U_dac1/U_dma_mm2s/U_fifo_axi_data/U0/inst_fifo_gen/gconvfifo.rf/grf.rf/gntv_or_sync_fifo.gl0.wr/wpntr/gic0.gc0.count_d1_reg[2]/C
                               system_wrapper_i/rp_dac/inst/U_dac1/U_dma_mm2s/fifo_wr_data_reg[26]/CE
                                                              0.111         
system_wrapper_i/rp_dac/inst/U_dac1/U_dma_mm2s/U_fifo_axi_data/U0/inst_fifo_gen/gconvfifo.rf/grf.rf/gntv_or_sync_fifo.gl0.wr/wpntr/gic0.gc0.count_d1_reg[2]/C
                               system_wrapper_i/rp_dac/inst/U_dac1/U_dma_mm2s/fifo_wr_data_reg[27]/CE
                                                              0.111         
system_wrapper_i/rp_dac/inst/U_dac1/U_dma_mm2s/U_fifo_axi_data/U0/inst_fifo_gen/gconvfifo.rf/grf.rf/gntv_or_sync_fifo.gl0.wr/wpntr/gic0.gc0.count_d1_reg[2]/C
                               system_wrapper_i/rp_dac/inst/U_dac1/U_dma_mm2s/fifo_wr_data_reg[29]/CE
                                                              0.111         
system_wrapper_i/rp_dac/inst/U_dac1/U_dma_mm2s/U_fifo_axi_data/U0/inst_fifo_gen/gconvfifo.rf/grf.rf/gntv_or_sync_fifo.gl0.wr/wpntr/gic0.gc0.count_d1_reg[2]/C
                               system_wrapper_i/rp_dac/inst/U_dac1/U_dma_mm2s/fifo_wr_data_reg[30]/CE
                                                              0.111         
system_wrapper_i/rp_dac/inst/U_dac1/U_dma_mm2s/U_fifo_axi_data/U0/inst_fifo_gen/gconvfifo.rf/grf.rf/gntv_or_sync_fifo.gl0.wr/wpntr/gic0.gc0.count_d1_reg[2]/C
                               system_wrapper_i/rp_dac/inst/U_dac1/U_dma_mm2s/fifo_wr_data_reg[59]/CE
                                                              0.111         
system_wrapper_i/rp_dac/inst/U_dac1/U_dma_mm2s/U_fifo_axi_data/U0/inst_fifo_gen/gconvfifo.rf/grf.rf/gntv_or_sync_fifo.gl0.wr/wpntr/gic0.gc0.count_d1_reg[2]/C
                               system_wrapper_i/rp_dac/inst/U_dac1/U_dma_mm2s/fifo_wr_data_reg[60]/CE
                                                              0.111         
system_wrapper_i/rp_dac/inst/U_dac1/U_dma_mm2s/U_fifo_axi_data/U0/inst_fifo_gen/gconvfifo.rf/grf.rf/gntv_or_sync_fifo.gl0.wr/wpntr/gic0.gc0.count_d1_reg[2]/C
                               system_wrapper_i/rp_dac/inst/U_dac1/U_dma_mm2s/fifo_wr_data_reg[61]/CE
                                                              0.111         
system_wrapper_i/rp_dac/inst/U_dac1/U_dma_mm2s/U_fifo_axi_data/U0/inst_fifo_gen/gconvfifo.rf/grf.rf/gntv_or_sync_fifo.gl0.wr/wpntr/gic0.gc0.count_d1_reg[2]/C
                               system_wrapper_i/rp_dac/inst/U_dac1/U_dma_mm2s/fifo_wr_data_reg[18]/CE
                                                              0.118         
system_wrapper_i/rp_dac/inst/U_dac1/U_dma_mm2s/U_fifo_axi_data/U0/inst_fifo_gen/gconvfifo.rf/grf.rf/gntv_or_sync_fifo.gl0.wr/wpntr/gic0.gc0.count_d1_reg[2]/C
                               system_wrapper_i/rp_dac/inst/U_dac1/U_dma_mm2s/fifo_wr_data_reg[42]/CE
                                                              0.118         
system_wrapper_i/rp_dac/inst/U_dac1/U_dma_mm2s/U_fifo_axi_data/U0/inst_fifo_gen/gconvfifo.rf/grf.rf/gntv_or_sync_fifo.gl0.wr/wpntr/gic0.gc0.count_d1_reg[2]/C
                               system_wrapper_i/rp_dac/inst/U_dac1/U_dma_mm2s/fifo_wr_data_reg[51]/CE
                                                              0.118         
system_wrapper_i/rp_dac/inst/U_dac2/U_dma_mm2s/U_dma_mm2s_ctrl/FSM_onehot_state_cs_reg[4]/C
                               system_wrapper_i/rp_dac/inst/U_dac2/U_dma_mm2s/U_dma_mm2s_ctrl/dac_rp_curr_reg[4]/D
                                                              0.121         
system_wrapper_i/rp_dac/inst/U_dac2/U_dma_mm2s/U_fifo_axi_data/U0/inst_fifo_gen/gconvfifo.rf/grf.rf/gntv_or_sync_fifo.gcx.clkx/rd_pntr_cdc_inst/dest_out_bin_ff_reg[6]/C
                               system_wrapper_i/rp_dac/inst/U_dac2/U_dma_mm2s/fifo_wr_data_reg[19]/CE
                                                              0.124         
system_wrapper_i/rp_dac/inst/U_dac2/U_dma_mm2s/U_fifo_axi_data/U0/inst_fifo_gen/gconvfifo.rf/grf.rf/gntv_or_sync_fifo.gcx.clkx/rd_pntr_cdc_inst/dest_out_bin_ff_reg[6]/C
                               system_wrapper_i/rp_dac/inst/U_dac2/U_dma_mm2s/fifo_wr_data_reg[11]/CE
                                                              0.131         
system_wrapper_i/rp_dac/inst/U_dac2/U_dma_mm2s/U_fifo_axi_data/U0/inst_fifo_gen/gconvfifo.rf/grf.rf/gntv_or_sync_fifo.gcx.clkx/rd_pntr_cdc_inst/dest_out_bin_ff_reg[6]/C
                               system_wrapper_i/rp_dac/inst/U_dac2/U_dma_mm2s/fifo_wr_data_reg[16]/CE
                                                              0.131         
system_wrapper_i/rp_dac/inst/U_dac2/U_dma_mm2s/U_fifo_axi_data/U0/inst_fifo_gen/gconvfifo.rf/grf.rf/gntv_or_sync_fifo.gcx.clkx/rd_pntr_cdc_inst/dest_out_bin_ff_reg[6]/C
                               system_wrapper_i/rp_dac/inst/U_dac2/U_dma_mm2s/fifo_wr_data_reg[21]/CE
                                                              0.131         
system_wrapper_i/rp_dac/inst/U_dac2/U_dma_mm2s/U_fifo_axi_data/U0/inst_fifo_gen/gconvfifo.rf/grf.rf/gntv_or_sync_fifo.gcx.clkx/rd_pntr_cdc_inst/dest_out_bin_ff_reg[6]/C
                               system_wrapper_i/rp_dac/inst/U_dac2/U_dma_mm2s/fifo_wr_data_reg[22]/CE
                                                              0.131         
system_wrapper_i/rp_dac/inst/U_dac2/U_dma_mm2s/U_fifo_axi_data/U0/inst_fifo_gen/gconvfifo.rf/grf.rf/gntv_or_sync_fifo.gcx.clkx/rd_pntr_cdc_inst/dest_out_bin_ff_reg[6]/C
                               system_wrapper_i/rp_dac/inst/U_dac2/U_dma_mm2s/fifo_wr_data_reg[24]/CE
                                                              0.131         
system_wrapper_i/rp_dac/inst/U_dac2/U_dma_mm2s/U_fifo_axi_data/U0/inst_fifo_gen/gconvfifo.rf/grf.rf/gntv_or_sync_fifo.gcx.clkx/rd_pntr_cdc_inst/dest_out_bin_ff_reg[6]/C
                               system_wrapper_i/rp_dac/inst/U_dac2/U_dma_mm2s/fifo_wr_data_reg[25]/CE
                                                              0.131         
system_wrapper_i/rp_dac/inst/U_dac2/U_dma_mm2s/U_fifo_axi_data/U0/inst_fifo_gen/gconvfifo.rf/grf.rf/gntv_or_sync_fifo.gcx.clkx/rd_pntr_cdc_inst/dest_out_bin_ff_reg[6]/C
                               system_wrapper_i/rp_dac/inst/U_dac2/U_dma_mm2s/fifo_wr_data_reg[27]/CE
                                                              0.131         
system_wrapper_i/rp_dac/inst/U_dac2/U_dma_mm2s/U_fifo_axi_data/U0/inst_fifo_gen/gconvfifo.rf/grf.rf/gntv_or_sync_fifo.gcx.clkx/rd_pntr_cdc_inst/dest_out_bin_ff_reg[6]/C
                               system_wrapper_i/rp_dac/inst/U_dac2/U_dma_mm2s/fifo_wr_data_reg[30]/CE
                                                              0.131         
system_wrapper_i/rp_dac/inst/U_dac2/U_dma_mm2s/U_dma_mm2s_ctrl/FSM_onehot_state_cs_reg[4]/C
                               system_wrapper_i/rp_dac/inst/U_dac2/U_dma_mm2s/U_dma_mm2s_ctrl/dac_rp_curr_reg[0]/D
                                                              0.156         
system_wrapper_i/rp_dac/inst/U_dac2/U_dma_mm2s/U_dma_mm2s_ctrl/FSM_onehot_state_cs_reg[4]/C
                               system_wrapper_i/rp_dac/inst/U_dac2/U_dma_mm2s/U_dma_mm2s_ctrl/dac_rp_curr_reg[23]/D
                                                              0.165         
system_wrapper_i/processing_system7_0/inst/PS7_i/SAXIHP2ACLK
                               system_wrapper_i/rp_dac/inst/U_dac1/U_dma_mm2s/U_dma_mm2s_ctrl/diag_reg2_reg[10]/CE
                                                              0.166         
system_wrapper_i/rp_dac/inst/U_dac1/U_dma_mm2s/U_fifo_axi_data/U0/inst_fifo_gen/gconvfifo.rf/grf.rf/gntv_or_sync_fifo.gl0.wr/wpntr/gic0.gc0.count_d1_reg[2]/C
                               system_wrapper_i/rp_dac/inst/U_dac1/U_dma_mm2s/fifo_wr_data_reg[39]/CE
                                                              0.166         
system_wrapper_i/rp_dac/inst/U_dac1/U_dma_mm2s/U_fifo_axi_data/U0/inst_fifo_gen/gconvfifo.rf/grf.rf/gntv_or_sync_fifo.gl0.wr/wpntr/gic0.gc0.count_d1_reg[2]/C
                               system_wrapper_i/rp_dac/inst/U_dac1/U_dma_mm2s/fifo_wr_data_reg[45]/CE
                                                              0.166         
system_wrapper_i/rp_dac/inst/U_dac1/U_dma_mm2s/U_fifo_axi_data/U0/inst_fifo_gen/gconvfifo.rf/grf.rf/gntv_or_sync_fifo.gl0.wr/wpntr/gic0.gc0.count_d1_reg[2]/C
                               system_wrapper_i/rp_dac/inst/U_dac1/U_dma_mm2s/fifo_wr_data_reg[48]/CE
                                                              0.166         
system_wrapper_i/rp_dac/inst/U_dac1/U_dma_mm2s/U_fifo_axi_data/U0/inst_fifo_gen/gconvfifo.rf/grf.rf/gntv_or_sync_fifo.gl0.wr/wpntr/gic0.gc0.count_d1_reg[2]/C
                               system_wrapper_i/rp_dac/inst/U_dac1/U_dma_mm2s/fifo_wr_data_reg[55]/CE
                                                              0.166         
system_wrapper_i/rp_dac/inst/U_dac1/U_dma_mm2s/U_fifo_axi_data/U0/inst_fifo_gen/gconvfifo.rf/grf.rf/gntv_or_sync_fifo.gl0.wr/wpntr/gic0.gc0.count_d1_reg[2]/C
                               system_wrapper_i/rp_dac/inst/U_dac1/U_dma_mm2s/fifo_wr_data_reg[56]/CE
                                                              0.166         
system_wrapper_i/rp_dac/inst/U_dac1/U_dma_mm2s/U_fifo_axi_data/U0/inst_fifo_gen/gconvfifo.rf/grf.rf/gntv_or_sync_fifo.gl0.wr/wpntr/gic0.gc0.count_d1_reg[2]/C
                               system_wrapper_i/rp_dac/inst/U_dac1/U_dma_mm2s/fifo_wr_data_reg[57]/CE
                                                              0.166         
system_wrapper_i/rp_dac/inst/U_dac2/U_dma_mm2s/U_dma_mm2s_ctrl/FSM_onehot_state_cs_reg[4]/C
                               system_wrapper_i/rp_dac/inst/U_dac2/U_dma_mm2s/U_dma_mm2s_ctrl/dac_rp_curr_reg[30]/D
                                                              0.167         
system_wrapper_i/processing_system7_0/inst/PS7_i/SAXIHP2ACLK
                               system_wrapper_i/rp_dac/inst/U_dac1/U_dma_mm2s/U_dma_mm2s_ctrl/diag_reg2_reg[0]/CE
                                                              0.169         
system_wrapper_i/processing_system7_0/inst/PS7_i/SAXIHP2ACLK
                               system_wrapper_i/rp_dac/inst/U_dac1/U_dma_mm2s/U_dma_mm2s_ctrl/diag_reg2_reg[1]/CE
                                                              0.169         
system_wrapper_i/rp_dac/inst/dac_a_r_reg[3]/C
                               dac_dat_a_o_reg[1]/D           0.489         
dac_rst_reg/C                  oddr_dac_dat[4]/R              0.611         
dac_rst_reg/C                  oddr_dac_dat[13]/R             0.619         
dac_rst_reg/C                  oddr_dac_dat[2]/R              0.620         
dac_rst_reg/C                  oddr_dac_dat[12]/R             0.621         
dac_rst_reg/C                  oddr_dac_dat[5]/R              0.633         
dac_rst_reg/C                  oddr_dac_dat[0]/R              0.640         
dac_rst_reg/C                  oddr_dac_dat[3]/R              0.660         
dac_rst_reg/C                  oddr_dac_dat[1]/R              0.677         
system_wrapper_i/rp_dac/inst/dac_b_r_reg[2]/C
                               dac_dat_b_o_reg[0]/D           0.694         
dac_rst_reg/C                  oddr_dac_dat[6]/R              0.845         
system_wrapper_i/rp_dac/inst/dac_b_r_reg[5]/C
                               dac_dat_b_o_reg[3]/D           0.856         
system_wrapper_i/rp_dac/inst/dac_b_r_reg[8]/C
                               dac_dat_b_o_reg[6]/D           0.891         
dac_rst_reg/C                  oddr_dac_dat[7]/R              0.986         
dac_rst_reg/C                  oddr_dac_dat[9]/R              1.025         
dac_rst_reg/C                  oddr_dac_dat[11]/R             1.060         
dac_rst_reg/C                  oddr_dac_dat[10]/R             1.061         
dac_rst_reg/C                  oddr_dac_dat[8]/R              1.172         
dac_dat_a_o_reg[13]/C          oddr_dac_dat[13]/D2            1.477         
system_wrapper_i/rp_dac/inst/dac_a_r_reg[8]/C
                               dac_dat_a_o_reg[6]/D           1.489         
dac_rst_reg/C                  oddr_dac_sel/R                 1.507         
system_wrapper_i/rp_dac/inst/dac_b_r_reg[4]/C
                               dac_dat_b_o_reg[2]/D           1.553         
system_wrapper_i/rp_dac/inst/dac_b_r_reg[12]/C
                               dac_dat_b_o_reg[10]/D          1.572         
system_wrapper_i/rp_dac/inst/dac_a_r_reg[15]/C
                               dac_dat_a_o_reg[13]/D          1.620         
dac_dat_a_o_reg[0]/C           oddr_dac_dat[0]/D2             1.722         
system_wrapper_i/rp_dac/inst/dac_a_r_reg[4]/C
                               dac_dat_a_o_reg[2]/D           1.802         
dac_dat_a_o_reg[12]/C          oddr_dac_dat[12]/D2            1.815         
dac_dat_a_o_reg[1]/C           oddr_dac_dat[1]/D2             1.862         
dac_rst_reg/C                  oddr_dac_rst/D2                1.866         
dac_dat_a_o_reg[2]/C           oddr_dac_dat[2]/D2             1.912         
dac_dat_a_o_reg[8]/C           oddr_dac_dat[8]/D2             1.942         
dac_dat_a_o_reg[7]/C           oddr_dac_dat[7]/D2             1.980         
system_wrapper_i/rp_dac/inst/dac_b_r_reg[9]/C
                               dac_dat_b_o_reg[7]/D           1.988         
dac_dat_a_o_reg[9]/C           oddr_dac_dat[9]/D2             1.999         
dac_dat_a_o_reg[11]/C          oddr_dac_dat[11]/D2            2.043         
dac_dat_a_o_reg[5]/C           oddr_dac_dat[5]/D2             2.048         
dac_dat_a_o_reg[4]/C           oddr_dac_dat[4]/D2             2.050         
dac_dat_a_o_reg[3]/C           oddr_dac_dat[3]/D2             2.059         
dac_dat_a_o_reg[6]/C           oddr_dac_dat[6]/D2             2.129         
dac_dat_a_o_reg[10]/C          oddr_dac_dat[10]/D2            2.192         
system_wrapper_i/rp_dac/inst/dac_a_r_reg[12]/C
                               dac_dat_a_o_reg[10]/D          2.235         
system_wrapper_i/rst_gen/U0/ACTIVE_LOW_PR_OUT_DFF[0].FDRE_PER_N/C
                               dac_rst_reg/D                  2.320         
system_wrapper_i/rp_dac/inst/dac_a_r_reg[14]/C
                               dac_dat_a_o_reg[12]/D          2.575         
system_wrapper_i/rp_dac/inst/dac_b_r_reg[13]/C
                               dac_dat_b_o_reg[11]/D          2.819         
system_wrapper_i/rp_dac/inst/dac_b_r_reg[6]/C
                               dac_dat_b_o_reg[4]/D           2.851         
system_wrapper_i/rp_dac/inst/dac_a_r_reg[9]/C
                               dac_dat_a_o_reg[7]/D           2.860         
system_wrapper_i/rp_dac/inst/dac_b_r_reg[15]/C
                               dac_dat_b_o_reg[13]/D          2.985         
system_wrapper_i/rp_dac/inst/dac_b_r_reg[10]/C
                               dac_dat_b_o_reg[8]/D           3.092         
system_wrapper_i/rp_dac/inst/dac_a_r_reg[11]/C
                               dac_dat_a_o_reg[9]/D           3.323         
system_wrapper_i/rp_dac/inst/dac_a_r_reg[6]/C
                               dac_dat_a_o_reg[4]/D           3.415         
system_wrapper_i/rp_dac/inst/dac_a_r_reg[7]/C
                               dac_dat_a_o_reg[5]/D           3.476         
system_wrapper_i/rp_dac/inst/dac_a_r_reg[10]/C
                               dac_dat_a_o_reg[8]/D           3.478         
system_wrapper_i/rp_dac/inst/dac_b_r_reg[11]/C
                               dac_dat_b_o_reg[9]/D           3.628         
system_wrapper_i/rp_dac/inst/dac_b_r_reg[7]/C
                               dac_dat_b_o_reg[5]/D           3.689         
system_wrapper_i/rp_dac/inst/dac_a_r_reg[2]/C
                               dac_dat_a_o_reg[0]/D           3.736         
system_wrapper_i/rp_dac/inst/dac_b_r_reg[3]/C
                               dac_dat_b_o_reg[1]/D           3.767         
system_wrapper_i/axi_interconnect_2/m00_couplers/auto_pc/inst/gen_axi4_axi3.axi3_conv_inst/USE_WRITE.write_addr_inst/USE_B_CHANNEL.cmd_b_queue/inst/fifo_gen_inst/inst_fifo_gen/gconvfifo.rf/grf.rf/rstblk/ngwrdrst.grst.g7serrst.gnsckt_wrst.rst_wr_reg2_inst/arststages_ff_reg[1]/C
                               system_wrapper_i/axi_interconnect_2/m00_couplers/auto_pc/inst/gen_axi4_axi3.axi3_conv_inst/USE_WRITE.write_addr_inst/USE_B_CHANNEL.cmd_b_queue/inst/fifo_gen_inst/inst_fifo_gen/gconvfifo.rf/grf.rf/gntv_or_sync_fifo.gl0.rd/gr1.gr1_int.rfwft/gpregsm1.curr_fwft_state_reg[0]/CLR
                                                              3.933         
system_wrapper_i/axi_interconnect_2/m00_couplers/auto_pc/inst/gen_axi4_axi3.axi3_conv_inst/USE_WRITE.write_addr_inst/USE_B_CHANNEL.cmd_b_queue/inst/fifo_gen_inst/inst_fifo_gen/gconvfifo.rf/grf.rf/rstblk/ngwrdrst.grst.g7serrst.gnsckt_wrst.rst_wr_reg2_inst/arststages_ff_reg[1]/C
                               system_wrapper_i/axi_interconnect_2/m00_couplers/auto_pc/inst/gen_axi4_axi3.axi3_conv_inst/USE_WRITE.write_addr_inst/USE_B_CHANNEL.cmd_b_queue/inst/fifo_gen_inst/inst_fifo_gen/gconvfifo.rf/grf.rf/gntv_or_sync_fifo.gl0.rd/gr1.gr1_int.rfwft/gpregsm1.user_valid_reg/CLR
                                                              3.933         
system_wrapper_i/axi_interconnect_2/m00_couplers/auto_pc/inst/gen_axi4_axi3.axi3_conv_inst/USE_WRITE.write_addr_inst/USE_B_CHANNEL.cmd_b_queue/inst/fifo_gen_inst/inst_fifo_gen/gconvfifo.rf/grf.rf/rstblk/ngwrdrst.grst.g7serrst.gnsckt_wrst.rst_wr_reg2_inst/arststages_ff_reg[1]/C
                               system_wrapper_i/axi_interconnect_2/m00_couplers/auto_pc/inst/gen_axi4_axi3.axi3_conv_inst/USE_WRITE.write_addr_inst/USE_B_CHANNEL.cmd_b_queue/inst/fifo_gen_inst/inst_fifo_gen/gconvfifo.rf/grf.rf/gntv_or_sync_fifo.gl0.rd/gr1.gr1_int.rfwft/aempty_fwft_i_reg/PRE
                                                              3.979         
system_wrapper_i/axi_interconnect_2/m00_couplers/auto_pc/inst/gen_axi4_axi3.axi3_conv_inst/USE_WRITE.write_addr_inst/USE_B_CHANNEL.cmd_b_queue/inst/fifo_gen_inst/inst_fifo_gen/gconvfifo.rf/grf.rf/rstblk/ngwrdrst.grst.g7serrst.gnsckt_wrst.rst_wr_reg2_inst/arststages_ff_reg[1]/C
                               system_wrapper_i/axi_interconnect_2/m00_couplers/auto_pc/inst/gen_axi4_axi3.axi3_conv_inst/USE_WRITE.write_addr_inst/USE_B_CHANNEL.cmd_b_queue/inst/fifo_gen_inst/inst_fifo_gen/gconvfifo.rf/grf.rf/gntv_or_sync_fifo.gl0.rd/gr1.gr1_int.rfwft/empty_fwft_fb_i_reg/PRE
                                                              3.979         
system_wrapper_i/axi_interconnect_2/m00_couplers/auto_pc/inst/gen_axi4_axi3.axi3_conv_inst/USE_WRITE.write_addr_inst/USE_B_CHANNEL.cmd_b_queue/inst/fifo_gen_inst/inst_fifo_gen/gconvfifo.rf/grf.rf/rstblk/ngwrdrst.grst.g7serrst.gnsckt_wrst.rst_wr_reg2_inst/arststages_ff_reg[1]/C
                               system_wrapper_i/axi_interconnect_2/m00_couplers/auto_pc/inst/gen_axi4_axi3.axi3_conv_inst/USE_WRITE.write_addr_inst/USE_B_CHANNEL.cmd_b_queue/inst/fifo_gen_inst/inst_fifo_gen/gconvfifo.rf/grf.rf/gntv_or_sync_fifo.gl0.rd/gr1.gr1_int.rfwft/empty_fwft_fb_o_i_reg/PRE
                                                              3.979         
system_wrapper_i/axi_interconnect_2/m00_couplers/auto_pc/inst/gen_axi4_axi3.axi3_conv_inst/USE_WRITE.write_addr_inst/USE_B_CHANNEL.cmd_b_queue/inst/fifo_gen_inst/inst_fifo_gen/gconvfifo.rf/grf.rf/rstblk/ngwrdrst.grst.g7serrst.gnsckt_wrst.rst_wr_reg2_inst/arststages_ff_reg[1]/C
                               system_wrapper_i/axi_interconnect_2/m00_couplers/auto_pc/inst/gen_axi4_axi3.axi3_conv_inst/USE_WRITE.write_addr_inst/USE_B_CHANNEL.cmd_b_queue/inst/fifo_gen_inst/inst_fifo_gen/gconvfifo.rf/grf.rf/gntv_or_sync_fifo.gl0.rd/gr1.gr1_int.rfwft/empty_fwft_i_reg/PRE
                                                              3.979         
system_wrapper_i/rp_dac/inst/dac_b_r_reg[14]/C
                               dac_dat_b_o_reg[12]/D          3.996         
system_wrapper_i/rp_dac/inst/dac_a_r_reg[13]/C
                               dac_dat_a_o_reg[11]/D          4.274         
system_wrapper_i/axi_interconnect_2/m00_couplers/auto_pc/inst/gen_axi4_axi3.axi3_conv_inst/USE_READ.USE_SPLIT_R.read_addr_inst/USE_R_CHANNEL.cmd_queue/inst/fifo_gen_inst/inst_fifo_gen/gconvfifo.rf/grf.rf/rstblk/ngwrdrst.grst.g7serrst.gnsckt_wrst.gcc_rst.sckt_wr_rst_cc_reg[0]/C
                               system_wrapper_i/axi_interconnect_2/m00_couplers/auto_pc/inst/gen_axi4_axi3.axi3_conv_inst/USE_READ.USE_SPLIT_R.read_addr_inst/USE_R_CHANNEL.cmd_queue/inst/fifo_gen_inst/inst_fifo_gen/gconvfifo.rf/grf.rf/gntv_or_sync_fifo.gl0.rd/gr1.gr1_int.rfwft/gpregsm1.curr_fwft_state_reg[0]/CLR
                                                              4.281         
system_wrapper_i/axi_interconnect_2/m00_couplers/auto_pc/inst/gen_axi4_axi3.axi3_conv_inst/USE_READ.USE_SPLIT_R.read_addr_inst/USE_R_CHANNEL.cmd_queue/inst/fifo_gen_inst/inst_fifo_gen/gconvfifo.rf/grf.rf/rstblk/ngwrdrst.grst.g7serrst.gnsckt_wrst.gcc_rst.sckt_wr_rst_cc_reg[0]/C
                               system_wrapper_i/axi_interconnect_2/m00_couplers/auto_pc/inst/gen_axi4_axi3.axi3_conv_inst/USE_READ.USE_SPLIT_R.read_addr_inst/USE_R_CHANNEL.cmd_queue/inst/fifo_gen_inst/inst_fifo_gen/gconvfifo.rf/grf.rf/gntv_or_sync_fifo.gl0.rd/gr1.gr1_int.rfwft/gpregsm1.user_valid_reg/CLR
                                                              4.281         
system_wrapper_i/axi_interconnect_2/m00_couplers/auto_pc/inst/gen_axi4_axi3.axi3_conv_inst/USE_READ.USE_SPLIT_R.read_addr_inst/USE_R_CHANNEL.cmd_queue/inst/fifo_gen_inst/inst_fifo_gen/gconvfifo.rf/grf.rf/rstblk/ngwrdrst.grst.g7serrst.gnsckt_wrst.gcc_rst.sckt_wr_rst_cc_reg[0]/C
                               system_wrapper_i/axi_interconnect_2/m00_couplers/auto_pc/inst/gen_axi4_axi3.axi3_conv_inst/USE_READ.USE_SPLIT_R.read_addr_inst/USE_R_CHANNEL.cmd_queue/inst/fifo_gen_inst/inst_fifo_gen/gconvfifo.rf/grf.rf/gntv_or_sync_fifo.gl0.wr/gwss.wsts/ram_full_fb_i_reg/CLR
                                                              4.281         
system_wrapper_i/axi_interconnect_2/m00_couplers/auto_pc/inst/gen_axi4_axi3.axi3_conv_inst/USE_READ.USE_SPLIT_R.read_addr_inst/USE_R_CHANNEL.cmd_queue/inst/fifo_gen_inst/inst_fifo_gen/gconvfifo.rf/grf.rf/rstblk/ngwrdrst.grst.g7serrst.gnsckt_wrst.gcc_rst.sckt_wr_rst_cc_reg[0]/C
                               system_wrapper_i/axi_interconnect_2/m00_couplers/auto_pc/inst/gen_axi4_axi3.axi3_conv_inst/USE_READ.USE_SPLIT_R.read_addr_inst/USE_R_CHANNEL.cmd_queue/inst/fifo_gen_inst/inst_fifo_gen/gconvfifo.rf/grf.rf/gntv_or_sync_fifo.gl0.wr/gwss.wsts/ram_full_i_reg/CLR
                                                              4.281         
system_wrapper_i/axi_interconnect_2/m00_couplers/auto_pc/inst/gen_axi4_axi3.axi3_conv_inst/USE_READ.USE_SPLIT_R.read_addr_inst/USE_R_CHANNEL.cmd_queue/inst/fifo_gen_inst/inst_fifo_gen/gconvfifo.rf/grf.rf/rstblk/ngwrdrst.grst.g7serrst.gnsckt_wrst.gcc_rst.sckt_wr_rst_cc_reg[0]/C
                               system_wrapper_i/axi_interconnect_2/m00_couplers/auto_pc/inst/gen_axi4_axi3.axi3_conv_inst/USE_READ.USE_SPLIT_R.read_addr_inst/USE_R_CHANNEL.cmd_queue/inst/fifo_gen_inst/inst_fifo_gen/gconvfifo.rf/grf.rf/gntv_or_sync_fifo.gl0.rd/gr1.gr1_int.rfwft/empty_fwft_fb_o_i_reg/PRE
                                                              4.327         
system_wrapper_i/rp_dac/inst/dac_a_r_reg[5]/C
                               dac_dat_a_o_reg[3]/D           4.398         
system_wrapper_i/axi_interconnect_0/m00_couplers/auto_pc/inst/gen_axi4_axi3.axi3_conv_inst/USE_WRITE.write_addr_inst/USE_BURSTS.cmd_queue/inst/fifo_gen_inst/inst_fifo_gen/gconvfifo.rf/grf.rf/rstblk/ngwrdrst.grst.g7serrst.gnsckt_wrst.rst_wr_reg2_inst/arststages_ff_reg[1]/C
                               system_wrapper_i/axi_interconnect_0/m00_couplers/auto_pc/inst/gen_axi4_axi3.axi3_conv_inst/USE_WRITE.write_addr_inst/USE_BURSTS.cmd_queue/inst/fifo_gen_inst/inst_fifo_gen/gconvfifo.rf/grf.rf/gntv_or_sync_fifo.gl0.rd/rpntr/gc0.count_d1_reg[0]/CLR
                                                              4.463         
system_wrapper_i/axi_interconnect_0/m00_couplers/auto_pc/inst/gen_axi4_axi3.axi3_conv_inst/USE_WRITE.write_addr_inst/USE_BURSTS.cmd_queue/inst/fifo_gen_inst/inst_fifo_gen/gconvfifo.rf/grf.rf/rstblk/ngwrdrst.grst.g7serrst.gnsckt_wrst.rst_wr_reg2_inst/arststages_ff_reg[1]/C
                               system_wrapper_i/axi_interconnect_0/m00_couplers/auto_pc/inst/gen_axi4_axi3.axi3_conv_inst/USE_WRITE.write_addr_inst/USE_BURSTS.cmd_queue/inst/fifo_gen_inst/inst_fifo_gen/gconvfifo.rf/grf.rf/gntv_or_sync_fifo.gl0.rd/rpntr/gc0.count_d1_reg[1]/CLR
                                                              4.463         
system_wrapper_i/axi_interconnect_0/m00_couplers/auto_pc/inst/gen_axi4_axi3.axi3_conv_inst/USE_WRITE.write_addr_inst/USE_BURSTS.cmd_queue/inst/fifo_gen_inst/inst_fifo_gen/gconvfifo.rf/grf.rf/rstblk/ngwrdrst.grst.g7serrst.gnsckt_wrst.rst_wr_reg2_inst/arststages_ff_reg[1]/C
                               system_wrapper_i/axi_interconnect_0/m00_couplers/auto_pc/inst/gen_axi4_axi3.axi3_conv_inst/USE_WRITE.write_addr_inst/USE_BURSTS.cmd_queue/inst/fifo_gen_inst/inst_fifo_gen/gconvfifo.rf/grf.rf/gntv_or_sync_fifo.gl0.rd/rpntr/gc0.count_d1_reg[2]/CLR
                                                              4.463         
system_wrapper_i/axi_interconnect_0/m00_couplers/auto_pc/inst/gen_axi4_axi3.axi3_conv_inst/USE_WRITE.write_addr_inst/USE_BURSTS.cmd_queue/inst/fifo_gen_inst/inst_fifo_gen/gconvfifo.rf/grf.rf/rstblk/ngwrdrst.grst.g7serrst.gnsckt_wrst.rst_wr_reg2_inst/arststages_ff_reg[1]/C
                               system_wrapper_i/axi_interconnect_0/m00_couplers/auto_pc/inst/gen_axi4_axi3.axi3_conv_inst/USE_WRITE.write_addr_inst/USE_BURSTS.cmd_queue/inst/fifo_gen_inst/inst_fifo_gen/gconvfifo.rf/grf.rf/gntv_or_sync_fifo.gl0.rd/rpntr/gc0.count_d1_reg[3]/CLR
                                                              4.463         
system_wrapper_i/axi_interconnect_0/m00_couplers/auto_pc/inst/gen_axi4_axi3.axi3_conv_inst/USE_WRITE.write_addr_inst/USE_BURSTS.cmd_queue/inst/fifo_gen_inst/inst_fifo_gen/gconvfifo.rf/grf.rf/rstblk/ngwrdrst.grst.g7serrst.gnsckt_wrst.rst_wr_reg2_inst/arststages_ff_reg[1]/C
                               system_wrapper_i/axi_interconnect_0/m00_couplers/auto_pc/inst/gen_axi4_axi3.axi3_conv_inst/USE_WRITE.write_addr_inst/USE_BURSTS.cmd_queue/inst/fifo_gen_inst/inst_fifo_gen/gconvfifo.rf/grf.rf/gntv_or_sync_fifo.gl0.rd/rpntr/gc0.count_d1_reg[4]/CLR
                                                              4.463         
system_wrapper_i/axi_interconnect_0/m00_couplers/auto_pc/inst/gen_axi4_axi3.axi3_conv_inst/USE_WRITE.write_addr_inst/USE_BURSTS.cmd_queue/inst/fifo_gen_inst/inst_fifo_gen/gconvfifo.rf/grf.rf/rstblk/ngwrdrst.grst.g7serrst.gnsckt_wrst.rst_wr_reg2_inst/arststages_ff_reg[1]/C
                               system_wrapper_i/axi_interconnect_0/m00_couplers/auto_pc/inst/gen_axi4_axi3.axi3_conv_inst/USE_WRITE.write_addr_inst/USE_BURSTS.cmd_queue/inst/fifo_gen_inst/inst_fifo_gen/gconvfifo.rf/grf.rf/gntv_or_sync_fifo.gl0.rd/rpntr/gc0.count_reg[0]/PRE
                                                              4.509         
system_wrapper_i/axi_interconnect_2/m00_couplers/auto_pc/inst/gen_axi4_axi3.axi3_conv_inst/USE_WRITE.write_addr_inst/USE_B_CHANNEL.cmd_b_queue/inst/fifo_gen_inst/inst_fifo_gen/gconvfifo.rf/grf.rf/rstblk/ngwrdrst.grst.g7serrst.gnsckt_wrst.rst_wr_reg2_inst/arststages_ff_reg[1]/C
                               system_wrapper_i/axi_interconnect_2/m00_couplers/auto_pc/inst/gen_axi4_axi3.axi3_conv_inst/USE_WRITE.write_addr_inst/USE_B_CHANNEL.cmd_b_queue/inst/fifo_gen_inst/inst_fifo_gen/gconvfifo.rf/grf.rf/gntv_or_sync_fifo.gl0.wr/wpntr/gcc0.gc0.count_d1_reg[0]/CLR
                                                              4.536         
system_wrapper_i/axi_interconnect_2/m00_couplers/auto_pc/inst/gen_axi4_axi3.axi3_conv_inst/USE_WRITE.write_addr_inst/USE_B_CHANNEL.cmd_b_queue/inst/fifo_gen_inst/inst_fifo_gen/gconvfifo.rf/grf.rf/rstblk/ngwrdrst.grst.g7serrst.gnsckt_wrst.rst_wr_reg2_inst/arststages_ff_reg[1]/C
                               system_wrapper_i/axi_interconnect_2/m00_couplers/auto_pc/inst/gen_axi4_axi3.axi3_conv_inst/USE_WRITE.write_addr_inst/USE_B_CHANNEL.cmd_b_queue/inst/fifo_gen_inst/inst_fifo_gen/gconvfifo.rf/grf.rf/gntv_or_sync_fifo.gl0.wr/wpntr/gcc0.gc0.count_d1_reg[1]/CLR
                                                              4.536         
system_wrapper_i/axi_interconnect_2/m00_couplers/auto_pc/inst/gen_axi4_axi3.axi3_conv_inst/USE_WRITE.write_addr_inst/USE_B_CHANNEL.cmd_b_queue/inst/fifo_gen_inst/inst_fifo_gen/gconvfifo.rf/grf.rf/rstblk/ngwrdrst.grst.g7serrst.gnsckt_wrst.rst_wr_reg2_inst/arststages_ff_reg[1]/C
                               system_wrapper_i/axi_interconnect_2/m00_couplers/auto_pc/inst/gen_axi4_axi3.axi3_conv_inst/USE_WRITE.write_addr_inst/USE_B_CHANNEL.cmd_b_queue/inst/fifo_gen_inst/inst_fifo_gen/gconvfifo.rf/grf.rf/gntv_or_sync_fifo.gl0.wr/wpntr/gcc0.gc0.count_reg[1]/CLR
                                                              4.536         
system_wrapper_i/axi_interconnect_2/m00_couplers/auto_pc/inst/gen_axi4_axi3.axi3_conv_inst/USE_WRITE.write_addr_inst/USE_B_CHANNEL.cmd_b_queue/inst/fifo_gen_inst/inst_fifo_gen/gconvfifo.rf/grf.rf/rstblk/ngwrdrst.grst.g7serrst.gnsckt_wrst.rst_wr_reg2_inst/arststages_ff_reg[1]/C
                               system_wrapper_i/axi_interconnect_2/m00_couplers/auto_pc/inst/gen_axi4_axi3.axi3_conv_inst/USE_WRITE.write_addr_inst/USE_B_CHANNEL.cmd_b_queue/inst/fifo_gen_inst/inst_fifo_gen/gconvfifo.rf/grf.rf/gntv_or_sync_fifo.gl0.wr/wpntr/gcc0.gc0.count_reg[2]/CLR
                                                              4.536         
system_wrapper_i/axi_interconnect_2/m00_couplers/auto_pc/inst/gen_axi4_axi3.axi3_conv_inst/USE_WRITE.write_addr_inst/USE_BURSTS.cmd_queue/inst/fifo_gen_inst/inst_fifo_gen/gconvfifo.rf/grf.rf/rstblk/ngwrdrst.grst.g7serrst.gnsckt_wrst.gcc_rst.sckt_wr_rst_cc_reg[1]/C
                               system_wrapper_i/axi_interconnect_2/m00_couplers/auto_pc/inst/gen_axi4_axi3.axi3_conv_inst/USE_WRITE.write_addr_inst/USE_BURSTS.cmd_queue/inst/fifo_gen_inst/inst_fifo_gen/gconvfifo.rf/grf.rf/gntv_or_sync_fifo.gl0.rd/rpntr/gc0.count_d1_reg[0]/CLR
                                                              4.574         
system_wrapper_i/axi_interconnect_2/m00_couplers/auto_pc/inst/gen_axi4_axi3.axi3_conv_inst/USE_WRITE.write_addr_inst/USE_BURSTS.cmd_queue/inst/fifo_gen_inst/inst_fifo_gen/gconvfifo.rf/grf.rf/rstblk/ngwrdrst.grst.g7serrst.gnsckt_wrst.gcc_rst.sckt_wr_rst_cc_reg[1]/C
                               system_wrapper_i/axi_interconnect_2/m00_couplers/auto_pc/inst/gen_axi4_axi3.axi3_conv_inst/USE_WRITE.write_addr_inst/USE_BURSTS.cmd_queue/inst/fifo_gen_inst/inst_fifo_gen/gconvfifo.rf/grf.rf/gntv_or_sync_fifo.gl0.rd/rpntr/gc0.count_d1_reg[2]/CLR
                                                              4.574         
system_wrapper_i/axi_interconnect_2/m00_couplers/auto_pc/inst/gen_axi4_axi3.axi3_conv_inst/USE_WRITE.write_addr_inst/USE_BURSTS.cmd_queue/inst/fifo_gen_inst/inst_fifo_gen/gconvfifo.rf/grf.rf/rstblk/ngwrdrst.grst.g7serrst.gnsckt_wrst.gcc_rst.sckt_wr_rst_cc_reg[1]/C
                               system_wrapper_i/axi_interconnect_2/m00_couplers/auto_pc/inst/gen_axi4_axi3.axi3_conv_inst/USE_WRITE.write_addr_inst/USE_BURSTS.cmd_queue/inst/fifo_gen_inst/inst_fifo_gen/gconvfifo.rf/grf.rf/gntv_or_sync_fifo.gl0.rd/rpntr/gc0.count_d1_reg[3]/CLR
                                                              4.574         
system_wrapper_i/axi_interconnect_2/m00_couplers/auto_pc/inst/gen_axi4_axi3.axi3_conv_inst/USE_WRITE.write_addr_inst/USE_BURSTS.cmd_queue/inst/fifo_gen_inst/inst_fifo_gen/gconvfifo.rf/grf.rf/rstblk/ngwrdrst.grst.g7serrst.gnsckt_wrst.gcc_rst.sckt_wr_rst_cc_reg[1]/C
                               system_wrapper_i/axi_interconnect_2/m00_couplers/auto_pc/inst/gen_axi4_axi3.axi3_conv_inst/USE_WRITE.write_addr_inst/USE_BURSTS.cmd_queue/inst/fifo_gen_inst/inst_fifo_gen/gconvfifo.rf/grf.rf/gntv_or_sync_fifo.gl0.rd/rpntr/gc0.count_d1_reg[4]/CLR
                                                              4.574         
system_wrapper_i/axi_interconnect_2/m00_couplers/auto_pc/inst/gen_axi4_axi3.axi3_conv_inst/USE_WRITE.write_addr_inst/USE_B_CHANNEL.cmd_b_queue/inst/fifo_gen_inst/inst_fifo_gen/gconvfifo.rf/grf.rf/rstblk/ngwrdrst.grst.g7serrst.gnsckt_wrst.rst_wr_reg2_inst/arststages_ff_reg[1]/C
                               system_wrapper_i/axi_interconnect_2/m00_couplers/auto_pc/inst/gen_axi4_axi3.axi3_conv_inst/USE_WRITE.write_addr_inst/USE_B_CHANNEL.cmd_b_queue/inst/fifo_gen_inst/inst_fifo_gen/gconvfifo.rf/grf.rf/gntv_or_sync_fifo.gl0.wr/wpntr/gcc0.gc0.count_reg[0]/PRE
                                                              4.582         
system_wrapper_i/axi_interconnect_2/m00_couplers/auto_pc/inst/gen_axi4_axi3.axi3_conv_inst/USE_WRITE.write_addr_inst/USE_B_CHANNEL.cmd_b_queue/inst/fifo_gen_inst/inst_fifo_gen/gconvfifo.rf/grf.rf/rstblk/ngwrdrst.grst.g7serrst.gnsckt_wrst.rst_wr_reg2_inst/arststages_ff_reg[1]/C
                               system_wrapper_i/axi_interconnect_2/m00_couplers/auto_pc/inst/gen_axi4_axi3.axi3_conv_inst/USE_WRITE.write_addr_inst/USE_B_CHANNEL.cmd_b_queue/inst/fifo_gen_inst/inst_fifo_gen/gconvfifo.rf/grf.rf/gntv_or_sync_fifo.gl0.rd/gr1.gr1_int.rfwft/gpregsm1.curr_fwft_state_reg[1]/CLR
                                                              4.611         
system_wrapper_i/axi_interconnect_2/m00_couplers/auto_pc/inst/gen_axi4_axi3.axi3_conv_inst/USE_WRITE.write_addr_inst/USE_B_CHANNEL.cmd_b_queue/inst/fifo_gen_inst/inst_fifo_gen/gconvfifo.rf/grf.rf/rstblk/ngwrdrst.grst.g7serrst.gnsckt_wrst.rst_wr_reg2_inst/arststages_ff_reg[1]/C
                               system_wrapper_i/axi_interconnect_2/m00_couplers/auto_pc/inst/gen_axi4_axi3.axi3_conv_inst/USE_WRITE.write_addr_inst/USE_B_CHANNEL.cmd_b_queue/inst/fifo_gen_inst/inst_fifo_gen/gconvfifo.rf/grf.rf/gntv_or_sync_fifo.gl0.wr/gwss.wsts/ram_full_fb_i_reg/CLR
                                                              4.611         
system_wrapper_i/axi_interconnect_2/m00_couplers/auto_pc/inst/gen_axi4_axi3.axi3_conv_inst/USE_WRITE.write_addr_inst/USE_B_CHANNEL.cmd_b_queue/inst/fifo_gen_inst/inst_fifo_gen/gconvfifo.rf/grf.rf/rstblk/ngwrdrst.grst.g7serrst.gnsckt_wrst.rst_wr_reg2_inst/arststages_ff_reg[1]/C
                               system_wrapper_i/axi_interconnect_2/m00_couplers/auto_pc/inst/gen_axi4_axi3.axi3_conv_inst/USE_WRITE.write_addr_inst/USE_B_CHANNEL.cmd_b_queue/inst/fifo_gen_inst/inst_fifo_gen/gconvfifo.rf/grf.rf/gntv_or_sync_fifo.gl0.wr/gwss.wsts/ram_full_i_reg/CLR
                                                              4.611         
system_wrapper_i/axi_interconnect_2/m00_couplers/auto_pc/inst/gen_axi4_axi3.axi3_conv_inst/USE_WRITE.write_addr_inst/USE_B_CHANNEL.cmd_b_queue/inst/fifo_gen_inst/inst_fifo_gen/gconvfifo.rf/grf.rf/rstblk/ngwrdrst.grst.g7serrst.gnsckt_wrst.rst_wr_reg2_inst/arststages_ff_reg[1]/C
                               system_wrapper_i/axi_interconnect_2/m00_couplers/auto_pc/inst/gen_axi4_axi3.axi3_conv_inst/USE_WRITE.write_addr_inst/USE_B_CHANNEL.cmd_b_queue/inst/fifo_gen_inst/inst_fifo_gen/gconvfifo.rf/grf.rf/gntv_or_sync_fifo.gl0.rd/rpntr/gc0.count_d1_reg[3]/CLR
                                                              4.613         
system_wrapper_i/axi_interconnect_2/m00_couplers/auto_pc/inst/gen_axi4_axi3.axi3_conv_inst/USE_WRITE.write_addr_inst/USE_B_CHANNEL.cmd_b_queue/inst/fifo_gen_inst/inst_fifo_gen/gconvfifo.rf/grf.rf/rstblk/ngwrdrst.grst.g7serrst.gnsckt_wrst.rst_wr_reg2_inst/arststages_ff_reg[1]/C
                               system_wrapper_i/axi_interconnect_2/m00_couplers/auto_pc/inst/gen_axi4_axi3.axi3_conv_inst/USE_WRITE.write_addr_inst/USE_B_CHANNEL.cmd_b_queue/inst/fifo_gen_inst/inst_fifo_gen/gconvfifo.rf/grf.rf/gntv_or_sync_fifo.gl0.rd/rpntr/gc0.count_d1_reg[4]/CLR
                                                              4.613         
system_wrapper_i/axi_interconnect_2/m00_couplers/auto_pc/inst/gen_axi4_axi3.axi3_conv_inst/USE_WRITE.write_addr_inst/USE_B_CHANNEL.cmd_b_queue/inst/fifo_gen_inst/inst_fifo_gen/gconvfifo.rf/grf.rf/rstblk/ngwrdrst.grst.g7serrst.gnsckt_wrst.rst_wr_reg2_inst/arststages_ff_reg[1]/C
                               system_wrapper_i/axi_interconnect_2/m00_couplers/auto_pc/inst/gen_axi4_axi3.axi3_conv_inst/USE_WRITE.write_addr_inst/USE_B_CHANNEL.cmd_b_queue/inst/fifo_gen_inst/inst_fifo_gen/gconvfifo.rf/grf.rf/gntv_or_sync_fifo.gl0.rd/rpntr/gc0.count_reg[1]/CLR
                                                              4.613         
system_wrapper_i/axi_interconnect_2/m00_couplers/auto_pc/inst/gen_axi4_axi3.axi3_conv_inst/USE_WRITE.write_addr_inst/USE_B_CHANNEL.cmd_b_queue/inst/fifo_gen_inst/inst_fifo_gen/gconvfifo.rf/grf.rf/rstblk/ngwrdrst.grst.g7serrst.gnsckt_wrst.rst_wr_reg2_inst/arststages_ff_reg[1]/C
                               system_wrapper_i/axi_interconnect_2/m00_couplers/auto_pc/inst/gen_axi4_axi3.axi3_conv_inst/USE_WRITE.write_addr_inst/USE_B_CHANNEL.cmd_b_queue/inst/fifo_gen_inst/inst_fifo_gen/gconvfifo.rf/grf.rf/gntv_or_sync_fifo.gl0.rd/rpntr/gc0.count_reg[2]/CLR
                                                              4.613         
system_wrapper_i/axi_interconnect_2/m00_couplers/auto_pc/inst/gen_axi4_axi3.axi3_conv_inst/USE_WRITE.write_addr_inst/USE_B_CHANNEL.cmd_b_queue/inst/fifo_gen_inst/inst_fifo_gen/gconvfifo.rf/grf.rf/rstblk/ngwrdrst.grst.g7serrst.gnsckt_wrst.rst_wr_reg2_inst/arststages_ff_reg[1]/C
                               system_wrapper_i/axi_interconnect_2/m00_couplers/auto_pc/inst/gen_axi4_axi3.axi3_conv_inst/USE_WRITE.write_addr_inst/USE_B_CHANNEL.cmd_b_queue/inst/fifo_gen_inst/inst_fifo_gen/gconvfifo.rf/grf.rf/gntv_or_sync_fifo.gl0.rd/rpntr/gc0.count_reg[3]/CLR
                                                              4.613         
system_wrapper_i/axi_interconnect_2/m00_couplers/auto_pc/inst/gen_axi4_axi3.axi3_conv_inst/USE_WRITE.write_addr_inst/USE_B_CHANNEL.cmd_b_queue/inst/fifo_gen_inst/inst_fifo_gen/gconvfifo.rf/grf.rf/rstblk/ngwrdrst.grst.g7serrst.gnsckt_wrst.rst_wr_reg2_inst/arststages_ff_reg[1]/C
                               system_wrapper_i/axi_interconnect_2/m00_couplers/auto_pc/inst/gen_axi4_axi3.axi3_conv_inst/USE_WRITE.write_addr_inst/USE_B_CHANNEL.cmd_b_queue/inst/fifo_gen_inst/inst_fifo_gen/gconvfifo.rf/grf.rf/gntv_or_sync_fifo.gl0.rd/rpntr/gc0.count_reg[4]/CLR
                                                              4.613         
system_wrapper_i/axi_interconnect_2/m00_couplers/auto_pc/inst/gen_axi4_axi3.axi3_conv_inst/USE_WRITE.write_addr_inst/USE_BURSTS.cmd_queue/inst/fifo_gen_inst/inst_fifo_gen/gconvfifo.rf/grf.rf/rstblk/ngwrdrst.grst.g7serrst.gnsckt_wrst.gcc_rst.sckt_wr_rst_cc_reg[1]/C
                               system_wrapper_i/axi_interconnect_2/m00_couplers/auto_pc/inst/gen_axi4_axi3.axi3_conv_inst/USE_WRITE.write_addr_inst/USE_BURSTS.cmd_queue/inst/fifo_gen_inst/inst_fifo_gen/gconvfifo.rf/grf.rf/gntv_or_sync_fifo.gl0.rd/rpntr/gc0.count_d1_reg[1]/CLR
                                                              4.618         
system_wrapper_i/axi_interconnect_2/m00_couplers/auto_pc/inst/gen_axi4_axi3.axi3_conv_inst/USE_WRITE.write_addr_inst/USE_BURSTS.cmd_queue/inst/fifo_gen_inst/inst_fifo_gen/gconvfifo.rf/grf.rf/rstblk/ngwrdrst.grst.g7serrst.gnsckt_wrst.gcc_rst.sckt_wr_rst_cc_reg[1]/C
                               system_wrapper_i/axi_interconnect_2/m00_couplers/auto_pc/inst/gen_axi4_axi3.axi3_conv_inst/USE_WRITE.write_addr_inst/USE_BURSTS.cmd_queue/inst/fifo_gen_inst/inst_fifo_gen/gconvfifo.rf/grf.rf/gntv_or_sync_fifo.gl0.rd/rpntr/gc0.count_reg[0]/PRE
                                                              4.618         
system_wrapper_i/axi_interconnect_2/m00_couplers/auto_pc/inst/gen_axi4_axi3.axi3_conv_inst/USE_WRITE.write_addr_inst/USE_BURSTS.cmd_queue/inst/fifo_gen_inst/inst_fifo_gen/gconvfifo.rf/grf.rf/rstblk/ngwrdrst.grst.g7serrst.gnsckt_wrst.gcc_rst.sckt_wr_rst_cc_reg[1]/C
                               system_wrapper_i/axi_interconnect_2/m00_couplers/auto_pc/inst/gen_axi4_axi3.axi3_conv_inst/USE_WRITE.write_addr_inst/USE_BURSTS.cmd_queue/inst/fifo_gen_inst/inst_fifo_gen/gconvfifo.rf/grf.rf/gntv_or_sync_fifo.gl0.rd/rpntr/gc0.count_reg[2]/CLR
                                                              4.618         
system_wrapper_i/axi_interconnect_2/m00_couplers/auto_pc/inst/gen_axi4_axi3.axi3_conv_inst/USE_WRITE.write_addr_inst/USE_BURSTS.cmd_queue/inst/fifo_gen_inst/inst_fifo_gen/gconvfifo.rf/grf.rf/rstblk/ngwrdrst.grst.g7serrst.gnsckt_wrst.gcc_rst.sckt_wr_rst_cc_reg[1]/C
                               system_wrapper_i/axi_interconnect_2/m00_couplers/auto_pc/inst/gen_axi4_axi3.axi3_conv_inst/USE_WRITE.write_addr_inst/USE_BURSTS.cmd_queue/inst/fifo_gen_inst/inst_fifo_gen/gconvfifo.rf/grf.rf/gntv_or_sync_fifo.gl0.rd/rpntr/gc0.count_reg[4]/CLR
                                                              4.618         
system_wrapper_i/axi_interconnect_2/m00_couplers/auto_pc/inst/gen_axi4_axi3.axi3_conv_inst/USE_WRITE.write_addr_inst/USE_B_CHANNEL.cmd_b_queue/inst/fifo_gen_inst/inst_fifo_gen/gconvfifo.rf/grf.rf/rstblk/ngwrdrst.grst.g7serrst.gnsckt_wrst.rst_wr_reg2_inst/arststages_ff_reg[1]/C
                               system_wrapper_i/axi_interconnect_2/m00_couplers/auto_pc/inst/gen_axi4_axi3.axi3_conv_inst/USE_WRITE.write_addr_inst/USE_B_CHANNEL.cmd_b_queue/inst/fifo_gen_inst/inst_fifo_gen/gconvfifo.rf/grf.rf/gntv_or_sync_fifo.gl0.rd/rpntr/gc0.count_d1_reg[0]/CLR
                                                              4.655         
system_wrapper_i/axi_interconnect_2/m00_couplers/auto_pc/inst/gen_axi4_axi3.axi3_conv_inst/USE_WRITE.write_addr_inst/USE_B_CHANNEL.cmd_b_queue/inst/fifo_gen_inst/inst_fifo_gen/gconvfifo.rf/grf.rf/rstblk/ngwrdrst.grst.g7serrst.gnsckt_wrst.rst_wr_reg2_inst/arststages_ff_reg[1]/C
                               system_wrapper_i/axi_interconnect_2/m00_couplers/auto_pc/inst/gen_axi4_axi3.axi3_conv_inst/USE_WRITE.write_addr_inst/USE_B_CHANNEL.cmd_b_queue/inst/fifo_gen_inst/inst_fifo_gen/gconvfifo.rf/grf.rf/gntv_or_sync_fifo.gl0.rd/rpntr/gc0.count_reg[0]/PRE
                                                              4.655         
system_wrapper_i/axi_interconnect_2/m00_couplers/auto_pc/inst/gen_axi4_axi3.axi3_conv_inst/USE_WRITE.write_addr_inst/USE_B_CHANNEL.cmd_b_queue/inst/fifo_gen_inst/inst_fifo_gen/gconvfifo.rf/grf.rf/rstblk/ngwrdrst.grst.g7serrst.gnsckt_wrst.rst_wr_reg2_inst/arststages_ff_reg[1]/C
                               system_wrapper_i/axi_interconnect_2/m00_couplers/auto_pc/inst/gen_axi4_axi3.axi3_conv_inst/USE_WRITE.write_addr_inst/USE_B_CHANNEL.cmd_b_queue/inst/fifo_gen_inst/inst_fifo_gen/gconvfifo.rf/grf.rf/gntv_or_sync_fifo.gl0.rd/gr1.gr1_int.rfwft/aempty_fwft_fb_i_reg/PRE
                                                              4.657         
system_wrapper_i/axi_interconnect_2/m00_couplers/auto_pc/inst/gen_axi4_axi3.axi3_conv_inst/USE_WRITE.write_addr_inst/USE_B_CHANNEL.cmd_b_queue/inst/fifo_gen_inst/inst_fifo_gen/gconvfifo.rf/grf.rf/rstblk/ngwrdrst.grst.g7serrst.gnsckt_wrst.rst_wr_reg2_inst/arststages_ff_reg[1]/C
                               system_wrapper_i/axi_interconnect_2/m00_couplers/auto_pc/inst/gen_axi4_axi3.axi3_conv_inst/USE_WRITE.write_addr_inst/USE_B_CHANNEL.cmd_b_queue/inst/fifo_gen_inst/inst_fifo_gen/gconvfifo.rf/grf.rf/gntv_or_sync_fifo.gl0.rd/grss.rsts/ram_empty_fb_i_reg/PRE
                                                              4.657         
system_wrapper_i/axi_interconnect_2/m00_couplers/auto_pc/inst/gen_axi4_axi3.axi3_conv_inst/USE_WRITE.write_addr_inst/USE_B_CHANNEL.cmd_b_queue/inst/fifo_gen_inst/inst_fifo_gen/gconvfifo.rf/grf.rf/rstblk/ngwrdrst.grst.g7serrst.gnsckt_wrst.rst_wr_reg2_inst/arststages_ff_reg[1]/C
                               system_wrapper_i/axi_interconnect_2/m00_couplers/auto_pc/inst/gen_axi4_axi3.axi3_conv_inst/USE_WRITE.write_addr_inst/USE_B_CHANNEL.cmd_b_queue/inst/fifo_gen_inst/inst_fifo_gen/gconvfifo.rf/grf.rf/gntv_or_sync_fifo.gl0.rd/grss.rsts/ram_empty_i_reg/PRE
                                                              4.657         
system_wrapper_i/axi_interconnect_2/m00_couplers/auto_pc/inst/gen_axi4_axi3.axi3_conv_inst/USE_WRITE.write_addr_inst/USE_BURSTS.cmd_queue/inst/fifo_gen_inst/inst_fifo_gen/gconvfifo.rf/grf.rf/rstblk/ngwrdrst.grst.g7serrst.gnsckt_wrst.gcc_rst.sckt_wr_rst_cc_reg[1]/C
                               system_wrapper_i/axi_interconnect_2/m00_couplers/auto_pc/inst/gen_axi4_axi3.axi3_conv_inst/USE_WRITE.write_addr_inst/USE_BURSTS.cmd_queue/inst/fifo_gen_inst/inst_fifo_gen/gconvfifo.rf/grf.rf/gntv_or_sync_fifo.gl0.rd/rpntr/gc0.count_reg[1]/CLR
                                                              4.660         
system_wrapper_i/axi_interconnect_2/m00_couplers/auto_pc/inst/gen_axi4_axi3.axi3_conv_inst/USE_WRITE.write_addr_inst/USE_BURSTS.cmd_queue/inst/fifo_gen_inst/inst_fifo_gen/gconvfifo.rf/grf.rf/rstblk/ngwrdrst.grst.g7serrst.gnsckt_wrst.gcc_rst.sckt_wr_rst_cc_reg[1]/C
                               system_wrapper_i/axi_interconnect_2/m00_couplers/auto_pc/inst/gen_axi4_axi3.axi3_conv_inst/USE_WRITE.write_addr_inst/USE_BURSTS.cmd_queue/inst/fifo_gen_inst/inst_fifo_gen/gconvfifo.rf/grf.rf/gntv_or_sync_fifo.gl0.rd/rpntr/gc0.count_reg[3]/CLR
                                                              4.660         
system_wrapper_i/axi_interconnect_0/m00_couplers/auto_pc/inst/gen_axi4_axi3.axi3_conv_inst/USE_WRITE.write_addr_inst/USE_BURSTS.cmd_queue/inst/fifo_gen_inst/inst_fifo_gen/gconvfifo.rf/grf.rf/rstblk/ngwrdrst.grst.g7serrst.gnsckt_wrst.rst_wr_reg2_inst/arststages_ff_reg[1]/C
                               system_wrapper_i/axi_interconnect_0/m00_couplers/auto_pc/inst/gen_axi4_axi3.axi3_conv_inst/USE_WRITE.write_addr_inst/USE_BURSTS.cmd_queue/inst/fifo_gen_inst/inst_fifo_gen/gconvfifo.rf/grf.rf/gntv_or_sync_fifo.gl0.rd/gr1.gr1_int.rfwft/aempty_fwft_i_reg/PRE
                                                              4.672         
system_wrapper_i/axi_interconnect_0/m00_couplers/auto_pc/inst/gen_axi4_axi3.axi3_conv_inst/USE_WRITE.write_addr_inst/USE_BURSTS.cmd_queue/inst/fifo_gen_inst/inst_fifo_gen/gconvfifo.rf/grf.rf/rstblk/ngwrdrst.grst.g7serrst.gnsckt_wrst.rst_wr_reg2_inst/arststages_ff_reg[1]/C
                               system_wrapper_i/axi_interconnect_0/m00_couplers/auto_pc/inst/gen_axi4_axi3.axi3_conv_inst/USE_WRITE.write_addr_inst/USE_BURSTS.cmd_queue/inst/fifo_gen_inst/inst_fifo_gen/gconvfifo.rf/grf.rf/gntv_or_sync_fifo.gl0.rd/gr1.gr1_int.rfwft/empty_fwft_fb_i_reg/PRE
                                                              4.672         
system_wrapper_i/axi_interconnect_0/m00_couplers/auto_pc/inst/gen_axi4_axi3.axi3_conv_inst/USE_WRITE.write_addr_inst/USE_BURSTS.cmd_queue/inst/fifo_gen_inst/inst_fifo_gen/gconvfifo.rf/grf.rf/rstblk/ngwrdrst.grst.g7serrst.gnsckt_wrst.rst_wr_reg2_inst/arststages_ff_reg[1]/C
                               system_wrapper_i/axi_interconnect_0/m00_couplers/auto_pc/inst/gen_axi4_axi3.axi3_conv_inst/USE_WRITE.write_addr_inst/USE_BURSTS.cmd_queue/inst/fifo_gen_inst/inst_fifo_gen/gconvfifo.rf/grf.rf/gntv_or_sync_fifo.gl0.rd/gr1.gr1_int.rfwft/empty_fwft_i_reg/PRE
                                                              4.672         
system_wrapper_i/axi_interconnect_0/m00_couplers/auto_pc/inst/gen_axi4_axi3.axi3_conv_inst/USE_WRITE.write_addr_inst/USE_BURSTS.cmd_queue/inst/fifo_gen_inst/inst_fifo_gen/gconvfifo.rf/grf.rf/rstblk/ngwrdrst.grst.g7serrst.gnsckt_wrst.rst_wr_reg2_inst/arststages_ff_reg[1]/C
                               system_wrapper_i/axi_interconnect_0/m00_couplers/auto_pc/inst/gen_axi4_axi3.axi3_conv_inst/USE_WRITE.write_addr_inst/USE_BURSTS.cmd_queue/inst/fifo_gen_inst/inst_fifo_gen/gconvfifo.rf/grf.rf/gntv_or_sync_fifo.gl0.wr/wpntr/gcc0.gc0.count_d1_reg[0]/CLR
                                                              4.679         
system_wrapper_i/axi_interconnect_0/m00_couplers/auto_pc/inst/gen_axi4_axi3.axi3_conv_inst/USE_WRITE.write_addr_inst/USE_BURSTS.cmd_queue/inst/fifo_gen_inst/inst_fifo_gen/gconvfifo.rf/grf.rf/rstblk/ngwrdrst.grst.g7serrst.gnsckt_wrst.rst_wr_reg2_inst/arststages_ff_reg[1]/C
                               system_wrapper_i/axi_interconnect_0/m00_couplers/auto_pc/inst/gen_axi4_axi3.axi3_conv_inst/USE_WRITE.write_addr_inst/USE_BURSTS.cmd_queue/inst/fifo_gen_inst/inst_fifo_gen/gconvfifo.rf/grf.rf/gntv_or_sync_fifo.gl0.wr/wpntr/gcc0.gc0.count_d1_reg[1]/CLR
                                                              4.679         
system_wrapper_i/axi_interconnect_0/m00_couplers/auto_pc/inst/gen_axi4_axi3.axi3_conv_inst/USE_WRITE.write_addr_inst/USE_BURSTS.cmd_queue/inst/fifo_gen_inst/inst_fifo_gen/gconvfifo.rf/grf.rf/rstblk/ngwrdrst.grst.g7serrst.gnsckt_wrst.rst_wr_reg2_inst/arststages_ff_reg[1]/C
                               system_wrapper_i/axi_interconnect_0/m00_couplers/auto_pc/inst/gen_axi4_axi3.axi3_conv_inst/USE_WRITE.write_addr_inst/USE_BURSTS.cmd_queue/inst/fifo_gen_inst/inst_fifo_gen/gconvfifo.rf/grf.rf/gntv_or_sync_fifo.gl0.wr/wpntr/gcc0.gc0.count_reg[1]/CLR
                                                              4.679         
system_wrapper_i/axi_interconnect_0/m00_couplers/auto_pc/inst/gen_axi4_axi3.axi3_conv_inst/USE_WRITE.write_addr_inst/USE_BURSTS.cmd_queue/inst/fifo_gen_inst/inst_fifo_gen/gconvfifo.rf/grf.rf/rstblk/ngwrdrst.grst.g7serrst.gnsckt_wrst.rst_wr_reg2_inst/arststages_ff_reg[1]/C
                               system_wrapper_i/axi_interconnect_0/m00_couplers/auto_pc/inst/gen_axi4_axi3.axi3_conv_inst/USE_WRITE.write_addr_inst/USE_BURSTS.cmd_queue/inst/fifo_gen_inst/inst_fifo_gen/gconvfifo.rf/grf.rf/gntv_or_sync_fifo.gl0.wr/wpntr/gcc0.gc0.count_reg[2]/CLR
                                                              4.679         
system_wrapper_i/axi_interconnect_2/m00_couplers/auto_pc/inst/gen_axi4_axi3.axi3_conv_inst/USE_WRITE.write_addr_inst/USE_B_CHANNEL.cmd_b_queue/inst/fifo_gen_inst/inst_fifo_gen/gconvfifo.rf/grf.rf/rstblk/ngwrdrst.grst.g7serrst.gnsckt_wrst.rst_wr_reg2_inst/arststages_ff_reg[1]/C
                               system_wrapper_i/axi_interconnect_2/m00_couplers/auto_pc/inst/gen_axi4_axi3.axi3_conv_inst/USE_WRITE.write_addr_inst/USE_B_CHANNEL.cmd_b_queue/inst/fifo_gen_inst/inst_fifo_gen/gconvfifo.rf/grf.rf/gntv_or_sync_fifo.gl0.rd/rpntr/gc0.count_d1_reg[1]/CLR
                                                              4.697         
system_wrapper_i/axi_interconnect_2/m00_couplers/auto_pc/inst/gen_axi4_axi3.axi3_conv_inst/USE_WRITE.write_addr_inst/USE_B_CHANNEL.cmd_b_queue/inst/fifo_gen_inst/inst_fifo_gen/gconvfifo.rf/grf.rf/rstblk/ngwrdrst.grst.g7serrst.gnsckt_wrst.rst_wr_reg2_inst/arststages_ff_reg[1]/C
                               system_wrapper_i/axi_interconnect_2/m00_couplers/auto_pc/inst/gen_axi4_axi3.axi3_conv_inst/USE_WRITE.write_addr_inst/USE_B_CHANNEL.cmd_b_queue/inst/fifo_gen_inst/inst_fifo_gen/gconvfifo.rf/grf.rf/gntv_or_sync_fifo.gl0.rd/rpntr/gc0.count_d1_reg[2]/CLR
                                                              4.697         
system_wrapper_i/axi_interconnect_0/m00_couplers/auto_pc/inst/gen_axi4_axi3.axi3_conv_inst/USE_WRITE.write_addr_inst/USE_BURSTS.cmd_queue/inst/fifo_gen_inst/inst_fifo_gen/gconvfifo.rf/grf.rf/rstblk/ngwrdrst.grst.g7serrst.gnsckt_wrst.rst_wr_reg2_inst/arststages_ff_reg[1]/C
                               system_wrapper_i/axi_interconnect_0/m00_couplers/auto_pc/inst/gen_axi4_axi3.axi3_conv_inst/USE_WRITE.write_addr_inst/USE_BURSTS.cmd_queue/inst/fifo_gen_inst/inst_fifo_gen/gconvfifo.rf/grf.rf/gntv_or_sync_fifo.gl0.rd/gr1.gr1_int.rfwft/aempty_fwft_fb_i_reg/PRE
                                                              4.714         
system_wrapper_i/axi_interconnect_0/m00_couplers/auto_pc/inst/gen_axi4_axi3.axi3_conv_inst/USE_WRITE.write_addr_inst/USE_BURSTS.cmd_queue/inst/fifo_gen_inst/inst_fifo_gen/gconvfifo.rf/grf.rf/rstblk/ngwrdrst.grst.g7serrst.gnsckt_wrst.rst_wr_reg2_inst/arststages_ff_reg[1]/C
                               system_wrapper_i/axi_interconnect_0/m00_couplers/auto_pc/inst/gen_axi4_axi3.axi3_conv_inst/USE_WRITE.write_addr_inst/USE_BURSTS.cmd_queue/inst/fifo_gen_inst/inst_fifo_gen/gconvfifo.rf/grf.rf/gntv_or_sync_fifo.gl0.rd/gr1.gr1_int.rfwft/gpregsm1.curr_fwft_state_reg[1]/CLR
                                                              4.714         
system_wrapper_i/axi_interconnect_2/m00_couplers/auto_pc/inst/gen_axi4_axi3.axi3_conv_inst/USE_WRITE.write_addr_inst/USE_BURSTS.cmd_queue/inst/fifo_gen_inst/inst_fifo_gen/gconvfifo.rf/grf.rf/rstblk/ngwrdrst.grst.g7serrst.gnsckt_wrst.gcc_rst.sckt_wr_rst_cc_reg[1]/C
                               system_wrapper_i/axi_interconnect_2/m00_couplers/auto_pc/inst/gen_axi4_axi3.axi3_conv_inst/USE_WRITE.write_addr_inst/USE_BURSTS.cmd_queue/inst/fifo_gen_inst/inst_fifo_gen/gconvfifo.rf/grf.rf/gntv_or_sync_fifo.gl0.wr/wpntr/gcc0.gc0.count_d1_reg[2]/CLR
                                                              4.719         
system_wrapper_i/axi_interconnect_2/m00_couplers/auto_pc/inst/gen_axi4_axi3.axi3_conv_inst/USE_WRITE.write_addr_inst/USE_BURSTS.cmd_queue/inst/fifo_gen_inst/inst_fifo_gen/gconvfifo.rf/grf.rf/rstblk/ngwrdrst.grst.g7serrst.gnsckt_wrst.gcc_rst.sckt_wr_rst_cc_reg[1]/C
                               system_wrapper_i/axi_interconnect_2/m00_couplers/auto_pc/inst/gen_axi4_axi3.axi3_conv_inst/USE_WRITE.write_addr_inst/USE_BURSTS.cmd_queue/inst/fifo_gen_inst/inst_fifo_gen/gconvfifo.rf/grf.rf/gntv_or_sync_fifo.gl0.wr/wpntr/gcc0.gc0.count_d1_reg[3]/CLR
                                                              4.719         
system_wrapper_i/axi_interconnect_2/m00_couplers/auto_pc/inst/gen_axi4_axi3.axi3_conv_inst/USE_WRITE.write_addr_inst/USE_BURSTS.cmd_queue/inst/fifo_gen_inst/inst_fifo_gen/gconvfifo.rf/grf.rf/rstblk/ngwrdrst.grst.g7serrst.gnsckt_wrst.gcc_rst.sckt_wr_rst_cc_reg[1]/C
                               system_wrapper_i/axi_interconnect_2/m00_couplers/auto_pc/inst/gen_axi4_axi3.axi3_conv_inst/USE_WRITE.write_addr_inst/USE_BURSTS.cmd_queue/inst/fifo_gen_inst/inst_fifo_gen/gconvfifo.rf/grf.rf/gntv_or_sync_fifo.gl0.wr/wpntr/gcc0.gc0.count_d1_reg[4]/CLR
                                                              4.719         
system_wrapper_i/axi_interconnect_2/m00_couplers/auto_pc/inst/gen_axi4_axi3.axi3_conv_inst/USE_WRITE.write_addr_inst/USE_BURSTS.cmd_queue/inst/fifo_gen_inst/inst_fifo_gen/gconvfifo.rf/grf.rf/rstblk/ngwrdrst.grst.g7serrst.gnsckt_wrst.gcc_rst.sckt_wr_rst_cc_reg[1]/C
                               system_wrapper_i/axi_interconnect_2/m00_couplers/auto_pc/inst/gen_axi4_axi3.axi3_conv_inst/USE_WRITE.write_addr_inst/USE_BURSTS.cmd_queue/inst/fifo_gen_inst/inst_fifo_gen/gconvfifo.rf/grf.rf/gntv_or_sync_fifo.gl0.wr/wpntr/gcc0.gc0.count_reg[1]/CLR
                                                              4.719         
system_wrapper_i/axi_interconnect_2/m00_couplers/auto_pc/inst/gen_axi4_axi3.axi3_conv_inst/USE_WRITE.write_addr_inst/USE_BURSTS.cmd_queue/inst/fifo_gen_inst/inst_fifo_gen/gconvfifo.rf/grf.rf/rstblk/ngwrdrst.grst.g7serrst.gnsckt_wrst.gcc_rst.sckt_wr_rst_cc_reg[1]/C
                               system_wrapper_i/axi_interconnect_2/m00_couplers/auto_pc/inst/gen_axi4_axi3.axi3_conv_inst/USE_WRITE.write_addr_inst/USE_BURSTS.cmd_queue/inst/fifo_gen_inst/inst_fifo_gen/gconvfifo.rf/grf.rf/gntv_or_sync_fifo.gl0.wr/wpntr/gcc0.gc0.count_reg[2]/CLR
                                                              4.719         
system_wrapper_i/axi_interconnect_2/m00_couplers/auto_pc/inst/gen_axi4_axi3.axi3_conv_inst/USE_WRITE.write_addr_inst/USE_BURSTS.cmd_queue/inst/fifo_gen_inst/inst_fifo_gen/gconvfifo.rf/grf.rf/rstblk/ngwrdrst.grst.g7serrst.gnsckt_wrst.gcc_rst.sckt_wr_rst_cc_reg[1]/C
                               system_wrapper_i/axi_interconnect_2/m00_couplers/auto_pc/inst/gen_axi4_axi3.axi3_conv_inst/USE_WRITE.write_addr_inst/USE_BURSTS.cmd_queue/inst/fifo_gen_inst/inst_fifo_gen/gconvfifo.rf/grf.rf/gntv_or_sync_fifo.gl0.wr/wpntr/gcc0.gc0.count_reg[3]/CLR
                                                              4.719         
system_wrapper_i/axi_interconnect_2/m00_couplers/auto_pc/inst/gen_axi4_axi3.axi3_conv_inst/USE_WRITE.write_addr_inst/USE_BURSTS.cmd_queue/inst/fifo_gen_inst/inst_fifo_gen/gconvfifo.rf/grf.rf/rstblk/ngwrdrst.grst.g7serrst.gnsckt_wrst.gcc_rst.sckt_wr_rst_cc_reg[1]/C
                               system_wrapper_i/axi_interconnect_2/m00_couplers/auto_pc/inst/gen_axi4_axi3.axi3_conv_inst/USE_WRITE.write_addr_inst/USE_BURSTS.cmd_queue/inst/fifo_gen_inst/inst_fifo_gen/gconvfifo.rf/grf.rf/gntv_or_sync_fifo.gl0.wr/wpntr/gcc0.gc0.count_reg[4]/CLR
                                                              4.719         
system_wrapper_i/axi_interconnect_0/m00_couplers/auto_pc/inst/gen_axi4_axi3.axi3_conv_inst/USE_WRITE.write_addr_inst/USE_BURSTS.cmd_queue/inst/fifo_gen_inst/inst_fifo_gen/gconvfifo.rf/grf.rf/rstblk/ngwrdrst.grst.g7serrst.gnsckt_wrst.rst_wr_reg2_inst/arststages_ff_reg[1]/C
                               system_wrapper_i/axi_interconnect_0/m00_couplers/auto_pc/inst/gen_axi4_axi3.axi3_conv_inst/USE_WRITE.write_addr_inst/USE_BURSTS.cmd_queue/inst/fifo_gen_inst/inst_fifo_gen/gconvfifo.rf/grf.rf/gntv_or_sync_fifo.gl0.wr/wpntr/gcc0.gc0.count_reg[0]/PRE
                                                              4.725         
system_wrapper_i/axi_interconnect_2/m00_couplers/auto_pc/inst/gen_axi4_axi3.axi3_conv_inst/USE_WRITE.write_addr_inst/USE_B_CHANNEL.cmd_b_queue/inst/fifo_gen_inst/inst_fifo_gen/gconvfifo.rf/grf.rf/rstblk/ngwrdrst.grst.g7serrst.gnsckt_wrst.rst_wr_reg2_inst/arststages_ff_reg[1]/C
                               system_wrapper_i/axi_interconnect_2/m00_couplers/auto_pc/inst/gen_axi4_axi3.axi3_conv_inst/USE_WRITE.write_addr_inst/USE_B_CHANNEL.cmd_b_queue/inst/fifo_gen_inst/inst_fifo_gen/gconvfifo.rf/grf.rf/gntv_or_sync_fifo.gl0.wr/wpntr/gcc0.gc0.count_d1_reg[2]/CLR
                                                              4.762         
system_wrapper_i/axi_interconnect_2/m00_couplers/auto_pc/inst/gen_axi4_axi3.axi3_conv_inst/USE_WRITE.write_addr_inst/USE_B_CHANNEL.cmd_b_queue/inst/fifo_gen_inst/inst_fifo_gen/gconvfifo.rf/grf.rf/rstblk/ngwrdrst.grst.g7serrst.gnsckt_wrst.rst_wr_reg2_inst/arststages_ff_reg[1]/C
                               system_wrapper_i/axi_interconnect_2/m00_couplers/auto_pc/inst/gen_axi4_axi3.axi3_conv_inst/USE_WRITE.write_addr_inst/USE_B_CHANNEL.cmd_b_queue/inst/fifo_gen_inst/inst_fifo_gen/gconvfifo.rf/grf.rf/gntv_or_sync_fifo.gl0.wr/wpntr/gcc0.gc0.count_d1_reg[3]/CLR
                                                              4.762         
system_wrapper_i/axi_interconnect_2/m00_couplers/auto_pc/inst/gen_axi4_axi3.axi3_conv_inst/USE_WRITE.write_addr_inst/USE_B_CHANNEL.cmd_b_queue/inst/fifo_gen_inst/inst_fifo_gen/gconvfifo.rf/grf.rf/rstblk/ngwrdrst.grst.g7serrst.gnsckt_wrst.rst_wr_reg2_inst/arststages_ff_reg[1]/C
                               system_wrapper_i/axi_interconnect_2/m00_couplers/auto_pc/inst/gen_axi4_axi3.axi3_conv_inst/USE_WRITE.write_addr_inst/USE_B_CHANNEL.cmd_b_queue/inst/fifo_gen_inst/inst_fifo_gen/gconvfifo.rf/grf.rf/gntv_or_sync_fifo.gl0.wr/wpntr/gcc0.gc0.count_d1_reg[4]/CLR
                                                              4.762         
system_wrapper_i/axi_interconnect_2/m00_couplers/auto_pc/inst/gen_axi4_axi3.axi3_conv_inst/USE_WRITE.write_addr_inst/USE_B_CHANNEL.cmd_b_queue/inst/fifo_gen_inst/inst_fifo_gen/gconvfifo.rf/grf.rf/rstblk/ngwrdrst.grst.g7serrst.gnsckt_wrst.rst_wr_reg2_inst/arststages_ff_reg[1]/C
                               system_wrapper_i/axi_interconnect_2/m00_couplers/auto_pc/inst/gen_axi4_axi3.axi3_conv_inst/USE_WRITE.write_addr_inst/USE_B_CHANNEL.cmd_b_queue/inst/fifo_gen_inst/inst_fifo_gen/gconvfifo.rf/grf.rf/gntv_or_sync_fifo.gl0.wr/wpntr/gcc0.gc0.count_reg[3]/CLR
                                                              4.762         
system_wrapper_i/axi_interconnect_2/m00_couplers/auto_pc/inst/gen_axi4_axi3.axi3_conv_inst/USE_WRITE.write_addr_inst/USE_B_CHANNEL.cmd_b_queue/inst/fifo_gen_inst/inst_fifo_gen/gconvfifo.rf/grf.rf/rstblk/ngwrdrst.grst.g7serrst.gnsckt_wrst.rst_wr_reg2_inst/arststages_ff_reg[1]/C
                               system_wrapper_i/axi_interconnect_2/m00_couplers/auto_pc/inst/gen_axi4_axi3.axi3_conv_inst/USE_WRITE.write_addr_inst/USE_B_CHANNEL.cmd_b_queue/inst/fifo_gen_inst/inst_fifo_gen/gconvfifo.rf/grf.rf/gntv_or_sync_fifo.gl0.wr/wpntr/gcc0.gc0.count_reg[4]/CLR
                                                              4.762         
system_wrapper_i/axi_interconnect_0/m00_couplers/auto_pc/inst/gen_axi4_axi3.axi3_conv_inst/USE_WRITE.write_addr_inst/USE_BURSTS.cmd_queue/inst/fifo_gen_inst/inst_fifo_gen/gconvfifo.rf/grf.rf/rstblk/ngwrdrst.grst.g7serrst.gnsckt_wrst.rst_wr_reg2_inst/arststages_ff_reg[1]/C
                               system_wrapper_i/axi_interconnect_0/m00_couplers/auto_pc/inst/gen_axi4_axi3.axi3_conv_inst/USE_WRITE.write_addr_inst/USE_BURSTS.cmd_queue/inst/fifo_gen_inst/inst_fifo_gen/gconvfifo.rf/grf.rf/gntv_or_sync_fifo.gl0.rd/gr1.gr1_int.rfwft/gpregsm1.curr_fwft_state_reg[0]/CLR
                                                              4.818         
system_wrapper_i/axi_interconnect_0/m00_couplers/auto_pc/inst/gen_axi4_axi3.axi3_conv_inst/USE_WRITE.write_addr_inst/USE_BURSTS.cmd_queue/inst/fifo_gen_inst/inst_fifo_gen/gconvfifo.rf/grf.rf/rstblk/ngwrdrst.grst.g7serrst.gnsckt_wrst.rst_wr_reg2_inst/arststages_ff_reg[1]/C
                               system_wrapper_i/axi_interconnect_0/m00_couplers/auto_pc/inst/gen_axi4_axi3.axi3_conv_inst/USE_WRITE.write_addr_inst/USE_BURSTS.cmd_queue/inst/fifo_gen_inst/inst_fifo_gen/gconvfifo.rf/grf.rf/gntv_or_sync_fifo.gl0.rd/gr1.gr1_int.rfwft/gpregsm1.user_valid_reg/CLR
                                                              4.818         
system_wrapper_i/axi_interconnect_0/m00_couplers/auto_pc/inst/gen_axi4_axi3.axi3_conv_inst/USE_WRITE.write_addr_inst/USE_BURSTS.cmd_queue/inst/fifo_gen_inst/inst_fifo_gen/gconvfifo.rf/grf.rf/rstblk/ngwrdrst.grst.g7serrst.gnsckt_wrst.rst_wr_reg2_inst/arststages_ff_reg[1]/C
                               system_wrapper_i/axi_interconnect_0/m00_couplers/auto_pc/inst/gen_axi4_axi3.axi3_conv_inst/USE_WRITE.write_addr_inst/USE_BURSTS.cmd_queue/inst/fifo_gen_inst/inst_fifo_gen/gconvfifo.rf/grf.rf/gntv_or_sync_fifo.gl0.wr/wpntr/gcc0.gc0.count_d1_reg[2]/CLR
                                                              4.819         
system_wrapper_i/axi_interconnect_0/m00_couplers/auto_pc/inst/gen_axi4_axi3.axi3_conv_inst/USE_WRITE.write_addr_inst/USE_BURSTS.cmd_queue/inst/fifo_gen_inst/inst_fifo_gen/gconvfifo.rf/grf.rf/rstblk/ngwrdrst.grst.g7serrst.gnsckt_wrst.rst_wr_reg2_inst/arststages_ff_reg[1]/C
                               system_wrapper_i/axi_interconnect_0/m00_couplers/auto_pc/inst/gen_axi4_axi3.axi3_conv_inst/USE_WRITE.write_addr_inst/USE_BURSTS.cmd_queue/inst/fifo_gen_inst/inst_fifo_gen/gconvfifo.rf/grf.rf/gntv_or_sync_fifo.gl0.wr/wpntr/gcc0.gc0.count_d1_reg[3]/CLR
                                                              4.819         
system_wrapper_i/axi_interconnect_0/m00_couplers/auto_pc/inst/gen_axi4_axi3.axi3_conv_inst/USE_WRITE.write_addr_inst/USE_BURSTS.cmd_queue/inst/fifo_gen_inst/inst_fifo_gen/gconvfifo.rf/grf.rf/rstblk/ngwrdrst.grst.g7serrst.gnsckt_wrst.rst_wr_reg2_inst/arststages_ff_reg[1]/C
                               system_wrapper_i/axi_interconnect_0/m00_couplers/auto_pc/inst/gen_axi4_axi3.axi3_conv_inst/USE_WRITE.write_addr_inst/USE_BURSTS.cmd_queue/inst/fifo_gen_inst/inst_fifo_gen/gconvfifo.rf/grf.rf/gntv_or_sync_fifo.gl0.wr/wpntr/gcc0.gc0.count_d1_reg[4]/CLR
                                                              4.819         
system_wrapper_i/axi_interconnect_0/m00_couplers/auto_pc/inst/gen_axi4_axi3.axi3_conv_inst/USE_WRITE.write_addr_inst/USE_BURSTS.cmd_queue/inst/fifo_gen_inst/inst_fifo_gen/gconvfifo.rf/grf.rf/rstblk/ngwrdrst.grst.g7serrst.gnsckt_wrst.rst_wr_reg2_inst/arststages_ff_reg[1]/C
                               system_wrapper_i/axi_interconnect_0/m00_couplers/auto_pc/inst/gen_axi4_axi3.axi3_conv_inst/USE_WRITE.write_addr_inst/USE_BURSTS.cmd_queue/inst/fifo_gen_inst/inst_fifo_gen/gconvfifo.rf/grf.rf/gntv_or_sync_fifo.gl0.wr/wpntr/gcc0.gc0.count_reg[3]/CLR
                                                              4.819         
system_wrapper_i/axi_interconnect_0/m00_couplers/auto_pc/inst/gen_axi4_axi3.axi3_conv_inst/USE_WRITE.write_addr_inst/USE_BURSTS.cmd_queue/inst/fifo_gen_inst/inst_fifo_gen/gconvfifo.rf/grf.rf/rstblk/ngwrdrst.grst.g7serrst.gnsckt_wrst.rst_wr_reg2_inst/arststages_ff_reg[1]/C
                               system_wrapper_i/axi_interconnect_0/m00_couplers/auto_pc/inst/gen_axi4_axi3.axi3_conv_inst/USE_WRITE.write_addr_inst/USE_BURSTS.cmd_queue/inst/fifo_gen_inst/inst_fifo_gen/gconvfifo.rf/grf.rf/gntv_or_sync_fifo.gl0.wr/wpntr/gcc0.gc0.count_reg[4]/CLR
                                                              4.819         
system_wrapper_i/axi_interconnect_2/m00_couplers/auto_pc/inst/gen_axi4_axi3.axi3_conv_inst/USE_READ.USE_SPLIT_R.read_addr_inst/USE_R_CHANNEL.cmd_queue/inst/fifo_gen_inst/inst_fifo_gen/gconvfifo.rf/grf.rf/rstblk/ngwrdrst.grst.g7serrst.gnsckt_wrst.gcc_rst.sckt_wr_rst_cc_reg[0]/C
                               system_wrapper_i/axi_interconnect_2/m00_couplers/auto_pc/inst/gen_axi4_axi3.axi3_conv_inst/USE_READ.USE_SPLIT_R.read_addr_inst/USE_R_CHANNEL.cmd_queue/inst/fifo_gen_inst/inst_fifo_gen/gconvfifo.rf/grf.rf/gntv_or_sync_fifo.gl0.rd/gr1.gr1_int.rfwft/gpregsm1.curr_fwft_state_reg[1]/CLR
                                                              4.821         
system_wrapper_i/axi_interconnect_0/m00_couplers/auto_pc/inst/gen_axi4_axi3.axi3_conv_inst/USE_WRITE.write_addr_inst/USE_BURSTS.cmd_queue/inst/fifo_gen_inst/inst_fifo_gen/gconvfifo.rf/grf.rf/rstblk/ngwrdrst.grst.g7serrst.gnsckt_wrst.rst_wr_reg2_inst/arststages_ff_reg[1]/C
                               system_wrapper_i/axi_interconnect_0/m00_couplers/auto_pc/inst/gen_axi4_axi3.axi3_conv_inst/USE_WRITE.write_addr_inst/USE_BURSTS.cmd_queue/inst/fifo_gen_inst/inst_fifo_gen/gconvfifo.rf/grf.rf/gntv_or_sync_fifo.gl0.rd/gr1.gr1_int.rfwft/empty_fwft_fb_o_i_reg/PRE
                                                              4.864         
system_wrapper_i/axi_interconnect_2/m00_couplers/auto_pc/inst/gen_axi4_axi3.axi3_conv_inst/USE_READ.USE_SPLIT_R.read_addr_inst/USE_R_CHANNEL.cmd_queue/inst/fifo_gen_inst/inst_fifo_gen/gconvfifo.rf/grf.rf/rstblk/ngwrdrst.grst.g7serrst.gnsckt_wrst.gcc_rst.sckt_wr_rst_cc_reg[0]/C
                               system_wrapper_i/axi_interconnect_2/m00_couplers/auto_pc/inst/gen_axi4_axi3.axi3_conv_inst/USE_READ.USE_SPLIT_R.read_addr_inst/USE_R_CHANNEL.cmd_queue/inst/fifo_gen_inst/inst_fifo_gen/gconvfifo.rf/grf.rf/gntv_or_sync_fifo.gl0.rd/gr1.gr1_int.rfwft/empty_fwft_fb_i_reg/PRE
                                                              4.867         
system_wrapper_i/axi_interconnect_2/m00_couplers/auto_pc/inst/gen_axi4_axi3.axi3_conv_inst/USE_READ.USE_SPLIT_R.read_addr_inst/USE_R_CHANNEL.cmd_queue/inst/fifo_gen_inst/inst_fifo_gen/gconvfifo.rf/grf.rf/rstblk/ngwrdrst.grst.g7serrst.gnsckt_wrst.gcc_rst.sckt_wr_rst_cc_reg[0]/C
                               system_wrapper_i/axi_interconnect_2/m00_couplers/auto_pc/inst/gen_axi4_axi3.axi3_conv_inst/USE_READ.USE_SPLIT_R.read_addr_inst/USE_R_CHANNEL.cmd_queue/inst/fifo_gen_inst/inst_fifo_gen/gconvfifo.rf/grf.rf/gntv_or_sync_fifo.gl0.rd/gr1.gr1_int.rfwft/empty_fwft_i_reg/PRE
                                                              4.867         
system_wrapper_i/axi_interconnect_2/m00_couplers/auto_pc/inst/gen_axi4_axi3.axi3_conv_inst/USE_WRITE.write_addr_inst/USE_BURSTS.cmd_queue/inst/fifo_gen_inst/inst_fifo_gen/gconvfifo.rf/grf.rf/rstblk/ngwrdrst.grst.g7serrst.gnsckt_wrst.gcc_rst.sckt_wr_rst_cc_reg[1]/C
                               system_wrapper_i/axi_interconnect_2/m00_couplers/auto_pc/inst/gen_axi4_axi3.axi3_conv_inst/USE_WRITE.write_addr_inst/USE_BURSTS.cmd_queue/inst/fifo_gen_inst/inst_fifo_gen/gconvfifo.rf/grf.rf/gntv_or_sync_fifo.gl0.wr/wpntr/gcc0.gc0.count_d1_reg[1]/CLR
                                                              4.869         
system_wrapper_i/axi_interconnect_0/m00_couplers/auto_pc/inst/gen_axi4_axi3.axi3_conv_inst/USE_WRITE.write_addr_inst/USE_BURSTS.cmd_queue/inst/fifo_gen_inst/inst_fifo_gen/gconvfifo.rf/grf.rf/rstblk/ngwrdrst.grst.g7serrst.gnsckt_wrst.rst_wr_reg2_inst/arststages_ff_reg[1]/C
                               system_wrapper_i/axi_interconnect_0/m00_couplers/auto_pc/inst/gen_axi4_axi3.axi3_conv_inst/USE_WRITE.write_addr_inst/USE_BURSTS.cmd_queue/inst/fifo_gen_inst/inst_fifo_gen/gconvfifo.rf/grf.rf/gntv_or_sync_fifo.gl0.rd/rpntr/gc0.count_reg[1]/CLR
                                                              4.871         
system_wrapper_i/axi_interconnect_0/m00_couplers/auto_pc/inst/gen_axi4_axi3.axi3_conv_inst/USE_WRITE.write_addr_inst/USE_BURSTS.cmd_queue/inst/fifo_gen_inst/inst_fifo_gen/gconvfifo.rf/grf.rf/rstblk/ngwrdrst.grst.g7serrst.gnsckt_wrst.rst_wr_reg2_inst/arststages_ff_reg[1]/C
                               system_wrapper_i/axi_interconnect_0/m00_couplers/auto_pc/inst/gen_axi4_axi3.axi3_conv_inst/USE_WRITE.write_addr_inst/USE_BURSTS.cmd_queue/inst/fifo_gen_inst/inst_fifo_gen/gconvfifo.rf/grf.rf/gntv_or_sync_fifo.gl0.rd/rpntr/gc0.count_reg[2]/CLR
                                                              4.871         
system_wrapper_i/axi_interconnect_0/m00_couplers/auto_pc/inst/gen_axi4_axi3.axi3_conv_inst/USE_WRITE.write_addr_inst/USE_BURSTS.cmd_queue/inst/fifo_gen_inst/inst_fifo_gen/gconvfifo.rf/grf.rf/rstblk/ngwrdrst.grst.g7serrst.gnsckt_wrst.rst_wr_reg2_inst/arststages_ff_reg[1]/C
                               system_wrapper_i/axi_interconnect_0/m00_couplers/auto_pc/inst/gen_axi4_axi3.axi3_conv_inst/USE_WRITE.write_addr_inst/USE_BURSTS.cmd_queue/inst/fifo_gen_inst/inst_fifo_gen/gconvfifo.rf/grf.rf/gntv_or_sync_fifo.gl0.rd/rpntr/gc0.count_reg[3]/CLR
                                                              4.871         
system_wrapper_i/axi_interconnect_0/m00_couplers/auto_pc/inst/gen_axi4_axi3.axi3_conv_inst/USE_WRITE.write_addr_inst/USE_BURSTS.cmd_queue/inst/fifo_gen_inst/inst_fifo_gen/gconvfifo.rf/grf.rf/rstblk/ngwrdrst.grst.g7serrst.gnsckt_wrst.rst_wr_reg2_inst/arststages_ff_reg[1]/C
                               system_wrapper_i/axi_interconnect_0/m00_couplers/auto_pc/inst/gen_axi4_axi3.axi3_conv_inst/USE_WRITE.write_addr_inst/USE_BURSTS.cmd_queue/inst/fifo_gen_inst/inst_fifo_gen/gconvfifo.rf/grf.rf/gntv_or_sync_fifo.gl0.rd/rpntr/gc0.count_reg[4]/CLR
                                                              4.871         
system_wrapper_i/axi_interconnect_2/m00_couplers/auto_pc/inst/gen_axi4_axi3.axi3_conv_inst/USE_READ.USE_SPLIT_R.read_addr_inst/USE_R_CHANNEL.cmd_queue/inst/fifo_gen_inst/inst_fifo_gen/gconvfifo.rf/grf.rf/rstblk/ngwrdrst.grst.g7serrst.gnsckt_wrst.gcc_rst.sckt_wr_rst_cc_reg[0]/C
                               system_wrapper_i/axi_interconnect_2/m00_couplers/auto_pc/inst/gen_axi4_axi3.axi3_conv_inst/USE_READ.USE_SPLIT_R.read_addr_inst/USE_R_CHANNEL.cmd_queue/inst/fifo_gen_inst/inst_fifo_gen/gconvfifo.rf/grf.rf/gntv_or_sync_fifo.gl0.rd/gr1.gr1_int.rfwft/aempty_fwft_fb_i_reg/PRE
                                                              4.872         
system_wrapper_i/axi_interconnect_2/m00_couplers/auto_pc/inst/gen_axi4_axi3.axi3_conv_inst/USE_READ.USE_SPLIT_R.read_addr_inst/USE_R_CHANNEL.cmd_queue/inst/fifo_gen_inst/inst_fifo_gen/gconvfifo.rf/grf.rf/rstblk/ngwrdrst.grst.g7serrst.gnsckt_wrst.gcc_rst.sckt_wr_rst_cc_reg[0]/C
                               system_wrapper_i/axi_interconnect_2/m00_couplers/auto_pc/inst/gen_axi4_axi3.axi3_conv_inst/USE_READ.USE_SPLIT_R.read_addr_inst/USE_R_CHANNEL.cmd_queue/inst/fifo_gen_inst/inst_fifo_gen/gconvfifo.rf/grf.rf/gntv_or_sync_fifo.gl0.rd/gr1.gr1_int.rfwft/aempty_fwft_i_reg/PRE
                                                              4.872         
system_wrapper_i/axi_interconnect_2/m00_couplers/auto_pc/inst/gen_axi4_axi3.axi3_conv_inst/USE_READ.USE_SPLIT_R.read_addr_inst/USE_R_CHANNEL.cmd_queue/inst/fifo_gen_inst/inst_fifo_gen/gconvfifo.rf/grf.rf/rstblk/ngwrdrst.grst.g7serrst.gnsckt_wrst.gcc_rst.sckt_wr_rst_cc_reg[0]/C
                               system_wrapper_i/axi_interconnect_2/m00_couplers/auto_pc/inst/gen_axi4_axi3.axi3_conv_inst/USE_READ.USE_SPLIT_R.read_addr_inst/USE_R_CHANNEL.cmd_queue/inst/fifo_gen_inst/inst_fifo_gen/gconvfifo.rf/grf.rf/gntv_or_sync_fifo.gl0.rd/grss.rsts/ram_empty_fb_i_reg/PRE
                                                              4.872         
system_wrapper_i/axi_interconnect_2/m00_couplers/auto_pc/inst/gen_axi4_axi3.axi3_conv_inst/USE_READ.USE_SPLIT_R.read_addr_inst/USE_R_CHANNEL.cmd_queue/inst/fifo_gen_inst/inst_fifo_gen/gconvfifo.rf/grf.rf/rstblk/ngwrdrst.grst.g7serrst.gnsckt_wrst.gcc_rst.sckt_wr_rst_cc_reg[0]/C
                               system_wrapper_i/axi_interconnect_2/m00_couplers/auto_pc/inst/gen_axi4_axi3.axi3_conv_inst/USE_READ.USE_SPLIT_R.read_addr_inst/USE_R_CHANNEL.cmd_queue/inst/fifo_gen_inst/inst_fifo_gen/gconvfifo.rf/grf.rf/gntv_or_sync_fifo.gl0.rd/grss.rsts/ram_empty_i_reg/PRE
                                                              4.872         
system_wrapper_i/axi_interconnect_0/m00_couplers/auto_pc/inst/gen_axi4_axi3.axi3_conv_inst/USE_WRITE.write_addr_inst/USE_BURSTS.cmd_queue/inst/fifo_gen_inst/inst_fifo_gen/gconvfifo.rf/grf.rf/rstblk/ngwrdrst.grst.g7serrst.gnsckt_wrst.rst_wr_reg2_inst/arststages_ff_reg[1]/C
                               system_wrapper_i/axi_interconnect_0/m00_couplers/auto_pc/inst/gen_axi4_axi3.axi3_conv_inst/USE_WRITE.write_addr_inst/USE_BURSTS.cmd_queue/inst/fifo_gen_inst/inst_fifo_gen/gconvfifo.rf/grf.rf/gntv_or_sync_fifo.gl0.wr/gwss.wsts/ram_full_fb_i_reg/CLR
                                                              4.875         
system_wrapper_i/axi_interconnect_0/m00_couplers/auto_pc/inst/gen_axi4_axi3.axi3_conv_inst/USE_WRITE.write_addr_inst/USE_BURSTS.cmd_queue/inst/fifo_gen_inst/inst_fifo_gen/gconvfifo.rf/grf.rf/rstblk/ngwrdrst.grst.g7serrst.gnsckt_wrst.rst_wr_reg2_inst/arststages_ff_reg[1]/C
                               system_wrapper_i/axi_interconnect_0/m00_couplers/auto_pc/inst/gen_axi4_axi3.axi3_conv_inst/USE_WRITE.write_addr_inst/USE_BURSTS.cmd_queue/inst/fifo_gen_inst/inst_fifo_gen/gconvfifo.rf/grf.rf/gntv_or_sync_fifo.gl0.rd/grss.rsts/ram_empty_fb_i_reg/PRE
                                                              4.921         
system_wrapper_i/axi_interconnect_0/m00_couplers/auto_pc/inst/gen_axi4_axi3.axi3_conv_inst/USE_WRITE.write_addr_inst/USE_BURSTS.cmd_queue/inst/fifo_gen_inst/inst_fifo_gen/gconvfifo.rf/grf.rf/rstblk/ngwrdrst.grst.g7serrst.gnsckt_wrst.rst_wr_reg2_inst/arststages_ff_reg[1]/C
                               system_wrapper_i/axi_interconnect_0/m00_couplers/auto_pc/inst/gen_axi4_axi3.axi3_conv_inst/USE_WRITE.write_addr_inst/USE_BURSTS.cmd_queue/inst/fifo_gen_inst/inst_fifo_gen/gconvfifo.rf/grf.rf/gntv_or_sync_fifo.gl0.rd/grss.rsts/ram_empty_i_reg/PRE
                                                              4.921         
system_wrapper_i/axi_interconnect_2/m00_couplers/auto_pc/inst/gen_axi4_axi3.axi3_conv_inst/USE_WRITE.write_addr_inst/USE_BURSTS.cmd_queue/inst/fifo_gen_inst/inst_fifo_gen/gconvfifo.rf/grf.rf/rstblk/ngwrdrst.grst.g7serrst.gnsckt_wrst.gcc_rst.sckt_wr_rst_cc_reg[1]/C
                               system_wrapper_i/axi_interconnect_2/m00_couplers/auto_pc/inst/gen_axi4_axi3.axi3_conv_inst/USE_WRITE.write_addr_inst/USE_BURSTS.cmd_queue/inst/fifo_gen_inst/inst_fifo_gen/gconvfifo.rf/grf.rf/gntv_or_sync_fifo.gl0.wr/wpntr/gcc0.gc0.count_d1_reg[0]/CLR
                                                              5.018         
system_wrapper_i/axi_interconnect_2/m00_couplers/auto_pc/inst/gen_axi4_axi3.axi3_conv_inst/USE_WRITE.write_addr_inst/USE_BURSTS.cmd_queue/inst/fifo_gen_inst/inst_fifo_gen/gconvfifo.rf/grf.rf/rstblk/ngwrdrst.grst.g7serrst.gnsckt_wrst.gcc_rst.sckt_wr_rst_cc_reg[1]/C
                               system_wrapper_i/axi_interconnect_2/m00_couplers/auto_pc/inst/gen_axi4_axi3.axi3_conv_inst/USE_WRITE.write_addr_inst/USE_BURSTS.cmd_queue/inst/fifo_gen_inst/inst_fifo_gen/gconvfifo.rf/grf.rf/gntv_or_sync_fifo.gl0.wr/wpntr/gcc0.gc0.count_reg[0]/PRE
                                                              5.064         
system_wrapper_i/axi_interconnect_2/m00_couplers/auto_pc/inst/gen_axi4_axi3.axi3_conv_inst/USE_READ.USE_SPLIT_R.read_addr_inst/USE_R_CHANNEL.cmd_queue/inst/fifo_gen_inst/inst_fifo_gen/gconvfifo.rf/grf.rf/rstblk/ngwrdrst.grst.g7serrst.gnsckt_wrst.gcc_rst.sckt_wr_rst_cc_reg[0]/C
                               system_wrapper_i/axi_interconnect_2/m00_couplers/auto_pc/inst/gen_axi4_axi3.axi3_conv_inst/USE_READ.USE_SPLIT_R.read_addr_inst/USE_R_CHANNEL.cmd_queue/inst/fifo_gen_inst/inst_fifo_gen/gconvfifo.rf/grf.rf/gntv_or_sync_fifo.gl0.wr/wpntr/gcc0.gc0.count_d1_reg[0]/CLR
                                                              5.112         
system_wrapper_i/axi_interconnect_2/m00_couplers/auto_pc/inst/gen_axi4_axi3.axi3_conv_inst/USE_READ.USE_SPLIT_R.read_addr_inst/USE_R_CHANNEL.cmd_queue/inst/fifo_gen_inst/inst_fifo_gen/gconvfifo.rf/grf.rf/rstblk/ngwrdrst.grst.g7serrst.gnsckt_wrst.gcc_rst.sckt_wr_rst_cc_reg[0]/C
                               system_wrapper_i/axi_interconnect_2/m00_couplers/auto_pc/inst/gen_axi4_axi3.axi3_conv_inst/USE_READ.USE_SPLIT_R.read_addr_inst/USE_R_CHANNEL.cmd_queue/inst/fifo_gen_inst/inst_fifo_gen/gconvfifo.rf/grf.rf/gntv_or_sync_fifo.gl0.wr/wpntr/gcc0.gc0.count_d1_reg[1]/CLR
                                                              5.129         
system_wrapper_i/axi_interconnect_2/m00_couplers/auto_pc/inst/gen_axi4_axi3.axi3_conv_inst/USE_READ.USE_SPLIT_R.read_addr_inst/USE_R_CHANNEL.cmd_queue/inst/fifo_gen_inst/inst_fifo_gen/gconvfifo.rf/grf.rf/rstblk/ngwrdrst.grst.g7serrst.gnsckt_wrst.gcc_rst.sckt_wr_rst_cc_reg[0]/C
                               system_wrapper_i/axi_interconnect_2/m00_couplers/auto_pc/inst/gen_axi4_axi3.axi3_conv_inst/USE_READ.USE_SPLIT_R.read_addr_inst/USE_R_CHANNEL.cmd_queue/inst/fifo_gen_inst/inst_fifo_gen/gconvfifo.rf/grf.rf/gntv_or_sync_fifo.gl0.wr/wpntr/gcc0.gc0.count_d1_reg[2]/CLR
                                                              5.129         
system_wrapper_i/axi_interconnect_2/m00_couplers/auto_pc/inst/gen_axi4_axi3.axi3_conv_inst/USE_READ.USE_SPLIT_R.read_addr_inst/USE_R_CHANNEL.cmd_queue/inst/fifo_gen_inst/inst_fifo_gen/gconvfifo.rf/grf.rf/rstblk/ngwrdrst.grst.g7serrst.gnsckt_wrst.gcc_rst.sckt_wr_rst_cc_reg[0]/C
                               system_wrapper_i/axi_interconnect_2/m00_couplers/auto_pc/inst/gen_axi4_axi3.axi3_conv_inst/USE_READ.USE_SPLIT_R.read_addr_inst/USE_R_CHANNEL.cmd_queue/inst/fifo_gen_inst/inst_fifo_gen/gconvfifo.rf/grf.rf/gntv_or_sync_fifo.gl0.wr/wpntr/gcc0.gc0.count_d1_reg[3]/CLR
                                                              5.129         
system_wrapper_i/axi_interconnect_2/m00_couplers/auto_pc/inst/gen_axi4_axi3.axi3_conv_inst/USE_READ.USE_SPLIT_R.read_addr_inst/USE_R_CHANNEL.cmd_queue/inst/fifo_gen_inst/inst_fifo_gen/gconvfifo.rf/grf.rf/rstblk/ngwrdrst.grst.g7serrst.gnsckt_wrst.gcc_rst.sckt_wr_rst_cc_reg[0]/C
                               system_wrapper_i/axi_interconnect_2/m00_couplers/auto_pc/inst/gen_axi4_axi3.axi3_conv_inst/USE_READ.USE_SPLIT_R.read_addr_inst/USE_R_CHANNEL.cmd_queue/inst/fifo_gen_inst/inst_fifo_gen/gconvfifo.rf/grf.rf/gntv_or_sync_fifo.gl0.wr/wpntr/gcc0.gc0.count_d1_reg[4]/CLR
                                                              5.129         
dac_dat_b_o_reg[13]/C          oddr_dac_dat[13]/D1            5.497         
daisy_cnt_reg[0]/C             daisy_slave_reg/D              5.672         
dac_rst_reg/C                  oddr_dac_rst/D1                5.677         
daisy_cnt_reg[0]/C             daisy_cnt_reg[8]/D             5.702         
daisy_cnt_reg[0]/C             daisy_cnt_reg[9]/D             5.746         
daisy_cnt_reg[1]/C             daisy_cnt_reg[6]/D             5.762         
dac_dat_b_o_reg[12]/C          oddr_dac_dat[12]/D1            5.795         
daisy_cnt_reg[2]/C             daisy_cnt_reg[2]/D             5.811         
dac_dat_b_o_reg[0]/C           oddr_dac_dat[0]/D1             5.840         
dac_dat_b_o_reg[1]/C           oddr_dac_dat[1]/D1             5.843         
daisy_cnt_reg[2]/C             daisy_cnt_reg[7]/D             5.845         
dac_dat_b_o_reg[7]/C           oddr_dac_dat[7]/D1             5.914         
dac_dat_b_o_reg[4]/C           oddr_dac_dat[4]/D1             5.916         
dac_dat_b_o_reg[11]/C          oddr_dac_dat[11]/D1            5.918         
dac_dat_b_o_reg[8]/C           oddr_dac_dat[8]/D1             5.942         
dac_dat_b_o_reg[9]/C           oddr_dac_dat[9]/D1             5.942         
dac_dat_b_o_reg[3]/C           oddr_dac_dat[3]/D1             5.984         
dac_dat_b_o_reg[6]/C           oddr_dac_dat[6]/D1             5.994         
dac_dat_b_o_reg[2]/C           oddr_dac_dat[2]/D1             6.011         
dac_dat_b_o_reg[5]/C           oddr_dac_dat[5]/D1             6.026         
dac_dat_b_o_reg[10]/C          oddr_dac_dat[10]/D1            6.057         
daisy_cnt_reg[1]/C             daisy_cnt_reg[1]/D             6.380         
daisy_cnt_reg[0]/C             daisy_cnt_reg[5]/D             6.459         
daisy_cnt_reg[2]/C             daisy_cnt_reg[3]/D             6.516         
daisy_cnt_reg[2]/C             daisy_cnt_reg[4]/D             6.534         
daisy_cnt_reg[0]/C             daisy_cnt_reg[0]/D             6.897         
system_wrapper_i/processing_system7_0/inst/PS7_i/MAXIGP0ACLK
                               system_wrapper_i/axi_reg/xbar/inst/gen_samd.crossbar_samd/addr_arbiter_aw/gen_no_arbiter.m_target_hot_i_reg[0]/CE
                                                              7.555         
system_wrapper_i/processing_system7_0/inst/PS7_i/MAXIGP0ACLK
                               system_wrapper_i/axi_reg/xbar/inst/gen_samd.crossbar_samd/addr_arbiter_aw/gen_no_arbiter.m_target_hot_i_reg[1]/CE
                                                              7.555         
system_wrapper_i/processing_system7_0/inst/PS7_i/MAXIGP0ACLK
                               system_wrapper_i/axi_reg/xbar/inst/gen_samd.crossbar_samd/addr_arbiter_aw/gen_no_arbiter.m_target_hot_i_reg[2]/CE
                                                              7.555         
system_wrapper_i/processing_system7_0/inst/PS7_i/MAXIGP0ACLK
                               system_wrapper_i/axi_reg/xbar/inst/gen_samd.crossbar_samd/addr_arbiter_aw/gen_no_arbiter.m_target_hot_i_reg[3]/CE
                                                              7.555         
system_wrapper_i/rp_oscilloscope/inst/U_scope_cfg/axi_slave/rd_araddr_reg[8]/C
                               system_wrapper_i/rp_oscilloscope/inst/U_scope_cfg/axi_slave/ack_cnt_reg[1]/R
                                                              8.424         
system_wrapper_i/rp_oscilloscope/inst/U_scope_cfg/axi_slave/rd_araddr_reg[8]/C
                               system_wrapper_i/rp_oscilloscope/inst/U_scope_cfg/axi_slave/ack_cnt_reg[2]/R
                                                              8.424         
system_wrapper_i/rp_oscilloscope/inst/U_scope_cfg/axi_slave/rd_araddr_reg[8]/C
                               system_wrapper_i/rp_oscilloscope/inst/U_scope_cfg/axi_slave/ack_cnt_reg[3]/R
                                                              8.424         
system_wrapper_i/rp_oscilloscope/inst/U_scope_cfg/axi_slave/rd_araddr_reg[8]/C
                               system_wrapper_i/rp_oscilloscope/inst/U_scope_cfg/axi_slave/ack_cnt_reg[4]/R
                                                              8.424         
system_wrapper_i/rp_oscilloscope/inst/U_scope_cfg/axi_slave/rd_araddr_reg[8]/C
                               system_wrapper_i/rp_oscilloscope/inst/U_scope_cfg/axi_slave/ack_cnt_reg[5]/R
                                                              8.424         
system_wrapper_i/processing_system7_0/inst/PS7_i/MAXIGP0ACLK
                               system_wrapper_i/axi_reg/xbar/inst/gen_samd.crossbar_samd/addr_arbiter_ar/gen_no_arbiter.m_target_hot_i_reg[0]/CE
                                                              8.447         
system_wrapper_i/processing_system7_0/inst/PS7_i/MAXIGP0ACLK
                               system_wrapper_i/axi_reg/xbar/inst/gen_samd.crossbar_samd/addr_arbiter_ar/gen_no_arbiter.m_target_hot_i_reg[1]/CE
                                                              8.447         
system_wrapper_i/processing_system7_0/inst/PS7_i/MAXIGP0ACLK
                               system_wrapper_i/axi_reg/xbar/inst/gen_samd.crossbar_samd/addr_arbiter_ar/gen_no_arbiter.m_target_hot_i_reg[2]/CE
                                                              8.447         
system_wrapper_i/processing_system7_0/inst/PS7_i/MAXIGP0ACLK
                               system_wrapper_i/axi_reg/xbar/inst/gen_samd.crossbar_samd/addr_arbiter_ar/gen_no_arbiter.m_target_hot_i_reg[3]/CE
                                                              8.447         
system_wrapper_i/processing_system7_0/inst/PS7_i/MAXIGP0ACLK
                               system_wrapper_i/axi_reg/xbar/inst/gen_samd.crossbar_samd/addr_arbiter_aw/gen_no_arbiter.m_valid_i_reg/D
                                                              8.568         
system_wrapper_i/processing_system7_0/inst/PS7_i/MAXIGP0ACLK
                               system_wrapper_i/axi_reg/xbar/inst/gen_samd.crossbar_samd/gen_slave_slots[0].gen_si_write.si_transactor_aw/gen_multi_thread.active_cnt_reg[0]/CE
                                                              8.896         
system_wrapper_i/processing_system7_0/inst/PS7_i/MAXIGP0ACLK
                               system_wrapper_i/axi_reg/xbar/inst/gen_samd.crossbar_samd/gen_slave_slots[0].gen_si_write.si_transactor_aw/gen_multi_thread.active_cnt_reg[1]/CE
                                                              8.896         
system_wrapper_i/processing_system7_0/inst/PS7_i/MAXIGP0ACLK
                               system_wrapper_i/axi_reg/xbar/inst/gen_samd.crossbar_samd/gen_slave_slots[0].gen_si_write.si_transactor_aw/gen_multi_thread.active_cnt_reg[2]/CE
                                                              8.896         
system_wrapper_i/processing_system7_0/inst/PS7_i/MAXIGP0ACLK
                               system_wrapper_i/axi_reg/xbar/inst/gen_samd.crossbar_samd/gen_slave_slots[0].gen_si_write.si_transactor_aw/gen_multi_thread.active_cnt_reg[3]/CE
                                                              8.896         
system_wrapper_i/processing_system7_0/inst/PS7_i/MAXIGP0ACLK
                               system_wrapper_i/axi_reg/xbar/inst/gen_samd.crossbar_samd/gen_slave_slots[0].gen_si_write.si_transactor_aw/gen_multi_thread.active_cnt_reg[56]/CE
                                                              8.953         
system_wrapper_i/processing_system7_0/inst/PS7_i/MAXIGP0ACLK
                               system_wrapper_i/axi_reg/xbar/inst/gen_samd.crossbar_samd/gen_slave_slots[0].gen_si_write.si_transactor_aw/gen_multi_thread.active_cnt_reg[57]/CE
                                                              8.953         
system_wrapper_i/processing_system7_0/inst/PS7_i/MAXIGP0ACLK
                               system_wrapper_i/axi_reg/xbar/inst/gen_samd.crossbar_samd/gen_slave_slots[0].gen_si_write.si_transactor_aw/gen_multi_thread.active_cnt_reg[58]/CE
                                                              8.953         
system_wrapper_i/processing_system7_0/inst/PS7_i/MAXIGP0ACLK
                               system_wrapper_i/axi_reg/xbar/inst/gen_samd.crossbar_samd/gen_slave_slots[0].gen_si_write.si_transactor_aw/gen_multi_thread.active_cnt_reg[59]/CE
                                                              8.953         
system_wrapper_i/processing_system7_0/inst/PS7_i/MAXIGP0ACLK
                               system_wrapper_i/axi_reg/xbar/inst/gen_samd.crossbar_samd/gen_slave_slots[0].gen_si_write.si_transactor_aw/gen_multi_thread.active_cnt_reg[40]/CE
                                                              8.963         
system_wrapper_i/processing_system7_0/inst/PS7_i/MAXIGP0ACLK
                               system_wrapper_i/axi_reg/xbar/inst/gen_samd.crossbar_samd/gen_slave_slots[0].gen_si_write.si_transactor_aw/gen_multi_thread.active_cnt_reg[41]/CE
                                                              8.963         
system_wrapper_i/processing_system7_0/inst/PS7_i/MAXIGP0ACLK
                               system_wrapper_i/axi_reg/xbar/inst/gen_samd.crossbar_samd/gen_slave_slots[0].gen_si_write.si_transactor_aw/gen_multi_thread.active_cnt_reg[42]/CE
                                                              8.963         
system_wrapper_i/processing_system7_0/inst/PS7_i/MAXIGP0ACLK
                               system_wrapper_i/axi_reg/xbar/inst/gen_samd.crossbar_samd/gen_slave_slots[0].gen_si_write.si_transactor_aw/gen_multi_thread.active_cnt_reg[43]/CE
                                                              8.963         
system_wrapper_i/processing_system7_0/inst/PS7_i/MAXIGP0ACLK
                               system_wrapper_i/axi_reg/xbar/inst/gen_samd.crossbar_samd/gen_slave_slots[0].gen_si_write.si_transactor_aw/gen_multi_thread.active_cnt_reg[33]/CE
                                                              9.083         
system_wrapper_i/processing_system7_0/inst/PS7_i/MAXIGP0ACLK
                               system_wrapper_i/axi_reg/xbar/inst/gen_samd.crossbar_samd/gen_slave_slots[0].gen_si_write.si_transactor_aw/gen_multi_thread.active_cnt_reg[34]/CE
                                                              9.083         
system_wrapper_i/processing_system7_0/inst/PS7_i/MAXIGP0ACLK
                               system_wrapper_i/axi_reg/xbar/inst/gen_samd.crossbar_samd/gen_slave_slots[0].gen_si_write.si_transactor_aw/gen_multi_thread.active_cnt_reg[35]/CE
                                                              9.083         
system_wrapper_i/processing_system7_0/inst/PS7_i/MAXIGP0ACLK
                               system_wrapper_i/axi_reg/xbar/inst/gen_samd.crossbar_samd/gen_slave_slots[0].gen_si_write.si_transactor_aw/gen_multi_thread.active_cnt_reg[32]/CE
                                                              9.110         
system_wrapper_i/processing_system7_0/inst/PS7_i/MAXIGP0ACLK
                               system_wrapper_i/axi_reg/xbar/inst/gen_samd.crossbar_samd/gen_slave_slots[0].gen_si_write.si_transactor_aw/gen_multi_thread.active_cnt_reg[24]/CE
                                                              9.114         
system_wrapper_i/processing_system7_0/inst/PS7_i/MAXIGP0ACLK
                               system_wrapper_i/axi_reg/xbar/inst/gen_samd.crossbar_samd/gen_slave_slots[0].gen_si_write.si_transactor_aw/gen_multi_thread.active_cnt_reg[25]/CE
                                                              9.114         
system_wrapper_i/processing_system7_0/inst/PS7_i/MAXIGP0ACLK
                               system_wrapper_i/axi_reg/xbar/inst/gen_samd.crossbar_samd/gen_slave_slots[0].gen_si_write.si_transactor_aw/gen_multi_thread.active_cnt_reg[26]/CE
                                                              9.114         
system_wrapper_i/processing_system7_0/inst/PS7_i/MAXIGP0ACLK
                               system_wrapper_i/axi_reg/xbar/inst/gen_samd.crossbar_samd/gen_slave_slots[0].gen_si_write.si_transactor_aw/gen_multi_thread.active_cnt_reg[27]/CE
                                                              9.114         
system_wrapper_i/processing_system7_0/inst/PS7_i/MAXIGP0ACLK
                               system_wrapper_i/axi_reg/xbar/inst/gen_samd.crossbar_samd/addr_arbiter_aw/gen_no_arbiter.s_ready_i_reg[0]/D
                                                              9.134         
system_wrapper_i/rp_oscilloscope/inst/U_scope_cfg/axi_slave/rd_do_reg/C
                               system_wrapper_i/rp_oscilloscope/inst/U_scope_cfg/axi_slave/axi\\.RDATA_reg[26]/D
                                                              9.185         
system_wrapper_i/rp_oscilloscope/inst/U_scope_cfg/axi_slave/rd_do_reg/C
                               system_wrapper_i/rp_oscilloscope/inst/U_scope_cfg/axi_slave/axi\\.RDATA_reg[30]/D
                                                              9.192         
system_wrapper_i/rp_oscilloscope/inst/U_scope_cfg/axi_slave/rd_do_reg/C
                               system_wrapper_i/rp_oscilloscope/inst/U_scope_cfg/axi_slave/axi\\.RDATA_reg[28]/D
                                                              9.196         
system_wrapper_i/rp_oscilloscope/inst/U_scope_cfg/axi_slave/rd_do_reg/C
                               system_wrapper_i/rp_oscilloscope/inst/U_scope_cfg/axi_slave/axi\\.RDATA_reg[31]/D
                                                              9.198         
system_wrapper_i/rp_dac/inst/U_dac_cfg/axi_slave/rd_do_reg/C
                               system_wrapper_i/axi_reg/m01_couplers/auto_pc/inst/gen_axilite.gen_b2s_conv.axilite_b2s/WR.aw_channel_0/cmd_translator_0/s_axburst_eq1_reg/CE
                                                              9.216         
system_wrapper_i/processing_system7_0/inst/PS7_i/MAXIGP0ACLK
                               system_wrapper_i/axi_reg/xbar/inst/gen_samd.crossbar_samd/gen_slave_slots[0].gen_si_read.si_transactor_ar/gen_multi_thread.active_cnt_reg[48]/CE
                                                              9.234         
system_wrapper_i/processing_system7_0/inst/PS7_i/MAXIGP0ACLK
                               system_wrapper_i/axi_reg/xbar/inst/gen_samd.crossbar_samd/gen_slave_slots[0].gen_si_read.si_transactor_ar/gen_multi_thread.active_cnt_reg[49]/CE
                                                              9.234         
system_wrapper_i/processing_system7_0/inst/PS7_i/MAXIGP0ACLK
                               system_wrapper_i/axi_reg/xbar/inst/gen_samd.crossbar_samd/gen_slave_slots[0].gen_si_read.si_transactor_ar/gen_multi_thread.active_cnt_reg[50]/CE
                                                              9.234         
system_wrapper_i/processing_system7_0/inst/PS7_i/MAXIGP0ACLK
                               system_wrapper_i/axi_reg/xbar/inst/gen_samd.crossbar_samd/gen_slave_slots[0].gen_si_read.si_transactor_ar/gen_multi_thread.active_cnt_reg[51]/CE
                                                              9.234         
system_wrapper_i/processing_system7_0/inst/PS7_i/MAXIGP0ACLK
                               system_wrapper_i/axi_reg/xbar/inst/gen_samd.crossbar_samd/gen_slave_slots[0].gen_si_write.si_transactor_aw/gen_multi_thread.active_cnt_reg[2]/D
                                                              9.284         
system_wrapper_i/processing_system7_0/inst/PS7_i/MAXIGP0ACLK
                               system_wrapper_i/axi_reg/xbar/inst/gen_samd.crossbar_samd/gen_slave_slots[0].gen_si_write.si_transactor_aw/gen_multi_thread.active_cnt_reg[3]/D
                                                              9.299         
system_wrapper_i/processing_system7_0/inst/PS7_i/MAXIGP0ACLK
                               system_wrapper_i/axi_reg/xbar/inst/gen_samd.crossbar_samd/gen_slave_slots[0].gen_si_write.wdata_router_w/wrouter_aw_fifo/m_valid_i_reg/CE
                                                              9.301         
system_wrapper_i/processing_system7_0/inst/PS7_i/MAXIGP0ACLK
                               system_wrapper_i/axi_reg/xbar/inst/gen_samd.crossbar_samd/gen_slave_slots[0].gen_si_write.si_transactor_aw/gen_multi_thread.active_cnt_reg[10]/CE
                                                              9.313         
system_wrapper_i/processing_system7_0/inst/PS7_i/MAXIGP0ACLK
                               system_wrapper_i/axi_reg/xbar/inst/gen_samd.crossbar_samd/gen_slave_slots[0].gen_si_write.si_transactor_aw/gen_multi_thread.active_cnt_reg[11]/CE
                                                              9.313         
system_wrapper_i/processing_system7_0/inst/PS7_i/MAXIGP0ACLK
                               system_wrapper_i/axi_reg/xbar/inst/gen_samd.crossbar_samd/gen_slave_slots[0].gen_si_write.si_transactor_aw/gen_multi_thread.active_cnt_reg[8]/CE
                                                              9.313         
system_wrapper_i/processing_system7_0/inst/PS7_i/MAXIGP0ACLK
                               system_wrapper_i/axi_reg/xbar/inst/gen_samd.crossbar_samd/gen_slave_slots[0].gen_si_write.si_transactor_aw/gen_multi_thread.active_cnt_reg[9]/CE
                                                              9.313         
system_wrapper_i/rp_oscilloscope/inst/U_scope_cfg/axi_slave/rd_araddr_reg[8]/C
                               system_wrapper_i/rp_oscilloscope/inst/U_scope_cfg/axi_slave/axi\\.RVALID_reg/D
                                                              9.324         
system_wrapper_i/rp_oscilloscope/inst/U_scope_cfg/axi_slave/rd_araddr_reg[8]/C
                               system_wrapper_i/rp_oscilloscope/inst/U_scope_cfg/axi_slave/axi\\.RLAST_reg/D
                                                              9.333         
system_wrapper_i/processing_system7_0/inst/PS7_i/MAXIGP0ACLK
                               system_wrapper_i/axi_reg/xbar/inst/gen_samd.crossbar_samd/gen_slave_slots[0].gen_si_write.si_transactor_aw/gen_multi_thread.active_cnt_reg[48]/CE
                                                              9.343         
system_wrapper_i/processing_system7_0/inst/PS7_i/MAXIGP0ACLK
                               system_wrapper_i/axi_reg/xbar/inst/gen_samd.crossbar_samd/gen_slave_slots[0].gen_si_write.si_transactor_aw/gen_multi_thread.active_cnt_reg[49]/CE
                                                              9.343         
system_wrapper_i/processing_system7_0/inst/PS7_i/MAXIGP0ACLK
                               system_wrapper_i/axi_reg/xbar/inst/gen_samd.crossbar_samd/gen_slave_slots[0].gen_si_write.si_transactor_aw/gen_multi_thread.active_cnt_reg[50]/CE
                                                              9.343         
system_wrapper_i/processing_system7_0/inst/PS7_i/MAXIGP0ACLK
                               system_wrapper_i/axi_reg/xbar/inst/gen_samd.crossbar_samd/gen_slave_slots[0].gen_si_write.si_transactor_aw/gen_multi_thread.active_cnt_reg[51]/CE
                                                              9.343         
system_wrapper_i/rp_oscilloscope/inst/U_scope_cfg/axi_slave/rd_araddr_reg[8]/C
                               system_wrapper_i/rp_oscilloscope/inst/U_scope_cfg/i_sync_single_adc/ctrl_do_reg/D
                                                              9.345         
system_wrapper_i/processing_system7_0/inst/PS7_i/MAXIGP0ACLK
                               system_wrapper_i/axi_reg/xbar/inst/gen_samd.crossbar_samd/gen_slave_slots[0].gen_si_write.si_transactor_aw/gen_multi_thread.active_cnt_reg[34]/D
                                                              9.346         
system_wrapper_i/rp_oscilloscope/inst/U_scope_cfg/axi_slave/rd_do_reg/C
                               system_wrapper_i/rp_oscilloscope/inst/U_scope_cfg/axi_slave/axi\\.RDATA_reg[4]/D
                                                              9.347         
system_wrapper_i/rp_oscilloscope/inst/U_scope_cfg/axi_slave/rd_do_reg/C
                               system_wrapper_i/rp_oscilloscope/inst/U_scope_cfg/axi_slave/axi\\.RDATA_reg[2]/D
                                                              9.359         
system_wrapper_i/rp_oscilloscope/inst/U_scope_cfg/axi_slave/rd_araddr_reg[8]/C
                               system_wrapper_i/rp_oscilloscope/inst/U_scope_cfg/i_sync_single_adc/ctrl_we_reg/D
                                                              9.360         
system_wrapper_i/processing_system7_0/inst/PS7_i/MAXIGP0ACLK
                               system_wrapper_i/axi_reg/xbar/inst/gen_samd.crossbar_samd/gen_slave_slots[0].gen_si_write.si_transactor_aw/gen_multi_thread.active_cnt_reg[35]/D
                                                              9.364         
system_wrapper_i/processing_system7_0/inst/PS7_i/MAXIGP0ACLK
                               system_wrapper_i/axi_reg/xbar/inst/gen_samd.crossbar_samd/gen_slave_slots[0].gen_si_write.si_transactor_aw/gen_multi_thread.active_id_reg[85]/CE
                                                              9.397         
system_wrapper_i/processing_system7_0/inst/PS7_i/MAXIGP0ACLK
                               system_wrapper_i/axi_reg/xbar/inst/gen_samd.crossbar_samd/gen_slave_slots[0].gen_si_write.si_transactor_aw/gen_multi_thread.active_id_reg[86]/CE
                                                              9.397         
system_wrapper_i/processing_system7_0/inst/PS7_i/MAXIGP0ACLK
                               system_wrapper_i/axi_reg/xbar/inst/gen_samd.crossbar_samd/gen_slave_slots[0].gen_si_write.si_transactor_aw/gen_multi_thread.active_id_reg[87]/CE
                                                              9.397         
system_wrapper_i/processing_system7_0/inst/PS7_i/MAXIGP0ACLK
                               system_wrapper_i/axi_reg/xbar/inst/gen_samd.crossbar_samd/gen_slave_slots[0].gen_si_write.si_transactor_aw/gen_multi_thread.active_id_reg[93]/CE
                                                              9.397         
system_wrapper_i/processing_system7_0/inst/PS7_i/MAXIGP0ACLK
                               system_wrapper_i/axi_reg/xbar/inst/gen_samd.crossbar_samd/addr_arbiter_ar/gen_no_arbiter.m_valid_i_reg/D
                                                              9.406         
system_wrapper_i/processing_system7_0/inst/PS7_i/MAXIGP0ACLK
                               system_wrapper_i/axi_reg/xbar/inst/gen_samd.crossbar_samd/gen_slave_slots[0].gen_si_write.si_transactor_aw/gen_multi_thread.active_cnt_reg[57]/D
                                                              9.424         
system_wrapper_i/processing_system7_0/inst/PS7_i/MAXIGP0ACLK
                               system_wrapper_i/axi_reg/xbar/inst/gen_samd.crossbar_samd/gen_slave_slots[0].gen_si_write.si_transactor_aw/gen_multi_thread.active_id_reg[84]/CE
                                                              9.430         
system_wrapper_i/processing_system7_0/inst/PS7_i/MAXIGP0ACLK
                               system_wrapper_i/axi_reg/xbar/inst/gen_samd.crossbar_samd/gen_slave_slots[0].gen_si_write.si_transactor_aw/gen_multi_thread.active_id_reg[89]/CE
                                                              9.430         
system_wrapper_i/processing_system7_0/inst/PS7_i/MAXIGP0ACLK
                               system_wrapper_i/axi_reg/xbar/inst/gen_samd.crossbar_samd/gen_slave_slots[0].gen_si_write.si_transactor_aw/gen_multi_thread.active_id_reg[92]/CE
                                                              9.430         
system_wrapper_i/rp_oscilloscope/inst/U_scope_cfg/axi_slave/rd_do_reg/C
                               system_wrapper_i/rp_oscilloscope/inst/U_scope_cfg/axi_slave/axi\\.RDATA_reg[16]/D
                                                              9.437         
system_wrapper_i/rp_oscilloscope/inst/U_scope_cfg/axi_slave/rd_do_reg/C
                               system_wrapper_i/rp_oscilloscope/inst/U_scope_cfg/axi_slave/axi\\.RDATA_reg[17]/D
                                                              9.437         
system_wrapper_i/rp_oscilloscope/inst/U_scope_cfg/axi_slave/rd_do_reg/C
                               system_wrapper_i/rp_oscilloscope/inst/U_scope_cfg/axi_slave/axi\\.RDATA_reg[29]/D
                                                              9.456         
system_wrapper_i/processing_system7_0/inst/PS7_i/MAXIGP0ACLK
                               system_wrapper_i/axi_reg/xbar/inst/gen_samd.crossbar_samd/gen_slave_slots[0].gen_si_write.si_transactor_aw/gen_multi_thread.active_target_reg[0]/CE
                                                              9.464         
system_wrapper_i/processing_system7_0/inst/PS7_i/MAXIGP0ACLK
                               system_wrapper_i/axi_reg/xbar/inst/gen_samd.crossbar_samd/gen_slave_slots[0].gen_si_write.si_transactor_aw/gen_multi_thread.active_target_reg[1]/CE
                                                              9.464         
system_wrapper_i/rp_oscilloscope/inst/U_scope_cfg/axi_slave/rd_araddr_reg[8]/C
                               system_wrapper_i/rp_oscilloscope/inst/U_scope_cfg/i_sync_single_axi/ctrl_do_reg/CE
                                                              9.480         
system_wrapper_i/rp_oscilloscope/inst/U_scope_cfg/axi_slave/rd_araddr_reg[8]/C
                               system_wrapper_i/rp_oscilloscope/inst/U_scope_cfg/i_sync_single_axi/ctrl_we_reg/CE
                                                              9.480         
system_wrapper_i/rp_oscilloscope/inst/U_scope_cfg/axi_slave/rd_do_reg/C
                               system_wrapper_i/rp_oscilloscope/inst/U_scope_cfg/axi_slave/axi\\.RDATA_reg[15]/D
                                                              9.489         
system_wrapper_i/processing_system7_0/inst/PS7_i/MAXIGP0ACLK
                               system_wrapper_i/axi_reg/xbar/inst/gen_samd.crossbar_samd/gen_slave_slots[0].gen_si_read.si_transactor_ar/gen_multi_thread.active_cnt_reg[0]/CE
                                                              9.514         
system_wrapper_i/processing_system7_0/inst/PS7_i/MAXIGP0ACLK
                               system_wrapper_i/axi_reg/xbar/inst/gen_samd.crossbar_samd/gen_slave_slots[0].gen_si_read.si_transactor_ar/gen_multi_thread.active_cnt_reg[1]/CE
                                                              9.514         
system_wrapper_i/processing_system7_0/inst/PS7_i/MAXIGP0ACLK
                               system_wrapper_i/axi_reg/xbar/inst/gen_samd.crossbar_samd/gen_slave_slots[0].gen_si_read.si_transactor_ar/gen_multi_thread.active_cnt_reg[2]/CE
                                                              9.514         
system_wrapper_i/processing_system7_0/inst/PS7_i/MAXIGP0ACLK
                               system_wrapper_i/axi_reg/xbar/inst/gen_samd.crossbar_samd/gen_slave_slots[0].gen_si_read.si_transactor_ar/gen_multi_thread.active_cnt_reg[3]/CE
                                                              9.514         
system_wrapper_i/rp_oscilloscope/inst/U_scope_cfg/axi_slave/rd_araddr_reg[8]/C
                               system_wrapper_i/rp_oscilloscope/inst/U_scope_cfg/axi_slave/axi\\.BVALID_reg/D
                                                              9.516         
system_wrapper_i/rp_oscilloscope/inst/U_scope_cfg/axi_slave/rd_do_reg/C
                               system_wrapper_i/rp_oscilloscope/inst/U_scope_cfg/axi_slave/axi\\.RDATA_reg[1]/D
                                                              9.527         
system_wrapper_i/rp_oscilloscope/inst/U_scope_cfg/axi_slave/rd_do_reg/C
                               system_wrapper_i/rp_oscilloscope/inst/U_scope_cfg/axi_slave/axi\\.RDATA_reg[27]/D
                                                              9.531         
system_wrapper_i/processing_system7_0/inst/PS7_i/MAXIGP0ACLK
                               system_wrapper_i/axi_reg/xbar/inst/gen_samd.crossbar_samd/gen_slave_slots[0].gen_si_write.si_transactor_aw/gen_multi_thread.active_cnt_reg[16]/CE
                                                              9.538         
system_wrapper_i/processing_system7_0/inst/PS7_i/MAXIGP0ACLK
                               system_wrapper_i/axi_reg/xbar/inst/gen_samd.crossbar_samd/gen_slave_slots[0].gen_si_write.si_transactor_aw/gen_multi_thread.active_cnt_reg[17]/CE
                                                              9.538         
system_wrapper_i/processing_system7_0/inst/PS7_i/MAXIGP0ACLK
                               system_wrapper_i/axi_reg/xbar/inst/gen_samd.crossbar_samd/gen_slave_slots[0].gen_si_write.si_transactor_aw/gen_multi_thread.active_cnt_reg[18]/CE
                                                              9.538         
system_wrapper_i/processing_system7_0/inst/PS7_i/MAXIGP0ACLK
                               system_wrapper_i/axi_reg/xbar/inst/gen_samd.crossbar_samd/gen_slave_slots[0].gen_si_write.si_transactor_aw/gen_multi_thread.active_cnt_reg[19]/CE
                                                              9.538         
system_wrapper_i/rp_oscilloscope/inst/U_scope_cfg/axi_slave/rd_do_reg/C
                               system_wrapper_i/rp_oscilloscope/inst/U_scope_cfg/axi_slave/axi\\.RDATA_reg[3]/D
                                                              9.544         
system_wrapper_i/rp_oscilloscope/inst/U_scope_cfg/axi_slave/rd_do_reg/C
                               system_wrapper_i/rp_oscilloscope/inst/U_scope_cfg/axi_slave/axi\\.RDATA_reg[6]/D
                                                              9.546         
system_wrapper_i/processing_system7_0/inst/PS7_i/MAXIGP0ACLK
                               system_wrapper_i/axi_reg/xbar/inst/gen_samd.crossbar_samd/gen_slave_slots[0].gen_si_read.si_transactor_ar/gen_multi_thread.active_cnt_reg[40]/CE
                                                              9.590         
system_wrapper_i/processing_system7_0/inst/PS7_i/MAXIGP0ACLK
                               system_wrapper_i/axi_reg/xbar/inst/gen_samd.crossbar_samd/gen_slave_slots[0].gen_si_read.si_transactor_ar/gen_multi_thread.active_cnt_reg[41]/CE
                                                              9.590         
system_wrapper_i/processing_system7_0/inst/PS7_i/MAXIGP0ACLK
                               system_wrapper_i/axi_reg/xbar/inst/gen_samd.crossbar_samd/gen_slave_slots[0].gen_si_read.si_transactor_ar/gen_multi_thread.active_cnt_reg[42]/CE
                                                              9.590         
system_wrapper_i/processing_system7_0/inst/PS7_i/MAXIGP0ACLK
                               system_wrapper_i/axi_reg/xbar/inst/gen_samd.crossbar_samd/gen_slave_slots[0].gen_si_read.si_transactor_ar/gen_multi_thread.active_cnt_reg[43]/CE
                                                              9.590         
system_wrapper_i/rp_oscilloscope/inst/U_scope_cfg/axi_slave/rd_do_reg/C
                               system_wrapper_i/rp_oscilloscope/inst/U_scope_cfg/axi_slave/axi\\.RDATA_reg[13]/D
                                                              9.598         
system_wrapper_i/processing_system7_0/inst/PS7_i/MAXIGP0ACLK
                               system_wrapper_i/axi_reg/xbar/inst/gen_samd.crossbar_samd/gen_slave_slots[0].gen_si_write.si_transactor_aw/gen_multi_thread.active_cnt_reg[58]/D
                                                              9.608         
system_wrapper_i/processing_system7_0/inst/PS7_i/MAXIGP0ACLK
                               system_wrapper_i/axi_reg/xbar/inst/gen_samd.crossbar_samd/gen_slave_slots[0].gen_si_write.si_transactor_aw/gen_multi_thread.active_id_reg[88]/CE
                                                              9.622         



