Copyright 1986-2020 Xilinx, Inc. All Rights Reserved.
------------------------------------------------------------------------------------
| Tool Version : Vivado v.2020.1 (lin64) Build 2902540 Wed May 27 19:54:35 MDT 2020
| Date         : Mon Sep 14 15:39:50 2026
| Host         : facu-edge running 64-bit Ubuntu 24.04.4 LTS
| Command      : report_timing_summary -file out/post_place_timing_summary.rpt
| Design       : red_pitaya_top
| Device       : 7z010-clg400
| Speed File   : -1  PRODUCTION 1.12 2019-11-22
------------------------------------------------------------------------------------

Timing Summary Report

------------------------------------------------------------------------------------------------
| Timer Settings
| --------------
------------------------------------------------------------------------------------------------

  Enable Multi Corner Analysis               :  Yes
  Enable Pessimism Removal                   :  Yes
  Pessimism Removal Resolution               :  Nearest Common Node
  Enable Input Delay Default Clock           :  No
  Enable Preset / Clear Arcs                 :  No
  Disable Flight Delays                      :  No
  Ignore I/O Paths                           :  No
  Timing Early Launch at Borrowing Latches   :  No
  Borrow Time for Max Delay Exceptions       :  Yes
  Merge Timing Exceptions                    :  Yes

  Corner  Analyze    Analyze    
  Name    Max Paths  Min Paths  
  ------  ---------  ---------  
  Slow    Yes        Yes        
  Fast    Yes        Yes        



check_timing report

Table of Contents
-----------------
1. checking no_clock (0)
2. checking constant_clock (0)
3. checking pulse_width_clock (0)
4. checking unconstrained_internal_endpoints (0)
5. checking no_input_delay (17)
6. checking no_output_delay (40)
7. checking multiple_clock (0)
8. checking generated_clocks (0)
9. checking loops (0)
10. checking partial_input_delay (0)
11. checking partial_output_delay (0)
12. checking latch_loops (0)

1. checking no_clock (0)
------------------------
 There are 0 register/latch pins with no clock.


2. checking constant_clock (0)
------------------------------
 There are 0 register/latch pins with constant_clock.


3. checking pulse_width_clock (0)
---------------------------------
 There are 0 register/latch pins which need pulse_width check


4. checking unconstrained_internal_endpoints (0)
------------------------------------------------
 There are 0 pins that are not constrained for maximum delay.

 There are 0 pins that are not constrained for maximum delay due to constant clock.


5. checking no_input_delay (17)
-------------------------------
 There are 17 input ports with no input delay specified. (HIGH)

 There are 0 input ports with no input delay but user has a false path constraint.


6. checking no_output_delay (40)
--------------------------------
 There are 39 ports with no output delay specified. (HIGH)

 There are 0 ports with no output delay but user has a false path constraint

 There is 1 port with no output delay but with a timing clock defined on it or propagating through it (LOW)


7. checking multiple_clock (0)
------------------------------
 There are 0 register/latch pins with multiple clocks.


8. checking generated_clocks (0)
--------------------------------
 There are 0 generated clocks that are not connected to a clock source.


9. checking loops (0)
---------------------
 There are 0 combinational loops in the design.


10. checking partial_input_delay (0)
------------------------------------
 There are 0 input ports with partial input delay specified.


11. checking partial_output_delay (0)
-------------------------------------
 There are 0 ports with partial output delay specified.


12. checking latch_loops (0)
----------------------------
 There are 0 combinational latch loops in the design through latch input



------------------------------------------------------------------------------------------------
| Design Timing Summary
| ---------------------
------------------------------------------------------------------------------------------------

    WNS(ns)      TNS(ns)  TNS Failing Endpoints  TNS Total Endpoints      WHS(ns)      THS(ns)  THS Failing Endpoints  THS Total Endpoints     WPWS(ns)     TPWS(ns)  TPWS Failing Endpoints  TPWS Total Endpoints  
    -------      -------  ---------------------  -------------------      -------      -------  ---------------------  -------------------     --------     --------  ----------------------  --------------------  
     -8.470    -1979.012                    616                30481       -7.740     -220.607                    195                30433        1.020        0.000                       0                 12598  


Timing constraints are not met.


------------------------------------------------------------------------------------------------
| Clock Summary
| -------------
------------------------------------------------------------------------------------------------

Clock                                  Waveform(ns)         Period(ns)      Frequency(MHz)
-----                                  ------------         ----------      --------------
adc_clk                                {0.000 4.000}        8.000           125.000         
  clk_fb                               {0.000 4.000}        8.000           125.000         
  pll_dac_clk_1x                       {0.000 4.000}        8.000           125.000         
  pll_dac_clk_2p                       {-0.500 1.500}       4.000           250.000         
  pll_dac_clk_2x                       {0.000 2.000}        4.000           250.000         
clk_fpga_0                             {0.000 4.000}        8.000           125.000         
clk_fpga_1                             {0.000 2.000}        4.000           250.000         
clk_fpga_2                             {0.000 10.000}       20.000          50.000          
clk_fpga_3                             {0.000 2.500}        5.000           200.000         
dac_clk_o                              {0.000 4.000}        8.000           125.000         
daisy_clk                              {0.000 4.000}        8.000           125.000         
system_wrapper_i/clk_gen/inst/clk_in1  {0.000 4.000}        8.000           125.000         
  clk_125_system_clk_gen_0             {0.000 4.000}        8.000           125.000         
  clk_200_system_clk_gen_0             {0.000 2.000}        4.000           250.000         
  clkfbout_system_clk_gen_0            {0.000 4.000}        8.000           125.000         


------------------------------------------------------------------------------------------------
| Intra Clock Table
| -----------------
------------------------------------------------------------------------------------------------

Clock                                      WNS(ns)      TNS(ns)  TNS Failing Endpoints  TNS Total Endpoints      WHS(ns)      THS(ns)  THS Failing Endpoints  THS Total Endpoints     WPWS(ns)     TPWS(ns)  TPWS Failing Endpoints  TPWS Total Endpoints  
-----                                      -------      -------  ---------------------  -------------------      -------      -------  ---------------------  -------------------     --------     --------  ----------------------  --------------------  
adc_clk                                                                                                                                                                                  2.000        0.000                       0                     1  
  clk_fb                                                                                                                                                                                 6.751        0.000                       0                     2  
  pll_dac_clk_1x                             1.353        0.000                      0                   45       -0.260       -0.720                      7                   45        3.500        0.000                       0                    47  
  pll_dac_clk_2p                                                                                                                                                                         1.845        0.000                       0                     3  
  pll_dac_clk_2x                                                                                                                                                                         1.845        0.000                       0                     3  
clk_fpga_2                                   9.037        0.000                      0                 3776       -0.157       -0.315                      4                 3776        9.020        0.000                       0                  1678  
daisy_clk                                    5.779        0.000                      0                   11        0.233        0.000                      0                   11        3.500        0.000                       0                    14  
system_wrapper_i/clk_gen/inst/clk_in1                                                                                                                                                    2.000        0.000                       0                     1  
  clk_125_system_clk_gen_0                  -8.470    -1979.012                    616                23324       -0.094       -4.880                    143                23324        2.750        0.000                       0                  9629  
  clk_200_system_clk_gen_0                   0.020        0.000                      0                 2660       -0.043       -0.157                      6                 2660        1.020        0.000                       0                  1217  
  clkfbout_system_clk_gen_0                                                                                                                                                              5.845        0.000                       0                     3  


------------------------------------------------------------------------------------------------
| Inter Clock Table
| -----------------
------------------------------------------------------------------------------------------------

From Clock                To Clock                      WNS(ns)      TNS(ns)  TNS Failing Endpoints  TNS Total Endpoints      WHS(ns)      THS(ns)  THS Failing Endpoints  THS Total Endpoints  
----------                --------                      -------      -------  ---------------------  -------------------      -------      -------  ---------------------  -------------------  
clk_125_system_clk_gen_0  pll_dac_clk_1x                 10.194        0.000                      0                   29       -7.740     -214.097                     29                   29  
adc_clk                   clk_125_system_clk_gen_0        0.201        0.000                      0                   28        4.641        0.000                      0                   28  
clk_200_system_clk_gen_0  clk_125_system_clk_gen_0        1.329        0.000                      0                   28       -0.164       -0.282                      3                    4  
clk_125_system_clk_gen_0  clk_200_system_clk_gen_0        1.891        0.000                      0                   28       -0.099       -0.156                      3                    4  


------------------------------------------------------------------------------------------------
| Other Path Groups Table
| -----------------------
------------------------------------------------------------------------------------------------

Path Group                From Clock                To Clock                      WNS(ns)      TNS(ns)  TNS Failing Endpoints  TNS Total Endpoints      WHS(ns)      THS(ns)  THS Failing Endpoints  THS Total Endpoints  
----------                ----------                --------                      -------      -------  ---------------------  -------------------      -------      -------  ---------------------  -------------------  
**async_default**         clk_125_system_clk_gen_0  clk_125_system_clk_gen_0        4.940        0.000                      0                  552        0.410        0.000                      0                  552  


------------------------------------------------------------------------------------------------
| Timing Details
| --------------
------------------------------------------------------------------------------------------------


---------------------------------------------------------------------------------------------------
From Clock:  adc_clk
  To Clock:  adc_clk

Setup :           NA  Failing Endpoints,  Worst Slack           NA  ,  Total Violation           NA
Hold  :           NA  Failing Endpoints,  Worst Slack           NA  ,  Total Violation           NA
PW    :            0  Failing Endpoints,  Worst Slack        2.000ns,  Total Violation        0.000ns
---------------------------------------------------------------------------------------------------


Pulse Width Checks
--------------------------------------------------------------------------------------
Clock Name:         adc_clk
Waveform(ns):       { 0.000 4.000 }
Period(ns):         8.000
Sources:            { adc_clk_i[1] }

Check Type        Corner  Lib Pin           Reference Pin  Required(ns)  Actual(ns)  Slack(ns)  Location        Pin
Min Period        n/a     PLLE2_ADV/CLKIN1  n/a            1.249         8.000       6.751      PLLE2_ADV_X0Y0  pll/pll/CLKIN1
Max Period        n/a     PLLE2_ADV/CLKIN1  n/a            52.633        8.000       44.633     PLLE2_ADV_X0Y0  pll/pll/CLKIN1
Low Pulse Width   Slow    PLLE2_ADV/CLKIN1  n/a            2.000         4.000       2.000      PLLE2_ADV_X0Y0  pll/pll/CLKIN1
High Pulse Width  Fast    PLLE2_ADV/CLKIN1  n/a            2.000         4.000       2.000      PLLE2_ADV_X0Y0  pll/pll/CLKIN1



---------------------------------------------------------------------------------------------------
From Clock:  clk_fb
  To Clock:  clk_fb

Setup :           NA  Failing Endpoints,  Worst Slack           NA  ,  Total Violation           NA
Hold  :           NA  Failing Endpoints,  Worst Slack           NA  ,  Total Violation           NA
PW    :            0  Failing Endpoints,  Worst Slack        6.751ns,  Total Violation        0.000ns
---------------------------------------------------------------------------------------------------


Pulse Width Checks
--------------------------------------------------------------------------------------
Clock Name:         clk_fb
Waveform(ns):       { 0.000 4.000 }
Period(ns):         8.000
Sources:            { pll/pll/CLKFBOUT }

Check Type  Corner  Lib Pin             Reference Pin  Required(ns)  Actual(ns)  Slack(ns)  Location        Pin
Min Period  n/a     PLLE2_ADV/CLKFBOUT  n/a            1.249         8.000       6.751      PLLE2_ADV_X0Y0  pll/pll/CLKFBOUT
Max Period  n/a     PLLE2_ADV/CLKFBIN   n/a            52.633        8.000       44.633     PLLE2_ADV_X0Y0  pll/pll/CLKFBIN



---------------------------------------------------------------------------------------------------
From Clock:  pll_dac_clk_1x
  To Clock:  pll_dac_clk_1x

Setup :            0  Failing Endpoints,  Worst Slack        1.353ns,  Total Violation        0.000ns
Hold  :            7  Failing Endpoints,  Worst Slack       -0.260ns,  Total Violation       -0.720ns
PW    :            0  Failing Endpoints,  Worst Slack        3.500ns,  Total Violation        0.000ns
---------------------------------------------------------------------------------------------------


Max Delay Paths
--------------------------------------------------------------------------------------
Slack (MET) :             1.353ns  (required time - arrival time)
  Source:                 dac_rst_reg/C
                            (rising edge-triggered cell FDRE clocked by pll_dac_clk_1x  {rise@0.000ns fall@4.000ns period=8.000ns})
  Destination:            oddr_dac_dat[1]/R
                            (falling edge-triggered cell ODDR clocked by pll_dac_clk_1x  {rise@0.000ns fall@4.000ns period=8.000ns})
  Path Group:             pll_dac_clk_1x
  Path Type:              Setup (Max at Slow Process Corner)
  Requirement:            4.000ns  (pll_dac_clk_1x fall@4.000ns - pll_dac_clk_1x rise@0.000ns)
  Data Path Delay:        2.100ns  (logic 0.456ns (21.714%)  route 1.644ns (78.286%))
  Logic Levels:           0  
  Clock Path Skew:        0.320ns (DCD - SCD + CPR)
    Destination Clock Delay (DCD):    5.966ns = ( 9.966 - 4.000 ) 
    Source Clock Delay      (SCD):    5.972ns
    Clock Pessimism Removal (CPR):    0.326ns
  Clock Uncertainty:      0.069ns  ((TSJ^2 + DJ^2)^1/2) / 2 + PE
    Total System Jitter     (TSJ):    0.071ns
    Discrete Jitter          (DJ):    0.118ns
    Phase Error              (PE):    0.000ns

    Location             Delay type                Incr(ns)  Path(ns)    Netlist Resource(s)
  -------------------------------------------------------------------    -------------------
                         (clock pll_dac_clk_1x rise edge)
                                                      0.000     0.000 r  
    U18                                               0.000     0.000 r  adc_clk_i[1] (IN)
                         net (fo=0)                   0.000     0.000    adc_clk_i[1]
    U18                  IBUFDS (Prop_ibufds_I_O)     0.983     0.983 r  i_IBUF_clkadc/O
                         net (fo=4, estimated)        1.306     2.289    pll/clk
    PLLE2_ADV_X0Y0       PLLE2_ADV (Prop_plle2_adv_CLKIN1_CLKOUT1)
                                                      0.089     2.378 r  pll/pll/CLKOUT1
                         net (fo=1, estimated)        1.754     4.132    pll_dac_clk_1x
    BUFGCTRL_X0Y3        BUFG (Prop_bufg_I_O)         0.101     4.233 r  bufg_dac_clk_1x/O
                         net (fo=45, estimated)       1.739     5.972    dac_clk_1x
    SLICE_X43Y57         FDRE                                         r  dac_rst_reg/C
  -------------------------------------------------------------------    -------------------
    SLICE_X43Y57         FDRE (Prop_fdre_C_Q)         0.456     6.428 r  dac_rst_reg/Q
                         net (fo=17, estimated)       1.644     8.072    dac_rst
    OLOGIC_X0Y85         ODDR                                         r  oddr_dac_dat[1]/R
  -------------------------------------------------------------------    -------------------

                         (clock pll_dac_clk_1x fall edge)
                                                      4.000     4.000 f  
    U18                                               0.000     4.000 f  adc_clk_i[1] (IN)
                         net (fo=0)                   0.000     4.000    adc_clk_i[1]
    U18                  IBUFDS (Prop_ibufds_I_O)     0.940     4.940 f  i_IBUF_clkadc/O
                         net (fo=4, estimated)        1.241     6.181    pll/clk
    PLLE2_ADV_X0Y0       PLLE2_ADV (Prop_plle2_adv_CLKIN1_CLKOUT1)
                                                      0.084     6.265 f  pll/pll/CLKOUT1
                         net (fo=1, estimated)        1.666     7.931    pll_dac_clk_1x
    BUFGCTRL_X0Y3        BUFG (Prop_bufg_I_O)         0.091     8.022 f  bufg_dac_clk_1x/O
                         net (fo=45, estimated)       1.944     9.966    dac_clk_1x
    OLOGIC_X0Y85         ODDR                                         f  oddr_dac_dat[1]/C
                         clock pessimism              0.326    10.292    
                         clock uncertainty           -0.069    10.223    
    OLOGIC_X0Y85         ODDR (Setup_oddr_C_R)       -0.798     9.425    oddr_dac_dat[1]
  -------------------------------------------------------------------
                         required time                          9.425    
                         arrival time                          -8.072    
  -------------------------------------------------------------------
                         slack                                  1.353    





Min Delay Paths
--------------------------------------------------------------------------------------
Slack (VIOLATED) :        -0.260ns  (arrival time - required time)
  Source:                 dac_rst_reg/C
                            (rising edge-triggered cell FDRE clocked by pll_dac_clk_1x  {rise@0.000ns fall@4.000ns period=8.000ns})
  Destination:            oddr_dac_sel/R
                            (rising edge-triggered cell ODDR clocked by pll_dac_clk_1x  {rise@0.000ns fall@4.000ns period=8.000ns})
  Path Group:             pll_dac_clk_1x
  Path Type:              Hold (Min at Fast Process Corner)
  Requirement:            0.000ns  (pll_dac_clk_1x rise@0.000ns - pll_dac_clk_1x rise@0.000ns)
  Data Path Delay:        0.396ns  (logic 0.141ns (35.604%)  route 0.255ns (64.396%))
  Logic Levels:           0  
  Clock Path Skew:        0.180ns (DCD - SCD - CPR)
    Destination Clock Delay (DCD):    2.874ns
    Source Clock Delay      (SCD):    2.354ns
    Clock Pessimism Removal (CPR):    0.339ns

    Location             Delay type                Incr(ns)  Path(ns)    Netlist Resource(s)
  -------------------------------------------------------------------    -------------------
                         (clock pll_dac_clk_1x rise edge)
                                                      0.000     0.000 r  
    U18                                               0.000     0.000 r  adc_clk_i[1] (IN)
                         net (fo=0)                   0.000     0.000    adc_clk_i[1]
    U18                  IBUFDS (Prop_ibufds_I_O)     0.401     0.401 r  i_IBUF_clkadc/O
                         net (fo=4, estimated)        0.551     0.952    pll/clk
    PLLE2_ADV_X0Y0       PLLE2_ADV (Prop_plle2_adv_CLKIN1_CLKOUT1)
                                                      0.051     1.003 r  pll/pll/CLKOUT1
                         net (fo=1, estimated)        0.739     1.742    pll_dac_clk_1x
    BUFGCTRL_X0Y3        BUFG (Prop_bufg_I_O)         0.026     1.768 r  bufg_dac_clk_1x/O
                         net (fo=45, estimated)       0.586     2.354    dac_clk_1x
    SLICE_X43Y57         FDRE                                         r  dac_rst_reg/C
  -------------------------------------------------------------------    -------------------
    SLICE_X43Y57         FDRE (Prop_fdre_C_Q)         0.141     2.495 r  dac_rst_reg/Q
                         net (fo=17, estimated)       0.255     2.750    dac_rst
    OLOGIC_X0Y57         ODDR                                         r  oddr_dac_sel/R
  -------------------------------------------------------------------    -------------------

                         (clock pll_dac_clk_1x rise edge)
                                                      0.000     0.000 r  
    U18                                               0.000     0.000 r  adc_clk_i[1] (IN)
                         net (fo=0)                   0.000     0.000    adc_clk_i[1]
    U18                  IBUFDS (Prop_ibufds_I_O)     0.433     0.433 r  i_IBUF_clkadc/O
                         net (fo=4, estimated)        0.579     1.012    pll/clk
    PLLE2_ADV_X0Y0       PLLE2_ADV (Prop_plle2_adv_CLKIN1_CLKOUT1)
                                                      0.054     1.066 r  pll/pll/CLKOUT1
                         net (fo=1, estimated)        0.778     1.845    pll_dac_clk_1x
    BUFGCTRL_X0Y3        BUFG (Prop_bufg_I_O)         0.029     1.874 r  bufg_dac_clk_1x/O
                         net (fo=45, estimated)       1.000     2.874    dac_clk_1x
    OLOGIC_X0Y57         ODDR                                         r  oddr_dac_sel/C
                         clock pessimism             -0.339     2.534    
    OLOGIC_X0Y57         ODDR (Hold_oddr_C_R)         0.476     3.010    oddr_dac_sel
  -------------------------------------------------------------------
                         required time                         -3.010    
                         arrival time                           2.750    
  -------------------------------------------------------------------
                         slack                                 -0.260    





Pulse Width Checks
--------------------------------------------------------------------------------------
Clock Name:         pll_dac_clk_1x
Waveform(ns):       { 0.000 4.000 }
Period(ns):         8.000
Sources:            { pll/pll/CLKOUT1 }

Check Type        Corner  Lib Pin            Reference Pin  Required(ns)  Actual(ns)  Slack(ns)  Location        Pin
Min Period        n/a     BUFG/I             n/a            2.155         8.000       5.845      BUFGCTRL_X0Y3   bufg_dac_clk_1x/I
Max Period        n/a     PLLE2_ADV/CLKOUT1  n/a            160.000       8.000       152.000    PLLE2_ADV_X0Y0  pll/pll/CLKOUT1
Low Pulse Width   Slow    FDRE/C             n/a            0.500         4.000       3.500      SLICE_X42Y83    dac_dat_a_o_reg[13]/C
High Pulse Width  Slow    FDRE/C             n/a            0.500         4.000       3.500      SLICE_X43Y78    dac_dat_a_o_reg[4]/C



---------------------------------------------------------------------------------------------------
From Clock:  pll_dac_clk_2p
  To Clock:  pll_dac_clk_2p

Setup :           NA  Failing Endpoints,  Worst Slack           NA  ,  Total Violation           NA
Hold  :           NA  Failing Endpoints,  Worst Slack           NA  ,  Total Violation           NA
PW    :            0  Failing Endpoints,  Worst Slack        1.845ns,  Total Violation        0.000ns
---------------------------------------------------------------------------------------------------


Pulse Width Checks
--------------------------------------------------------------------------------------
Clock Name:         pll_dac_clk_2p
Waveform(ns):       { -0.500 1.500 }
Period(ns):         4.000
Sources:            { pll/pll/CLKOUT3 }

Check Type  Corner  Lib Pin            Reference Pin  Required(ns)  Actual(ns)  Slack(ns)  Location        Pin
Min Period  n/a     BUFG/I             n/a            2.155         4.000       1.845      BUFGCTRL_X0Y5   bufg_dac_clk_2p/I
Max Period  n/a     PLLE2_ADV/CLKOUT3  n/a            160.000       4.000       156.000    PLLE2_ADV_X0Y0  pll/pll/CLKOUT3



---------------------------------------------------------------------------------------------------
From Clock:  pll_dac_clk_2x
  To Clock:  pll_dac_clk_2x

Setup :           NA  Failing Endpoints,  Worst Slack           NA  ,  Total Violation           NA
Hold  :           NA  Failing Endpoints,  Worst Slack           NA  ,  Total Violation           NA
PW    :            0  Failing Endpoints,  Worst Slack        1.845ns,  Total Violation        0.000ns
---------------------------------------------------------------------------------------------------


Pulse Width Checks
--------------------------------------------------------------------------------------
Clock Name:         pll_dac_clk_2x
Waveform(ns):       { 0.000 2.000 }
Period(ns):         4.000
Sources:            { pll/pll/CLKOUT2 }

Check Type  Corner  Lib Pin            Reference Pin  Required(ns)  Actual(ns)  Slack(ns)  Location        Pin
Min Period  n/a     BUFG/I             n/a            2.155         4.000       1.845      BUFGCTRL_X0Y6   bufg_dac_clk_2x/I
Max Period  n/a     PLLE2_ADV/CLKOUT2  n/a            160.000       4.000       156.000    PLLE2_ADV_X0Y0  pll/pll/CLKOUT2



---------------------------------------------------------------------------------------------------
From Clock:  clk_fpga_2
  To Clock:  clk_fpga_2

Setup :            0  Failing Endpoints,  Worst Slack        9.037ns,  Total Violation        0.000ns
Hold  :            4  Failing Endpoints,  Worst Slack       -0.157ns,  Total Violation       -0.315ns
PW    :            0  Failing Endpoints,  Worst Slack        9.020ns,  Total Violation        0.000ns
---------------------------------------------------------------------------------------------------


Max Delay Paths
--------------------------------------------------------------------------------------
Slack (MET) :             9.037ns  (required time - arrival time)
  Source:                 system_wrapper_i/processing_system7_0/inst/PS7_i/MAXIGP0ACLK
                            (rising edge-triggered cell PS7 clocked by clk_fpga_2  {rise@0.000ns fall@10.000ns period=20.000ns})
  Destination:            system_wrapper_i/axi_reg/xbar/inst/gen_samd.crossbar_samd/addr_arbiter_aw/gen_no_arbiter.m_target_hot_i_reg[0]/CE
                            (rising edge-triggered cell FDRE clocked by clk_fpga_2  {rise@0.000ns fall@10.000ns period=20.000ns})
  Path Group:             clk_fpga_2
  Path Type:              Setup (Max at Slow Process Corner)
  Requirement:            20.000ns  (clk_fpga_2 rise@20.000ns - clk_fpga_2 rise@0.000ns)
  Data Path Delay:        10.178ns  (logic 2.868ns (28.178%)  route 7.310ns (71.822%))
  Logic Levels:           8  (LUT2=2 LUT3=1 LUT4=2 LUT6=3)
  Clock Path Skew:        -0.278ns (DCD - SCD + CPR)
    Destination Clock Delay (DCD):    2.728ns = ( 22.728 - 20.000 ) 
    Source Clock Delay      (SCD):    3.076ns
    Clock Pessimism Removal (CPR):    0.070ns
  Clock Uncertainty:      0.302ns  ((TSJ^2 + TIJ^2)^1/2 + DJ) / 2 + PE
    Total System Jitter     (TSJ):    0.071ns
    Total Input Jitter      (TIJ):    0.600ns
    Discrete Jitter          (DJ):    0.000ns
    Phase Error              (PE):    0.000ns

    Location             Delay type                Incr(ns)  Path(ns)    Netlist Resource(s)
  -------------------------------------------------------------------    -------------------
                         (clock clk_fpga_2 rise edge)
                                                      0.000     0.000 r  
    PS7_X0Y0             PS7                          0.000     0.000 r  system_wrapper_i/processing_system7_0/inst/PS7_i/FCLKCLK[2]
                         net (fo=1, estimated)        1.207     1.207    system_wrapper_i/processing_system7_0/inst/FCLK_CLK_unbuffered[2]
    BUFGCTRL_X0Y1        BUFG (Prop_bufg_I_O)         0.101     1.308 r  system_wrapper_i/processing_system7_0/inst/buffer_fclk_clk_2.FCLK_CLK_2_BUFG/O
                         net (fo=1678, estimated)     1.768     3.076    system_wrapper_i/processing_system7_0/inst/M_AXI_GP0_ACLK
    PS7_X0Y0             PS7                                          r  system_wrapper_i/processing_system7_0/inst/PS7_i/MAXIGP0ACLK
  -------------------------------------------------------------------    -------------------
    PS7_X0Y0             PS7 (Prop_ps7_MAXIGP0ACLK_MAXIGP0AWADDR[31])
                                                      1.447     4.523 f  system_wrapper_i/processing_system7_0/inst/PS7_i/MAXIGP0AWADDR[31]
                         net (fo=3, estimated)        1.310     5.833    system_wrapper_i/axi_reg/xbar/inst/gen_samd.crossbar_samd/gen_slave_slots[0].gen_si_write.si_transactor_aw/gen_addr_decoder.addr_decoder_inst/gen_target[2].gen_region[0].gen_comparator_static.gen_addr_range.addr_decode_comparator/A[29]
    SLICE_X0Y47          LUT6 (Prop_lut6_I0_O)        0.124     5.957 r  system_wrapper_i/axi_reg/xbar/inst/gen_samd.crossbar_samd/gen_slave_slots[0].gen_si_write.si_transactor_aw/gen_addr_decoder.addr_decoder_inst/gen_target[2].gen_region[0].gen_comparator_static.gen_addr_range.addr_decode_comparator/LUT_LEVEL[4].compare_inst_i_2/O
                         net (fo=1, estimated)        0.313     6.270    system_wrapper_i/axi_reg/xbar/inst/gen_samd.crossbar_samd/gen_slave_slots[0].gen_si_write.si_transactor_aw/gen_addr_decoder.addr_decoder_inst/gen_target[2].gen_region[0].gen_comparator_static.gen_addr_range.addr_decode_comparator/LUT_LEVEL[4].compare_inst/S
    SLICE_X0Y48          LUT2 (Prop_lut2_I1_O)        0.124     6.394 r  system_wrapper_i/axi_reg/xbar/inst/gen_samd.crossbar_samd/gen_slave_slots[0].gen_si_write.si_transactor_aw/gen_addr_decoder.addr_decoder_inst/gen_target[2].gen_region[0].gen_comparator_static.gen_addr_range.addr_decode_comparator/LUT_LEVEL[4].compare_inst/COUT_INST_0/O
                         net (fo=11, estimated)       1.150     7.544    system_wrapper_i/axi_reg/xbar/inst/gen_samd.crossbar_samd/gen_slave_slots[0].gen_si_write.si_transactor_aw/gen_addr_decoder.addr_decoder_inst/TARGET_ENC[1]
    SLICE_X1Y59          LUT3 (Prop_lut3_I1_O)        0.124     7.668 f  system_wrapper_i/axi_reg/xbar/inst/gen_samd.crossbar_samd/gen_slave_slots[0].gen_si_write.si_transactor_aw/gen_addr_decoder.addr_decoder_inst/MATCH_INST_0/O
                         net (fo=15, estimated)       0.947     8.615    system_wrapper_i/axi_reg/xbar/inst/gen_samd.crossbar_samd/gen_slave_slots[0].gen_si_write.si_transactor_aw/M_ATARGET_HOT[3]
    SLICE_X3Y69          LUT2 (Prop_lut2_I0_O)        0.118     8.733 r  system_wrapper_i/axi_reg/xbar/inst/gen_samd.crossbar_samd/gen_slave_slots[0].gen_si_write.si_transactor_aw/M_AVALID_QUAL_INST_0_i_10/O
                         net (fo=2, estimated)        0.448     9.181    system_wrapper_i/axi_reg/xbar/inst/gen_samd.crossbar_samd/gen_slave_slots[0].gen_si_write.si_transactor_aw/M_AVALID_QUAL_INST_0_i_10_n_0
    SLICE_X3Y69          LUT6 (Prop_lut6_I0_O)        0.326     9.507 f  system_wrapper_i/axi_reg/xbar/inst/gen_samd.crossbar_samd/gen_slave_slots[0].gen_si_write.si_transactor_aw/M_AVALID_QUAL_INST_0_i_4/O
                         net (fo=1, estimated)        1.100    10.607    system_wrapper_i/axi_reg/xbar/inst/gen_samd.crossbar_samd/gen_slave_slots[0].gen_si_write.si_transactor_aw/M_AVALID_QUAL_INST_0_i_4_n_0
    SLICE_X3Y65          LUT6 (Prop_lut6_I3_O)        0.124    10.731 r  system_wrapper_i/axi_reg/xbar/inst/gen_samd.crossbar_samd/gen_slave_slots[0].gen_si_write.si_transactor_aw/M_AVALID_QUAL_INST_0/O
                         net (fo=2, estimated)        1.004    11.735    system_wrapper_i/axi_reg/xbar/inst/gen_samd.crossbar_samd/addr_arbiter_aw/S_VALID_QUAL[0]
    SLICE_X5Y59          LUT4 (Prop_lut4_I1_O)        0.154    11.889 r  system_wrapper_i/axi_reg/xbar/inst/gen_samd.crossbar_samd/addr_arbiter_aw/gen_no_arbiter.m_target_hot_i[3]_i_2/O
                         net (fo=2, estimated)        0.540    12.429    system_wrapper_i/axi_reg/xbar/inst/gen_samd.crossbar_samd/addr_arbiter_aw/gen_no_arbiter.m_target_hot_i[3]_i_2_n_0
    SLICE_X6Y58          LUT4 (Prop_lut4_I2_O)        0.327    12.756 r  system_wrapper_i/axi_reg/xbar/inst/gen_samd.crossbar_samd/addr_arbiter_aw/gen_no_arbiter.m_target_hot_i[3]_i_1/O
                         net (fo=4, estimated)        0.498    13.254    system_wrapper_i/axi_reg/xbar/inst/gen_samd.crossbar_samd/addr_arbiter_aw/gen_no_arbiter.m_target_hot_i[3]_i_1_n_0
    SLICE_X7Y59          FDRE                                         r  system_wrapper_i/axi_reg/xbar/inst/gen_samd.crossbar_samd/addr_arbiter_aw/gen_no_arbiter.m_target_hot_i_reg[0]/CE
  -------------------------------------------------------------------    -------------------

                         (clock clk_fpga_2 rise edge)
                                                     20.000    20.000 r  
    PS7_X0Y0             PS7                          0.000    20.000 r  system_wrapper_i/processing_system7_0/inst/PS7_i/FCLKCLK[2]
                         net (fo=1, estimated)        1.147    21.147    system_wrapper_i/processing_system7_0/inst/FCLK_CLK_unbuffered[2]
    BUFGCTRL_X0Y1        BUFG (Prop_bufg_I_O)         0.091    21.238 r  system_wrapper_i/processing_system7_0/inst/buffer_fclk_clk_2.FCLK_CLK_2_BUFG/O
                         net (fo=1678, estimated)     1.490    22.728    system_wrapper_i/axi_reg/xbar/inst/gen_samd.crossbar_samd/addr_arbiter_aw/ACLK
    SLICE_X7Y59          FDRE                                         r  system_wrapper_i/axi_reg/xbar/inst/gen_samd.crossbar_samd/addr_arbiter_aw/gen_no_arbiter.m_target_hot_i_reg[0]/C
                         clock pessimism              0.070    22.798    
                         clock uncertainty           -0.302    22.496    
    SLICE_X7Y59          FDRE (Setup_fdre_C_CE)      -0.205    22.291    system_wrapper_i/axi_reg/xbar/inst/gen_samd.crossbar_samd/addr_arbiter_aw/gen_no_arbiter.m_target_hot_i_reg[0]
  -------------------------------------------------------------------
                         required time                         22.291    
                         arrival time                         -13.254    
  -------------------------------------------------------------------
                         slack                                  9.037    





Min Delay Paths
--------------------------------------------------------------------------------------
Slack (VIOLATED) :        -0.157ns  (arrival time - required time)
  Source:                 system_wrapper_i/axi_reg/m01_couplers/auto_pc/inst/gen_axilite.gen_b2s_conv.axilite_b2s/RD.r_channel_0/r_arid_r_reg[0]/C
                            (rising edge-triggered cell FDRE clocked by clk_fpga_2  {rise@0.000ns fall@10.000ns period=20.000ns})
  Destination:            system_wrapper_i/axi_reg/m01_couplers/auto_pc/inst/gen_axilite.gen_b2s_conv.axilite_b2s/RD.r_channel_0/transaction_fifo_0/memory_reg[31][1]_srl32/D
                            (rising edge-triggered cell SRLC32E clocked by clk_fpga_2  {rise@0.000ns fall@10.000ns period=20.000ns})
  Path Group:             clk_fpga_2
  Path Type:              Hold (Min at Fast Process Corner)
  Requirement:            0.000ns  (clk_fpga_2 rise@0.000ns - clk_fpga_2 rise@0.000ns)
  Data Path Delay:        0.289ns  (logic 0.141ns (48.797%)  route 0.148ns (51.203%))
  Logic Levels:           0  
  Clock Path Skew:        0.263ns (DCD - SCD - CPR)
    Destination Clock Delay (DCD):    1.393ns
    Source Clock Delay      (SCD):    1.100ns
    Clock Pessimism Removal (CPR):    0.030ns

    Location             Delay type                Incr(ns)  Path(ns)    Netlist Resource(s)
  -------------------------------------------------------------------    -------------------
                         (clock clk_fpga_2 rise edge)
                                                      0.000     0.000 r  
    PS7_X0Y0             PS7                          0.000     0.000 r  system_wrapper_i/processing_system7_0/inst/PS7_i/FCLKCLK[2]
                         net (fo=1, estimated)        0.509     0.509    system_wrapper_i/processing_system7_0/inst/FCLK_CLK_unbuffered[2]
    BUFGCTRL_X0Y1        BUFG (Prop_bufg_I_O)         0.026     0.535 r  system_wrapper_i/processing_system7_0/inst/buffer_fclk_clk_2.FCLK_CLK_2_BUFG/O
                         net (fo=1678, estimated)     0.565     1.100    system_wrapper_i/axi_reg/m01_couplers/auto_pc/inst/gen_axilite.gen_b2s_conv.axilite_b2s/RD.r_channel_0/clk
    SLICE_X15Y49         FDRE                                         r  system_wrapper_i/axi_reg/m01_couplers/auto_pc/inst/gen_axilite.gen_b2s_conv.axilite_b2s/RD.r_channel_0/r_arid_r_reg[0]/C
  -------------------------------------------------------------------    -------------------
    SLICE_X15Y49         FDRE (Prop_fdre_C_Q)         0.141     1.241 r  system_wrapper_i/axi_reg/m01_couplers/auto_pc/inst/gen_axilite.gen_b2s_conv.axilite_b2s/RD.r_channel_0/r_arid_r_reg[0]/Q
                         net (fo=1, estimated)        0.148     1.389    system_wrapper_i/axi_reg/m01_couplers/auto_pc/inst/gen_axilite.gen_b2s_conv.axilite_b2s/RD.r_channel_0/transaction_fifo_0/din[1]
    SLICE_X16Y50         SRLC32E                                      r  system_wrapper_i/axi_reg/m01_couplers/auto_pc/inst/gen_axilite.gen_b2s_conv.axilite_b2s/RD.r_channel_0/transaction_fifo_0/memory_reg[31][1]_srl32/D
  -------------------------------------------------------------------    -------------------

                         (clock clk_fpga_2 rise edge)
                                                      0.000     0.000 r  
    PS7_X0Y0             PS7                          0.000     0.000 r  system_wrapper_i/processing_system7_0/inst/PS7_i/FCLKCLK[2]
                         net (fo=1, estimated)        0.536     0.536    system_wrapper_i/processing_system7_0/inst/FCLK_CLK_unbuffered[2]
    BUFGCTRL_X0Y1        BUFG (Prop_bufg_I_O)         0.029     0.565 r  system_wrapper_i/processing_system7_0/inst/buffer_fclk_clk_2.FCLK_CLK_2_BUFG/O
                         net (fo=1678, estimated)     0.828     1.393    system_wrapper_i/axi_reg/m01_couplers/auto_pc/inst/gen_axilite.gen_b2s_conv.axilite_b2s/RD.r_channel_0/transaction_fifo_0/clk
    SLICE_X16Y50         SRLC32E                                      r  system_wrapper_i/axi_reg/m01_couplers/auto_pc/inst/gen_axilite.gen_b2s_conv.axilite_b2s/RD.r_channel_0/transaction_fifo_0/memory_reg[31][1]_srl32/CLK
                         clock pessimism             -0.030     1.363    
    SLICE_X16Y50         SRLC32E (Hold_srlc32e_CLK_D)
                                                      0.183     1.546    system_wrapper_i/axi_reg/m01_couplers/auto_pc/inst/gen_axilite.gen_b2s_conv.axilite_b2s/RD.r_channel_0/transaction_fifo_0/memory_reg[31][1]_srl32
  -------------------------------------------------------------------
                         required time                         -1.546    
                         arrival time                           1.389    
  -------------------------------------------------------------------
                         slack                                 -0.157    





Pulse Width Checks
--------------------------------------------------------------------------------------
Clock Name:         clk_fpga_2
Waveform(ns):       { 0.000 10.000 }
Period(ns):         20.000
Sources:            { system_wrapper_i/processing_system7_0/inst/PS7_i/FCLKCLK[2] }

Check Type        Corner  Lib Pin      Reference Pin  Required(ns)  Actual(ns)  Slack(ns)  Location       Pin
Min Period        n/a     BUFG/I       n/a            2.155         20.000      17.845     BUFGCTRL_X0Y1  system_wrapper_i/processing_system7_0/inst/buffer_fclk_clk_2.FCLK_CLK_2_BUFG/I
Low Pulse Width   Slow    SRLC32E/CLK  n/a            0.980         10.000      9.020      SLICE_X24Y38   system_wrapper_i/axi_reg/m01_couplers/auto_pc/inst/gen_axilite.gen_b2s_conv.axilite_b2s/RD.r_channel_0/rd_data_fifo_0/memory_reg[31][11]_srl32/CLK
High Pulse Width  Fast    SRLC32E/CLK  n/a            0.980         10.000      9.020      SLICE_X24Y38   system_wrapper_i/axi_reg/m01_couplers/auto_pc/inst/gen_axilite.gen_b2s_conv.axilite_b2s/RD.r_channel_0/rd_data_fifo_0/memory_reg[31][11]_srl32/CLK



---------------------------------------------------------------------------------------------------
From Clock:  daisy_clk
  To Clock:  daisy_clk

Setup :            0  Failing Endpoints,  Worst Slack        5.779ns,  Total Violation        0.000ns
Hold  :            0  Failing Endpoints,  Worst Slack        0.233ns,  Total Violation        0.000ns
PW    :            0  Failing Endpoints,  Worst Slack        3.500ns,  Total Violation        0.000ns
---------------------------------------------------------------------------------------------------


Max Delay Paths
--------------------------------------------------------------------------------------
Slack (MET) :             5.779ns  (required time - arrival time)
  Source:                 daisy_cnt_reg[2]/C
                            (rising edge-triggered cell FDRE clocked by daisy_clk  {rise@0.000ns fall@4.000ns period=8.000ns})
  Destination:            daisy_cnt_reg[2]/D
                            (rising edge-triggered cell FDRE clocked by daisy_clk  {rise@0.000ns fall@4.000ns period=8.000ns})
  Path Group:             daisy_clk
  Path Type:              Setup (Max at Slow Process Corner)
  Requirement:            8.000ns  (daisy_clk rise@8.000ns - daisy_clk rise@0.000ns)
  Data Path Delay:        1.944ns  (logic 0.799ns (41.101%)  route 1.145ns (58.899%))
  Logic Levels:           1  (LUT3=1)
  Clock Path Skew:        -0.024ns (DCD - SCD + CPR)
    Destination Clock Delay (DCD):    4.521ns = ( 12.521 - 8.000 ) 
    Source Clock Delay      (SCD):    4.854ns
    Clock Pessimism Removal (CPR):    0.309ns
  Clock Uncertainty:      0.035ns  ((TSJ^2 + TIJ^2)^1/2 + DJ) / 2 + PE
    Total System Jitter     (TSJ):    0.071ns
    Total Input Jitter      (TIJ):    0.000ns
    Discrete Jitter          (DJ):    0.000ns
    Phase Error              (PE):    0.000ns

    Location             Delay type                Incr(ns)  Path(ns)    Netlist Resource(s)
  -------------------------------------------------------------------    -------------------
                         (clock daisy_clk rise edge)
                                                      0.000     0.000 r  
    N18                                               0.000     0.000 r  daisy_p_i[1] (IN)
                         net (fo=0)                   0.000     0.000    daisy_p_i[1]
    N18                  IBUFDS (Prop_ibufds_I_O)     0.945     0.945 r  i_IBUF_clkdaisy/O
                         net (fo=1, estimated)        2.076     3.021    adc_clk_daisy
    BUFGCTRL_X0Y4        BUFG (Prop_bufg_I_O)         0.102     3.123 r  adc_clk_daisy_BUFG_inst/O
                         net (fo=13, estimated)       1.731     4.854    adc_clk_daisy_BUFG
    SLICE_X42Y82         FDRE                                         r  daisy_cnt_reg[2]/C
  -------------------------------------------------------------------    -------------------
    SLICE_X42Y82         FDRE (Prop_fdre_C_Q)         0.478     5.332 r  daisy_cnt_reg[2]/Q
                         net (fo=7, estimated)        0.816     6.148    daisy_cnt_reg[2]
    SLICE_X41Y82         LUT3 (Prop_lut3_I2_O)        0.321     6.469 r  daisy_cnt[2]_i_1/O
                         net (fo=1, estimated)        0.329     6.798    p_0_in[2]
    SLICE_X42Y82         FDRE                                         r  daisy_cnt_reg[2]/D
  -------------------------------------------------------------------    -------------------

                         (clock daisy_clk rise edge)
                                                      8.000     8.000 r  
    N18                                               0.000     8.000 r  daisy_p_i[1] (IN)
                         net (fo=0)                   0.000     8.000    daisy_p_i[1]
    N18                  IBUFDS (Prop_ibufds_I_O)     0.902     8.902 r  i_IBUF_clkdaisy/O
                         net (fo=1, estimated)        1.972    10.875    adc_clk_daisy
    BUFGCTRL_X0Y4        BUFG (Prop_bufg_I_O)         0.092    10.967 r  adc_clk_daisy_BUFG_inst/O
                         net (fo=13, estimated)       1.554    12.521    adc_clk_daisy_BUFG
    SLICE_X42Y82         FDRE                                         r  daisy_cnt_reg[2]/C
                         clock pessimism              0.309    12.830    
                         clock uncertainty           -0.035    12.795    
    SLICE_X42Y82         FDRE (Setup_fdre_C_D)       -0.218    12.577    daisy_cnt_reg[2]
  -------------------------------------------------------------------
                         required time                         12.577    
                         arrival time                          -6.798    
  -------------------------------------------------------------------
                         slack                                  5.779    





Min Delay Paths
--------------------------------------------------------------------------------------
Slack (MET) :             0.233ns  (arrival time - required time)
  Source:                 daisy_cnt_reg[5]/C
                            (rising edge-triggered cell FDRE clocked by daisy_clk  {rise@0.000ns fall@4.000ns period=8.000ns})
  Destination:            daisy_cnt_reg[5]/D
                            (rising edge-triggered cell FDRE clocked by daisy_clk  {rise@0.000ns fall@4.000ns period=8.000ns})
  Path Group:             daisy_clk
  Path Type:              Hold (Min at Fast Process Corner)
  Requirement:            0.000ns  (daisy_clk rise@0.000ns - daisy_clk rise@0.000ns)
  Data Path Delay:        0.340ns  (logic 0.186ns (54.729%)  route 0.154ns (45.271%))
  Logic Levels:           1  (LUT6=1)
  Clock Path Skew:        0.015ns (DCD - SCD - CPR)
    Destination Clock Delay (DCD):    2.196ns
    Source Clock Delay      (SCD):    1.847ns
    Clock Pessimism Removal (CPR):    0.334ns

    Location             Delay type                Incr(ns)  Path(ns)    Netlist Resource(s)
  -------------------------------------------------------------------    -------------------
                         (clock daisy_clk rise edge)
                                                      0.000     0.000 r  
    N18                                               0.000     0.000 r  daisy_p_i[1] (IN)
                         net (fo=0)                   0.000     0.000    daisy_p_i[1]
    N18                  IBUFDS (Prop_ibufds_I_O)     0.364     0.364 r  i_IBUF_clkdaisy/O
                         net (fo=1, estimated)        0.875     1.239    adc_clk_daisy
    BUFGCTRL_X0Y4        BUFG (Prop_bufg_I_O)         0.027     1.266 r  adc_clk_daisy_BUFG_inst/O
                         net (fo=13, estimated)       0.581     1.847    adc_clk_daisy_BUFG
    SLICE_X43Y82         FDRE                                         r  daisy_cnt_reg[5]/C
  -------------------------------------------------------------------    -------------------
    SLICE_X43Y82         FDRE (Prop_fdre_C_Q)         0.141     1.988 r  daisy_cnt_reg[5]/Q
                         net (fo=4, estimated)        0.154     2.142    daisy_cnt_reg[5]
    SLICE_X43Y82         LUT6 (Prop_lut6_I5_O)        0.045     2.187 r  daisy_cnt[5]_i_1/O
                         net (fo=1, routed)           0.000     2.187    p_0_in[5]
    SLICE_X43Y82         FDRE                                         r  daisy_cnt_reg[5]/D
  -------------------------------------------------------------------    -------------------

                         (clock daisy_clk rise edge)
                                                      0.000     0.000 r  
    N18                                               0.000     0.000 r  daisy_p_i[1] (IN)
                         net (fo=0)                   0.000     0.000    daisy_p_i[1]
    N18                  IBUFDS (Prop_ibufds_I_O)     0.395     0.395 r  i_IBUF_clkdaisy/O
                         net (fo=1, estimated)        0.921     1.316    adc_clk_daisy
    BUFGCTRL_X0Y4        BUFG (Prop_bufg_I_O)         0.030     1.346 r  adc_clk_daisy_BUFG_inst/O
                         net (fo=13, estimated)       0.850     2.196    adc_clk_daisy_BUFG
    SLICE_X43Y82         FDRE                                         r  daisy_cnt_reg[5]/C
                         clock pessimism             -0.334     1.862    
    SLICE_X43Y82         FDRE (Hold_fdre_C_D)         0.092     1.954    daisy_cnt_reg[5]
  -------------------------------------------------------------------
                         required time                         -1.954    
                         arrival time                           2.187    
  -------------------------------------------------------------------
                         slack                                  0.233    





Pulse Width Checks
--------------------------------------------------------------------------------------
Clock Name:         daisy_clk
Waveform(ns):       { 0.000 4.000 }
Period(ns):         8.000
Sources:            { daisy_p_i[1] }

Check Type        Corner  Lib Pin  Reference Pin  Required(ns)  Actual(ns)  Slack(ns)  Location       Pin
Min Period        n/a     BUFG/I   n/a            2.155         8.000       5.845      BUFGCTRL_X0Y4  adc_clk_daisy_BUFG_inst/I
Low Pulse Width   Slow    FDRE/C   n/a            0.500         4.000       3.500      SLICE_X41Y81   daisy_cnt_reg[7]/C
High Pulse Width  Fast    FDRE/C   n/a            0.500         4.000       3.500      SLICE_X43Y82   daisy_cnt_reg[0]/C



---------------------------------------------------------------------------------------------------
From Clock:  system_wrapper_i/clk_gen/inst/clk_in1
  To Clock:  system_wrapper_i/clk_gen/inst/clk_in1

Setup :           NA  Failing Endpoints,  Worst Slack           NA  ,  Total Violation           NA
Hold  :           NA  Failing Endpoints,  Worst Slack           NA  ,  Total Violation           NA
PW    :            0  Failing Endpoints,  Worst Slack        2.000ns,  Total Violation        0.000ns
---------------------------------------------------------------------------------------------------


Pulse Width Checks
--------------------------------------------------------------------------------------
Clock Name:         system_wrapper_i/clk_gen/inst/clk_in1
Waveform(ns):       { 0.000 4.000 }
Period(ns):         8.000
Sources:            { system_wrapper_i/clk_gen/inst/clk_in1 }

Check Type        Corner  Lib Pin            Reference Pin  Required(ns)  Actual(ns)  Slack(ns)  Location         Pin
Min Period        n/a     MMCME2_ADV/CLKIN1  n/a            1.249         8.000       6.751      MMCME2_ADV_X0Y0  system_wrapper_i/clk_gen/inst/mmcm_adv_inst/CLKIN1
Max Period        n/a     MMCME2_ADV/CLKIN1  n/a            100.000       8.000       92.000     MMCME2_ADV_X0Y0  system_wrapper_i/clk_gen/inst/mmcm_adv_inst/CLKIN1
Low Pulse Width   Slow    MMCME2_ADV/CLKIN1  n/a            2.000         4.000       2.000      MMCME2_ADV_X0Y0  system_wrapper_i/clk_gen/inst/mmcm_adv_inst/CLKIN1
High Pulse Width  Slow    MMCME2_ADV/CLKIN1  n/a            2.000         4.000       2.000      MMCME2_ADV_X0Y0  system_wrapper_i/clk_gen/inst/mmcm_adv_inst/CLKIN1



---------------------------------------------------------------------------------------------------
From Clock:  clk_125_system_clk_gen_0
  To Clock:  clk_125_system_clk_gen_0

Setup :          616  Failing Endpoints,  Worst Slack       -8.470ns,  Total Violation    -1979.012ns
Hold  :          143  Failing Endpoints,  Worst Slack       -0.094ns,  Total Violation       -4.880ns
PW    :            0  Failing Endpoints,  Worst Slack        2.750ns,  Total Violation        0.000ns
---------------------------------------------------------------------------------------------------


Max Delay Paths
--------------------------------------------------------------------------------------
Slack (VIOLATED) :        -8.470ns  (required time - arrival time)
  Source:                 system_wrapper_i/rp_oscilloscope/inst/U_scope_cfg/cfg_bp_coeff_b2_s0_reg[24]/C
                            (rising edge-triggered cell FDRE clocked by clk_125_system_clk_gen_0  {rise@0.000ns fall@4.000ns period=8.000ns})
  Destination:            system_wrapper_i/rp_oscilloscope/inst/acq_ch_gen[0].U_osc2/U_bandpass_filter/U_seccion0/m_axis_tdata[4]_i_1_psdsp_1/D
                            (rising edge-triggered cell FDRE clocked by clk_125_system_clk_gen_0  {rise@0.000ns fall@4.000ns period=8.000ns})
  Path Group:             clk_125_system_clk_gen_0
  Path Type:              Setup (Max at Slow Process Corner)
  Requirement:            8.000ns  (clk_125_system_clk_gen_0 rise@8.000ns - clk_125_system_clk_gen_0 rise@0.000ns)
  Data Path Delay:        16.272ns  (logic 11.657ns (71.638%)  route 4.615ns (28.362%))
  Logic Levels:           15  (CARRY4=8 DSP48E1=3 LUT1=1 LUT2=1 LUT3=2)
  Clock Path Skew:        -0.070ns (DCD - SCD + CPR)
    Destination Clock Delay (DCD):    -2.821ns = ( 5.179 - 8.000 ) 
    Source Clock Delay      (SCD):    -2.280ns
    Clock Pessimism Removal (CPR):    0.471ns
  Clock Uncertainty:      0.069ns  ((TSJ^2 + DJ^2)^1/2) / 2 + PE
    Total System Jitter     (TSJ):    0.071ns
    Discrete Jitter          (DJ):    0.119ns
    Phase Error              (PE):    0.000ns

    Location             Delay type                Incr(ns)  Path(ns)    Netlist Resource(s)
  -------------------------------------------------------------------    -------------------
                         (clock clk_125_system_clk_gen_0 rise edge)
                                                      0.000     0.000 r  
    U18                  IBUFDS                       0.000     0.000 r  i_IBUF_clkadc/O
                         net (fo=4, estimated)        1.285     1.285    system_wrapper_i/clk_gen/inst/clk_in1
    MMCME2_ADV_X0Y0      MMCME2_ADV (Prop_mmcme2_adv_CLKIN1_CLKOUT0)
                                                     -7.085    -5.800 r  system_wrapper_i/clk_gen/inst/mmcm_adv_inst/CLKOUT0
                         net (fo=1, estimated)        1.760    -4.040    system_wrapper_i/clk_gen/inst/clk_125_system_clk_gen_0
    BUFGCTRL_X0Y0        BUFG (Prop_bufg_I_O)         0.101    -3.939 r  system_wrapper_i/clk_gen/inst/clkout1_buf/O
                         net (fo=9645, estimated)     1.659    -2.280    system_wrapper_i/rp_oscilloscope/inst/U_scope_cfg/clk_adc_i
    SLICE_X32Y58         FDRE                                         r  system_wrapper_i/rp_oscilloscope/inst/U_scope_cfg/cfg_bp_coeff_b2_s0_reg[24]/C
  -------------------------------------------------------------------    -------------------
    SLICE_X32Y58         FDRE (Prop_fdre_C_Q)         0.518    -1.762 r  system_wrapper_i/rp_oscilloscope/inst/U_scope_cfg/cfg_bp_coeff_b2_s0_reg[24]/Q
                         net (fo=13, estimated)       0.593    -1.169    system_wrapper_i/rp_oscilloscope/inst/acq_ch_gen[0].U_osc2/U_bandpass_filter/U_seccion0/cfg_coeff_b2[24]
    DSP48_X1Y22          DSP48E1 (Prop_dsp48e1_A[26]_PCOUT[47])
                                                      4.036     2.867 r  system_wrapper_i/rp_oscilloscope/inst/acq_ch_gen[0].U_osc2/U_bandpass_filter/U_seccion0/prod_b2/PCOUT[47]
                         net (fo=1, estimated)        0.000     2.867    system_wrapper_i/rp_oscilloscope/inst/acq_ch_gen[0].U_osc2/U_bandpass_filter/U_seccion0/prod_b2_n_106
    DSP48_X1Y23          DSP48E1 (Prop_dsp48e1_PCIN[47]_PCOUT[47])
                                                      1.713     4.580 r  system_wrapper_i/rp_oscilloscope/inst/acq_ch_gen[0].U_osc2/U_bandpass_filter/U_seccion0/acc_scaled0/PCOUT[47]
                         net (fo=1, estimated)        0.000     4.580    system_wrapper_i/rp_oscilloscope/inst/acq_ch_gen[0].U_osc2/U_bandpass_filter/U_seccion0/acc_scaled0_n_106
    DSP48_X1Y24          DSP48E1 (Prop_dsp48e1_PCIN[47]_P[19])
                                                      1.518     6.098 f  system_wrapper_i/rp_oscilloscope/inst/acq_ch_gen[0].U_osc2/U_bandpass_filter/U_seccion0/acc_scaled0__0/P[19]
                         net (fo=2, estimated)        0.799     6.897    system_wrapper_i/rp_oscilloscope/inst/acq_ch_gen[0].U_osc2/U_bandpass_filter/U_seccion0/acc_scaled0__0_n_86
    SLICE_X26Y63         LUT1 (Prop_lut1_I0_O)        0.124     7.021 r  system_wrapper_i/rp_oscilloscope/inst/acq_ch_gen[0].U_osc2/U_bandpass_filter/U_seccion0/m_axis_tdata[3]_i_35/O
                         net (fo=1, routed)           0.000     7.021    system_wrapper_i/rp_oscilloscope/inst/acq_ch_gen[0].U_osc2/U_bandpass_filter/U_seccion0/m_axis_tdata[3]_i_35_n_0
    SLICE_X26Y63         CARRY4 (Prop_carry4_S[1]_CO[3])
                                                      0.550     7.571 r  system_wrapper_i/rp_oscilloscope/inst/acq_ch_gen[0].U_osc2/U_bandpass_filter/U_seccion0/m_axis_tdata_reg[3]_i_21/CO[3]
                         net (fo=1, estimated)        0.000     7.571    system_wrapper_i/rp_oscilloscope/inst/acq_ch_gen[0].U_osc2/U_bandpass_filter/U_seccion0/m_axis_tdata_reg[3]_i_21_n_0
    SLICE_X26Y64         CARRY4 (Prop_carry4_CI_CO[3])
                                                      0.114     7.685 r  system_wrapper_i/rp_oscilloscope/inst/acq_ch_gen[0].U_osc2/U_bandpass_filter/U_seccion0/m_axis_tdata_reg[7]_i_11/CO[3]
                         net (fo=1, estimated)        0.000     7.685    system_wrapper_i/rp_oscilloscope/inst/acq_ch_gen[0].U_osc2/U_bandpass_filter/U_seccion0/m_axis_tdata_reg[7]_i_11_n_0
    SLICE_X26Y65         CARRY4 (Prop_carry4_CI_CO[3])
                                                      0.114     7.799 r  system_wrapper_i/rp_oscilloscope/inst/acq_ch_gen[0].U_osc2/U_bandpass_filter/U_seccion0/m_axis_tdata_reg[11]_i_11/CO[3]
                         net (fo=1, estimated)        0.000     7.799    system_wrapper_i/rp_oscilloscope/inst/acq_ch_gen[0].U_osc2/U_bandpass_filter/U_seccion0/m_axis_tdata_reg[11]_i_11_n_0
    SLICE_X26Y66         CARRY4 (Prop_carry4_CI_O[1])
                                                      0.334     8.133 r  system_wrapper_i/rp_oscilloscope/inst/acq_ch_gen[0].U_osc2/U_bandpass_filter/U_seccion0/m_axis_tdata_reg[15]_i_23/O[1]
                         net (fo=3, estimated)        0.432     8.565    system_wrapper_i/rp_oscilloscope/inst/acq_ch_gen[0].U_osc2/U_bandpass_filter/U_seccion0/PCIN[31]
    SLICE_X27Y64         LUT3 (Prop_lut3_I1_O)        0.303     8.868 r  system_wrapper_i/rp_oscilloscope/inst/acq_ch_gen[0].U_osc2/U_bandpass_filter/U_seccion0/m_axis_tdata[15]_i_9/O
                         net (fo=1, estimated)        0.622     9.490    system_wrapper_i/rp_oscilloscope/inst/acq_ch_gen[0].U_osc2/U_bandpass_filter/U_seccion0/m_axis_tdata[15]_i_9_n_0
    SLICE_X30Y67         CARRY4 (Prop_carry4_DI[0]_CO[3])
                                                      0.550    10.040 r  system_wrapper_i/rp_oscilloscope/inst/acq_ch_gen[0].U_osc2/U_bandpass_filter/U_seccion0/m_axis_tdata_reg[15]_i_3/CO[3]
                         net (fo=1, estimated)        0.000    10.040    system_wrapper_i/rp_oscilloscope/inst/acq_ch_gen[0].U_osc2/U_bandpass_filter/U_seccion0/m_axis_tdata_reg[15]_i_3_n_0
    SLICE_X30Y68         CARRY4 (Prop_carry4_CI_O[1])
                                                      0.323    10.363 f  system_wrapper_i/rp_oscilloscope/inst/acq_ch_gen[0].U_osc2/U_bandpass_filter/U_seccion0/m_axis_tdata_reg[15]_i_58/O[1]
                         net (fo=4, estimated)        0.791    11.154    system_wrapper_i/rp_oscilloscope/inst/acq_ch_gen[0].U_osc2/U_bandpass_filter/U_seccion0/acc_scaled[17]
    SLICE_X30Y73         LUT2 (Prop_lut2_I1_O)        0.306    11.460 r  system_wrapper_i/rp_oscilloscope/inst/acq_ch_gen[0].U_osc2/U_bandpass_filter/U_seccion0/m_axis_tdata[15]_i_40/O
                         net (fo=1, routed)           0.000    11.460    system_wrapper_i/rp_oscilloscope/inst/acq_ch_gen[0].U_osc2/U_bandpass_filter/U_seccion0/m_axis_tdata[15]_i_40_n_0
    SLICE_X30Y73         CARRY4 (Prop_carry4_S[1]_CO[3])
                                                      0.533    11.993 r  system_wrapper_i/rp_oscilloscope/inst/acq_ch_gen[0].U_osc2/U_bandpass_filter/U_seccion0/m_axis_tdata_reg[15]_i_17/CO[3]
                         net (fo=1, estimated)        0.000    11.993    system_wrapper_i/rp_oscilloscope/inst/acq_ch_gen[0].U_osc2/U_bandpass_filter/U_seccion0/m_axis_tdata_reg[15]_i_17_n_0
    SLICE_X30Y74         CARRY4 (Prop_carry4_CI_CO[0])
                                                      0.254    12.247 r  system_wrapper_i/rp_oscilloscope/inst/acq_ch_gen[0].U_osc2/U_bandpass_filter/U_seccion0/m_axis_tdata_reg[15]_i_5/CO[0]
                         net (fo=16, estimated)       0.777    13.024    system_wrapper_i/rp_oscilloscope/inst/acq_ch_gen[0].U_osc2/U_bandpass_filter/U_seccion0/y_next1
    SLICE_X30Y70         LUT3 (Prop_lut3_I0_O)        0.367    13.391 r  system_wrapper_i/rp_oscilloscope/inst/acq_ch_gen[0].U_osc2/U_bandpass_filter/U_seccion0/m_axis_tdata[4]_i_1/O
                         net (fo=3, estimated)        0.601    13.992    system_wrapper_i/rp_oscilloscope/inst/acq_ch_gen[0].U_osc2/U_bandpass_filter/U_seccion0/y_next[4]
    SLICE_X28Y70         FDRE                                         r  system_wrapper_i/rp_oscilloscope/inst/acq_ch_gen[0].U_osc2/U_bandpass_filter/U_seccion0/m_axis_tdata[4]_i_1_psdsp_1/D
  -------------------------------------------------------------------    -------------------

                         (clock clk_125_system_clk_gen_0 rise edge)
                                                      8.000     8.000 r  
    U18                  IBUFDS                       0.000     8.000 r  i_IBUF_clkadc/O
                         net (fo=4, estimated)        1.221     9.221    system_wrapper_i/clk_gen/inst/clk_in1
    MMCME2_ADV_X0Y0      MMCME2_ADV (Prop_mmcme2_adv_CLKIN1_CLKOUT0)
                                                     -7.279     1.942 r  system_wrapper_i/clk_gen/inst/mmcm_adv_inst/CLKOUT0
                         net (fo=1, estimated)        1.672     3.614    system_wrapper_i/clk_gen/inst/clk_125_system_clk_gen_0
    BUFGCTRL_X0Y0        BUFG (Prop_bufg_I_O)         0.091     3.705 r  system_wrapper_i/clk_gen/inst/clkout1_buf/O
                         net (fo=9645, estimated)     1.474     5.179    system_wrapper_i/rp_oscilloscope/inst/acq_ch_gen[0].U_osc2/U_bandpass_filter/U_seccion0/clk
    SLICE_X28Y70         FDRE                                         r  system_wrapper_i/rp_oscilloscope/inst/acq_ch_gen[0].U_osc2/U_bandpass_filter/U_seccion0/m_axis_tdata[4]_i_1_psdsp_1/C
                         clock pessimism              0.471     5.650    
                         clock uncertainty           -0.069     5.581    
    SLICE_X28Y70         FDRE (Setup_fdre_C_D)       -0.059     5.522    system_wrapper_i/rp_oscilloscope/inst/acq_ch_gen[0].U_osc2/U_bandpass_filter/U_seccion0/m_axis_tdata[4]_i_1_psdsp_1
  -------------------------------------------------------------------
                         required time                          5.522    
                         arrival time                         -13.992    
  -------------------------------------------------------------------
                         slack                                 -8.470    





Min Delay Paths
--------------------------------------------------------------------------------------
Slack (VIOLATED) :        -0.094ns  (arrival time - required time)
  Source:                 system_wrapper_i/rp_oscilloscope/inst/acq_ch_gen[1].U_osc2/U_dma_s2mm/U_dma_s2mm_upsize/upsize_buf_reg[4][3]/C
                            (rising edge-triggered cell FDRE clocked by clk_125_system_clk_gen_0  {rise@0.000ns fall@4.000ns period=8.000ns})
  Destination:            system_wrapper_i/rp_oscilloscope/inst/acq_ch_gen[1].U_osc2/U_dma_s2mm/U_fifo_axi_data/U0/inst_fifo_gen/gconvfifo.rf/grf.rf/gntv_or_sync_fifo.mem/gbm.gbmg.gbmga.ngecc.bmg/inst_blk_mem_gen/gnbram.gnativebmg.native_blk_mem_gen/valid.cstr/ramloop[0].ram.r/prim_noinit.ram/DEVICE_7SERIES.NO_BMM_INFO.SDP.WIDE_PRIM36_NO_ECC.ram/DIBDI[3]
                            (rising edge-triggered cell RAMB36E1 clocked by clk_125_system_clk_gen_0  {rise@0.000ns fall@4.000ns period=8.000ns})
  Path Group:             clk_125_system_clk_gen_0
  Path Type:              Hold (Min at Fast Process Corner)
  Requirement:            0.000ns  (clk_125_system_clk_gen_0 rise@0.000ns - clk_125_system_clk_gen_0 rise@0.000ns)
  Data Path Delay:        0.280ns  (logic 0.141ns (50.415%)  route 0.139ns (49.585%))
  Logic Levels:           0  
  Clock Path Skew:        0.077ns (DCD - SCD - CPR)
    Destination Clock Delay (DCD):    -1.095ns
    Source Clock Delay      (SCD):    -0.703ns
    Clock Pessimism Removal (CPR):    -0.469ns

    Location             Delay type                Incr(ns)  Path(ns)    Netlist Resource(s)
  -------------------------------------------------------------------    -------------------
                         (clock clk_125_system_clk_gen_0 rise edge)
                                                      0.000     0.000 r  
    U18                  IBUFDS                       0.000     0.000 r  i_IBUF_clkadc/O
                         net (fo=4, estimated)        0.542     0.542    system_wrapper_i/clk_gen/inst/clk_in1
    MMCME2_ADV_X0Y0      MMCME2_ADV (Prop_mmcme2_adv_CLKIN1_CLKOUT0)
                                                     -2.577    -2.035 r  system_wrapper_i/clk_gen/inst/mmcm_adv_inst/CLKOUT0
                         net (fo=1, estimated)        0.742    -1.293    system_wrapper_i/clk_gen/inst/clk_125_system_clk_gen_0
    BUFGCTRL_X0Y0        BUFG (Prop_bufg_I_O)         0.026    -1.267 r  system_wrapper_i/clk_gen/inst/clkout1_buf/O
                         net (fo=9645, estimated)     0.564    -0.703    system_wrapper_i/rp_oscilloscope/inst/acq_ch_gen[1].U_osc2/U_dma_s2mm/U_dma_s2mm_upsize/clk
    SLICE_X29Y3          FDRE                                         r  system_wrapper_i/rp_oscilloscope/inst/acq_ch_gen[1].U_osc2/U_dma_s2mm/U_dma_s2mm_upsize/upsize_buf_reg[4][3]/C
  -------------------------------------------------------------------    -------------------
    SLICE_X29Y3          FDRE (Prop_fdre_C_Q)         0.141    -0.562 r  system_wrapper_i/rp_oscilloscope/inst/acq_ch_gen[1].U_osc2/U_dma_s2mm/U_dma_s2mm_upsize/upsize_buf_reg[4][3]/Q
                         net (fo=2, estimated)        0.139    -0.424    system_wrapper_i/rp_oscilloscope/inst/acq_ch_gen[1].U_osc2/U_dma_s2mm/U_fifo_axi_data/U0/inst_fifo_gen/gconvfifo.rf/grf.rf/gntv_or_sync_fifo.mem/gbm.gbmg.gbmga.ngecc.bmg/inst_blk_mem_gen/gnbram.gnativebmg.native_blk_mem_gen/valid.cstr/ramloop[0].ram.r/prim_noinit.ram/DINA[39]
    RAMB36_X1Y0          RAMB36E1                                     r  system_wrapper_i/rp_oscilloscope/inst/acq_ch_gen[1].U_osc2/U_dma_s2mm/U_fifo_axi_data/U0/inst_fifo_gen/gconvfifo.rf/grf.rf/gntv_or_sync_fifo.mem/gbm.gbmg.gbmga.ngecc.bmg/inst_blk_mem_gen/gnbram.gnativebmg.native_blk_mem_gen/valid.cstr/ramloop[0].ram.r/prim_noinit.ram/DEVICE_7SERIES.NO_BMM_INFO.SDP.WIDE_PRIM36_NO_ECC.ram/DIBDI[3]
  -------------------------------------------------------------------    -------------------

                         (clock clk_125_system_clk_gen_0 rise edge)
                                                      0.000     0.000 r  
    U18                  IBUFDS                       0.000     0.000 r  i_IBUF_clkadc/O
                         net (fo=4, estimated)        0.570     0.570    system_wrapper_i/clk_gen/inst/clk_in1
    MMCME2_ADV_X0Y0      MMCME2_ADV (Prop_mmcme2_adv_CLKIN1_CLKOUT0)
                                                     -3.351    -2.781 r  system_wrapper_i/clk_gen/inst/mmcm_adv_inst/CLKOUT0
                         net (fo=1, estimated)        0.781    -2.000    system_wrapper_i/clk_gen/inst/clk_125_system_clk_gen_0
    BUFGCTRL_X0Y0        BUFG (Prop_bufg_I_O)         0.029    -1.971 r  system_wrapper_i/clk_gen/inst/clkout1_buf/O
                         net (fo=9645, estimated)     0.875    -1.095    system_wrapper_i/rp_oscilloscope/inst/acq_ch_gen[1].U_osc2/U_dma_s2mm/U_fifo_axi_data/U0/inst_fifo_gen/gconvfifo.rf/grf.rf/gntv_or_sync_fifo.mem/gbm.gbmg.gbmga.ngecc.bmg/inst_blk_mem_gen/gnbram.gnativebmg.native_blk_mem_gen/valid.cstr/ramloop[0].ram.r/prim_noinit.ram/CLKA
    RAMB36_X1Y0          RAMB36E1                                     r  system_wrapper_i/rp_oscilloscope/inst/acq_ch_gen[1].U_osc2/U_dma_s2mm/U_fifo_axi_data/U0/inst_fifo_gen/gconvfifo.rf/grf.rf/gntv_or_sync_fifo.mem/gbm.gbmg.gbmga.ngecc.bmg/inst_blk_mem_gen/gnbram.gnativebmg.native_blk_mem_gen/valid.cstr/ramloop[0].ram.r/prim_noinit.ram/DEVICE_7SERIES.NO_BMM_INFO.SDP.WIDE_PRIM36_NO_ECC.ram/CLKBWRCLK
                         clock pessimism              0.469    -0.626    
    RAMB36_X1Y0          RAMB36E1 (Hold_ramb36e1_CLKBWRCLK_DIBDI[3])
                                                      0.296    -0.330    system_wrapper_i/rp_oscilloscope/inst/acq_ch_gen[1].U_osc2/U_dma_s2mm/U_fifo_axi_data/U0/inst_fifo_gen/gconvfifo.rf/grf.rf/gntv_or_sync_fifo.mem/gbm.gbmg.gbmga.ngecc.bmg/inst_blk_mem_gen/gnbram.gnativebmg.native_blk_mem_gen/valid.cstr/ramloop[0].ram.r/prim_noinit.ram/DEVICE_7SERIES.NO_BMM_INFO.SDP.WIDE_PRIM36_NO_ECC.ram
  -------------------------------------------------------------------
                         required time                          0.330    
                         arrival time                          -0.424    
  -------------------------------------------------------------------
                         slack                                 -0.094    





Pulse Width Checks
--------------------------------------------------------------------------------------
Clock Name:         clk_125_system_clk_gen_0
Waveform(ns):       { 0.000 4.000 }
Period(ns):         8.000
Sources:            { system_wrapper_i/clk_gen/inst/mmcm_adv_inst/CLKOUT0 }

Check Type        Corner  Lib Pin             Reference Pin  Required(ns)  Actual(ns)  Slack(ns)  Location         Pin
Min Period        n/a     XADC/DCLK           n/a            4.000         8.000       4.000      XADC_X0Y0        system_wrapper_i/xadc/inst/AXI_XADC_CORE_I/XADC_INST/DCLK
Max Period        n/a     MMCME2_ADV/CLKOUT0  n/a            213.360       8.000       205.360    MMCME2_ADV_X0Y0  system_wrapper_i/clk_gen/inst/mmcm_adv_inst/CLKOUT0
Low Pulse Width   Slow    RAMD32/CLK          n/a            1.250         4.000       2.750      SLICE_X38Y16     system_wrapper_i/rp_oscilloscope/inst/acq_ch_gen[1].U_osc2/U_dma_s2mm/U_dma_s2mm_ctrl/U_fifo_axi_req/U0/inst_fifo_gen/gconvfifo.rf/grf.rf/gntv_or_sync_fifo.mem/gdm.dm_gen.dm/RAM_reg_0_15_0_5/RAMA/CLK
High Pulse Width  Slow    RAMD32/CLK          n/a            1.250         4.000       2.750      SLICE_X38Y21     system_wrapper_i/rp_oscilloscope/inst/acq_ch_gen[0].U_osc2/U_dma_s2mm/U_dma_s2mm_ctrl/U_dma_s2mm_data_ctrl/U_fifo_axi_req/U0/inst_fifo_gen/gconvfifo.rf/grf.rf/gntv_or_sync_fifo.mem/gdm.dm_gen.dm/RAM_reg_0_15_0_5/RAMA/CLK



---------------------------------------------------------------------------------------------------
From Clock:  clk_200_system_clk_gen_0
  To Clock:  clk_200_system_clk_gen_0

Setup :            0  Failing Endpoints,  Worst Slack        0.020ns,  Total Violation        0.000ns
Hold  :            6  Failing Endpoints,  Worst Slack       -0.043ns,  Total Violation       -0.157ns
PW    :            0  Failing Endpoints,  Worst Slack        1.020ns,  Total Violation        0.000ns
---------------------------------------------------------------------------------------------------


Max Delay Paths
--------------------------------------------------------------------------------------
Slack (MET) :             0.020ns  (required time - arrival time)
  Source:                 system_wrapper_i/rp_dac/inst/U_dac1/U_dma_mm2s/U_dma_mm2s_ctrl/full_cnt_reg[1]/C
                            (rising edge-triggered cell FDRE clocked by clk_200_system_clk_gen_0  {rise@0.000ns fall@2.000ns period=4.000ns})
  Destination:            system_wrapper_i/rp_dac/inst/U_dac1/U_dma_mm2s/U_dma_mm2s_ctrl/buf_ovr_limit_reg/CE
                            (rising edge-triggered cell FDRE clocked by clk_200_system_clk_gen_0  {rise@0.000ns fall@2.000ns period=4.000ns})
  Path Group:             clk_200_system_clk_gen_0
  Path Type:              Setup (Max at Slow Process Corner)
  Requirement:            4.000ns  (clk_200_system_clk_gen_0 rise@4.000ns - clk_200_system_clk_gen_0 rise@0.000ns)
  Data Path Delay:        3.732ns  (logic 1.014ns (27.170%)  route 2.718ns (72.830%))
  Logic Levels:           4  (LUT4=1 LUT5=1 LUT6=2)
  Clock Path Skew:        -0.016ns (DCD - SCD + CPR)
    Destination Clock Delay (DCD):    -2.791ns = ( 1.209 - 4.000 ) 
    Source Clock Delay      (SCD):    -2.269ns
    Clock Pessimism Removal (CPR):    0.506ns
  Clock Uncertainty:      0.063ns  ((TSJ^2 + DJ^2)^1/2) / 2 + PE
    Total System Jitter     (TSJ):    0.071ns
    Discrete Jitter          (DJ):    0.105ns
    Phase Error              (PE):    0.000ns

    Location             Delay type                Incr(ns)  Path(ns)    Netlist Resource(s)
  -------------------------------------------------------------------    -------------------
                         (clock clk_200_system_clk_gen_0 rise edge)
                                                      0.000     0.000 r  
    U18                  IBUFDS                       0.000     0.000 r  i_IBUF_clkadc/O
                         net (fo=4, estimated)        1.285     1.285    system_wrapper_i/clk_gen/inst/clk_in1
    MMCME2_ADV_X0Y0      MMCME2_ADV (Prop_mmcme2_adv_CLKIN1_CLKOUT1)
                                                     -7.085    -5.800 r  system_wrapper_i/clk_gen/inst/mmcm_adv_inst/CLKOUT1
                         net (fo=1, estimated)        1.760    -4.040    system_wrapper_i/clk_gen/inst/clk_200_system_clk_gen_0
    BUFGCTRL_X0Y2        BUFG (Prop_bufg_I_O)         0.101    -3.939 r  system_wrapper_i/clk_gen/inst/clkout2_buf/O
                         net (fo=1217, estimated)     1.670    -2.269    system_wrapper_i/rp_dac/inst/U_dac1/U_dma_mm2s/U_dma_mm2s_ctrl/m_axi_aclk
    SLICE_X6Y28          FDRE                                         r  system_wrapper_i/rp_dac/inst/U_dac1/U_dma_mm2s/U_dma_mm2s_ctrl/full_cnt_reg[1]/C
  -------------------------------------------------------------------    -------------------
    SLICE_X6Y28          FDRE (Prop_fdre_C_Q)         0.518    -1.751 f  system_wrapper_i/rp_dac/inst/U_dac1/U_dma_mm2s/U_dma_mm2s_ctrl/full_cnt_reg[1]/Q
                         net (fo=6, estimated)        0.773    -0.978    system_wrapper_i/rp_dac/inst/U_dac1/U_dma_mm2s/U_dma_mm2s_ctrl/full_cnt_reg_n_0_[1]
    SLICE_X8Y28          LUT4 (Prop_lut4_I1_O)        0.124    -0.854 f  system_wrapper_i/rp_dac/inst/U_dac1/U_dma_mm2s/U_dma_mm2s_ctrl/U_dma_mm2s_data_ctrl_i_2/O
                         net (fo=2, estimated)        0.462    -0.392    system_wrapper_i/rp_dac/inst/U_dac1/U_dma_mm2s/U_dma_mm2s_ctrl/U_dma_mm2s_data_ctrl_i_2_n_0
    SLICE_X6Y28          LUT5 (Prop_lut5_I3_O)        0.124    -0.268 r  system_wrapper_i/rp_dac/inst/U_dac1/U_dma_mm2s/U_dma_mm2s_ctrl/U_dma_mm2s_data_ctrl_i_1/O
                         net (fo=8, estimated)        0.641     0.373    system_wrapper_i/rp_dac/inst/U_dac1/U_dma_mm2s/U_dma_mm2s_ctrl/fifo_wait_full
    SLICE_X4Y31          LUT6 (Prop_lut6_I4_O)        0.124     0.497 r  system_wrapper_i/rp_dac/inst/U_dac1/U_dma_mm2s/U_dma_mm2s_ctrl/FSM_onehot_state_cs[4]_i_1/O
                         net (fo=12, estimated)       0.211     0.708    system_wrapper_i/rp_dac/inst/U_dac1/U_dma_mm2s/U_dma_mm2s_ctrl/state_ns
    SLICE_X4Y31          LUT6 (Prop_lut6_I4_O)        0.124     0.832 r  system_wrapper_i/rp_dac/inst/U_dac1/U_dma_mm2s/U_dma_mm2s_ctrl/buf_ovr_limit_reg_CE_cooolgate_en_gate_1566/O
                         net (fo=1, estimated)        0.631     1.463    system_wrapper_i/rp_dac/inst/U_dac1/U_dma_mm2s/U_dma_mm2s_ctrl/buf_ovr_limit_reg_CE_cooolgate_en_sig_240
    SLICE_X6Y36          FDRE                                         r  system_wrapper_i/rp_dac/inst/U_dac1/U_dma_mm2s/U_dma_mm2s_ctrl/buf_ovr_limit_reg/CE
  -------------------------------------------------------------------    -------------------

                         (clock clk_200_system_clk_gen_0 rise edge)
                                                      4.000     4.000 r  
    U18                  IBUFDS                       0.000     4.000 r  i_IBUF_clkadc/O
                         net (fo=4, estimated)        1.221     5.221    system_wrapper_i/clk_gen/inst/clk_in1
    MMCME2_ADV_X0Y0      MMCME2_ADV (Prop_mmcme2_adv_CLKIN1_CLKOUT1)
                                                     -7.279    -2.058 r  system_wrapper_i/clk_gen/inst/mmcm_adv_inst/CLKOUT1
                         net (fo=1, estimated)        1.672    -0.386    system_wrapper_i/clk_gen/inst/clk_200_system_clk_gen_0
    BUFGCTRL_X0Y2        BUFG (Prop_bufg_I_O)         0.091    -0.295 r  system_wrapper_i/clk_gen/inst/clkout2_buf/O
                         net (fo=1217, estimated)     1.504     1.209    system_wrapper_i/rp_dac/inst/U_dac1/U_dma_mm2s/U_dma_mm2s_ctrl/m_axi_aclk
    SLICE_X6Y36          FDRE                                         r  system_wrapper_i/rp_dac/inst/U_dac1/U_dma_mm2s/U_dma_mm2s_ctrl/buf_ovr_limit_reg/C
                         clock pessimism              0.506     1.715    
                         clock uncertainty           -0.063     1.652    
    SLICE_X6Y36          FDRE (Setup_fdre_C_CE)      -0.169     1.483    system_wrapper_i/rp_dac/inst/U_dac1/U_dma_mm2s/U_dma_mm2s_ctrl/buf_ovr_limit_reg
  -------------------------------------------------------------------
                         required time                          1.483    
                         arrival time                          -1.463    
  -------------------------------------------------------------------
                         slack                                  0.020    





Min Delay Paths
--------------------------------------------------------------------------------------
Slack (VIOLATED) :        -0.043ns  (arrival time - required time)
  Source:                 system_wrapper_i/rp_dac/inst/U_dac1/U_dma_mm2s/fifo_wr_data_reg[38]/C
                            (rising edge-triggered cell FDRE clocked by clk_200_system_clk_gen_0  {rise@0.000ns fall@2.000ns period=4.000ns})
  Destination:            system_wrapper_i/rp_dac/inst/U_dac1/U_dma_mm2s/U_fifo_axi_data/U0/inst_fifo_gen/gconvfifo.rf/grf.rf/gntv_or_sync_fifo.mem/gbm.gbmg.gbmga.ngecc.bmg/inst_blk_mem_gen/gnbram.gnativebmg.native_blk_mem_gen/valid.cstr/ramloop[4].ram.r/prim_noinit.ram/DEVICE_7SERIES.NO_BMM_INFO.SDP.SIMPLE_PRIM36.ram/DIADI[7]
                            (rising edge-triggered cell RAMB36E1 clocked by clk_200_system_clk_gen_0  {rise@0.000ns fall@2.000ns period=4.000ns})
  Path Group:             clk_200_system_clk_gen_0
  Path Type:              Hold (Min at Fast Process Corner)
  Requirement:            0.000ns  (clk_200_system_clk_gen_0 rise@0.000ns - clk_200_system_clk_gen_0 rise@0.000ns)
  Data Path Delay:        0.307ns  (logic 0.141ns (45.917%)  route 0.166ns (54.083%))
  Logic Levels:           0  
  Clock Path Skew:        0.054ns (DCD - SCD - CPR)
    Destination Clock Delay (DCD):    -1.108ns
    Source Clock Delay      (SCD):    -0.693ns
    Clock Pessimism Removal (CPR):    -0.469ns

    Location             Delay type                Incr(ns)  Path(ns)    Netlist Resource(s)
  -------------------------------------------------------------------    -------------------
                         (clock clk_200_system_clk_gen_0 rise edge)
                                                      0.000     0.000 r  
    U18                  IBUFDS                       0.000     0.000 r  i_IBUF_clkadc/O
                         net (fo=4, estimated)        0.542     0.542    system_wrapper_i/clk_gen/inst/clk_in1
    MMCME2_ADV_X0Y0      MMCME2_ADV (Prop_mmcme2_adv_CLKIN1_CLKOUT1)
                                                     -2.577    -2.035 r  system_wrapper_i/clk_gen/inst/mmcm_adv_inst/CLKOUT1
                         net (fo=1, estimated)        0.742    -1.293    system_wrapper_i/clk_gen/inst/clk_200_system_clk_gen_0
    BUFGCTRL_X0Y2        BUFG (Prop_bufg_I_O)         0.026    -1.267 r  system_wrapper_i/clk_gen/inst/clkout2_buf/O
                         net (fo=1217, estimated)     0.574    -0.693    system_wrapper_i/rp_dac/inst/U_dac1/U_dma_mm2s/m_axi_aclk
    SLICE_X3Y23          FDRE                                         r  system_wrapper_i/rp_dac/inst/U_dac1/U_dma_mm2s/fifo_wr_data_reg[38]/C
  -------------------------------------------------------------------    -------------------
    SLICE_X3Y23          FDRE (Prop_fdre_C_Q)         0.141    -0.552 r  system_wrapper_i/rp_dac/inst/U_dac1/U_dma_mm2s/fifo_wr_data_reg[38]/Q
                         net (fo=1, estimated)        0.166    -0.386    system_wrapper_i/rp_dac/inst/U_dac1/U_dma_mm2s/U_fifo_axi_data/U0/inst_fifo_gen/gconvfifo.rf/grf.rf/gntv_or_sync_fifo.mem/gbm.gbmg.gbmga.ngecc.bmg/inst_blk_mem_gen/gnbram.gnativebmg.native_blk_mem_gen/valid.cstr/ramloop[4].ram.r/prim_noinit.ram/DINA[7]
    RAMB36_X0Y4          RAMB36E1                                     r  system_wrapper_i/rp_dac/inst/U_dac1/U_dma_mm2s/U_fifo_axi_data/U0/inst_fifo_gen/gconvfifo.rf/grf.rf/gntv_or_sync_fifo.mem/gbm.gbmg.gbmga.ngecc.bmg/inst_blk_mem_gen/gnbram.gnativebmg.native_blk_mem_gen/valid.cstr/ramloop[4].ram.r/prim_noinit.ram/DEVICE_7SERIES.NO_BMM_INFO.SDP.SIMPLE_PRIM36.ram/DIADI[7]
  -------------------------------------------------------------------    -------------------

                         (clock clk_200_system_clk_gen_0 rise edge)
                                                      0.000     0.000 r  
    U18                  IBUFDS                       0.000     0.000 r  i_IBUF_clkadc/O
                         net (fo=4, estimated)        0.570     0.570    system_wrapper_i/clk_gen/inst/clk_in1
    MMCME2_ADV_X0Y0      MMCME2_ADV (Prop_mmcme2_adv_CLKIN1_CLKOUT1)
                                                     -3.351    -2.781 r  system_wrapper_i/clk_gen/inst/mmcm_adv_inst/CLKOUT1
                         net (fo=1, estimated)        0.781    -2.000    system_wrapper_i/clk_gen/inst/clk_200_system_clk_gen_0
    BUFGCTRL_X0Y2        BUFG (Prop_bufg_I_O)         0.029    -1.971 r  system_wrapper_i/clk_gen/inst/clkout2_buf/O
                         net (fo=1217, estimated)     0.862    -1.108    system_wrapper_i/rp_dac/inst/U_dac1/U_dma_mm2s/U_fifo_axi_data/U0/inst_fifo_gen/gconvfifo.rf/grf.rf/gntv_or_sync_fifo.mem/gbm.gbmg.gbmga.ngecc.bmg/inst_blk_mem_gen/gnbram.gnativebmg.native_blk_mem_gen/valid.cstr/ramloop[4].ram.r/prim_noinit.ram/CLKA
    RAMB36_X0Y4          RAMB36E1                                     r  system_wrapper_i/rp_dac/inst/U_dac1/U_dma_mm2s/U_fifo_axi_data/U0/inst_fifo_gen/gconvfifo.rf/grf.rf/gntv_or_sync_fifo.mem/gbm.gbmg.gbmga.ngecc.bmg/inst_blk_mem_gen/gnbram.gnativebmg.native_blk_mem_gen/valid.cstr/ramloop[4].ram.r/prim_noinit.ram/DEVICE_7SERIES.NO_BMM_INFO.SDP.SIMPLE_PRIM36.ram/CLKARDCLK
                         clock pessimism              0.469    -0.639    
    RAMB36_X0Y4          RAMB36E1 (Hold_ramb36e1_CLKARDCLK_DIADI[7])
                                                      0.296    -0.343    system_wrapper_i/rp_dac/inst/U_dac1/U_dma_mm2s/U_fifo_axi_data/U0/inst_fifo_gen/gconvfifo.rf/grf.rf/gntv_or_sync_fifo.mem/gbm.gbmg.gbmga.ngecc.bmg/inst_blk_mem_gen/gnbram.gnativebmg.native_blk_mem_gen/valid.cstr/ramloop[4].ram.r/prim_noinit.ram/DEVICE_7SERIES.NO_BMM_INFO.SDP.SIMPLE_PRIM36.ram
  -------------------------------------------------------------------
                         required time                          0.343    
                         arrival time                          -0.386    
  -------------------------------------------------------------------
                         slack                                 -0.043    





Pulse Width Checks
--------------------------------------------------------------------------------------
Clock Name:         clk_200_system_clk_gen_0
Waveform(ns):       { 0.000 2.000 }
Period(ns):         4.000
Sources:            { system_wrapper_i/clk_gen/inst/mmcm_adv_inst/CLKOUT1 }

Check Type        Corner  Lib Pin             Reference Pin  Required(ns)  Actual(ns)  Slack(ns)  Location         Pin
Min Period        n/a     RAMB18E1/CLKARDCLK  n/a            2.576         4.000       1.424      RAMB18_X1Y4      system_wrapper_i/rp_dac/inst/U_dac1/U_dma_mm2s/U_fifo_axi_data/U0/inst_fifo_gen/gconvfifo.rf/grf.rf/gntv_or_sync_fifo.mem/gbm.gbmg.gbmga.ngecc.bmg/inst_blk_mem_gen/gnbram.gnativebmg.native_blk_mem_gen/valid.cstr/ramloop[0].ram.r/prim_noinit.ram/DEVICE_7SERIES.NO_BMM_INFO.SDP.SIMPLE_PRIM18.ram/CLKARDCLK
Max Period        n/a     MMCME2_ADV/CLKOUT1  n/a            213.360       4.000       209.360    MMCME2_ADV_X0Y0  system_wrapper_i/clk_gen/inst/mmcm_adv_inst/CLKOUT1
Low Pulse Width   Fast    SRL16E/CLK          n/a            0.980         2.000       1.020      SLICE_X4Y21      system_wrapper_i/rp_dac/inst/U_dac1/U_dma_mm2s/U_fifo_axi_data/U0/inst_fifo_gen/gconvfifo.rf/grf.rf/gntv_or_sync_fifo.mem/gbm.gbmg.gbmga.ngecc.bmg/inst_blk_mem_gen/gnbram.gnativebmg.native_blk_mem_gen/valid.cstr/ramloop[1].ram.r/SAFETY_CKT_GEN.RSTA_SHFT_REG_reg[3]_srl3/CLK
High Pulse Width  Slow    SRL16E/CLK          n/a            0.980         2.000       1.020      SLICE_X24Y18     system_wrapper_i/rp_dac/inst/U_dac1/U_dma_mm2s/U_fifo_axi_data/U0/inst_fifo_gen/gconvfifo.rf/grf.rf/gntv_or_sync_fifo.mem/gbm.gbmg.gbmga.ngecc.bmg/inst_blk_mem_gen/gnbram.gnativebmg.native_blk_mem_gen/valid.cstr/ramloop[0].ram.r/SAFETY_CKT_GEN.RSTA_SHFT_REG_reg[3]_srl3/CLK



---------------------------------------------------------------------------------------------------
From Clock:  clkfbout_system_clk_gen_0
  To Clock:  clkfbout_system_clk_gen_0

Setup :           NA  Failing Endpoints,  Worst Slack           NA  ,  Total Violation           NA
Hold  :           NA  Failing Endpoints,  Worst Slack           NA  ,  Total Violation           NA
PW    :            0  Failing Endpoints,  Worst Slack        5.845ns,  Total Violation        0.000ns
---------------------------------------------------------------------------------------------------


Pulse Width Checks
--------------------------------------------------------------------------------------
Clock Name:         clkfbout_system_clk_gen_0
Waveform(ns):       { 0.000 4.000 }
Period(ns):         8.000
Sources:            { system_wrapper_i/clk_gen/inst/mmcm_adv_inst/CLKFBOUT }

Check Type  Corner  Lib Pin             Reference Pin  Required(ns)  Actual(ns)  Slack(ns)  Location         Pin
Min Period  n/a     BUFG/I              n/a            2.155         8.000       5.845      BUFGCTRL_X0Y7    system_wrapper_i/clk_gen/inst/clkf_buf/I
Max Period  n/a     MMCME2_ADV/CLKFBIN  n/a            100.000       8.000       92.000     MMCME2_ADV_X0Y0  system_wrapper_i/clk_gen/inst/mmcm_adv_inst/CLKFBIN



---------------------------------------------------------------------------------------------------
From Clock:  clk_125_system_clk_gen_0
  To Clock:  pll_dac_clk_1x

Setup :            0  Failing Endpoints,  Worst Slack       10.194ns,  Total Violation        0.000ns
Hold  :           29  Failing Endpoints,  Worst Slack       -7.740ns,  Total Violation     -214.097ns
---------------------------------------------------------------------------------------------------


Max Delay Paths
--------------------------------------------------------------------------------------
Slack (MET) :             10.194ns  (required time - arrival time)
  Source:                 system_wrapper_i/rp_dac/inst/dac_a_r_reg[2]/C
                            (rising edge-triggered cell FDRE clocked by clk_125_system_clk_gen_0  {rise@0.000ns fall@4.000ns period=8.000ns})
  Destination:            dac_dat_a_o_reg[0]/D
                            (rising edge-triggered cell FDRE clocked by pll_dac_clk_1x  {rise@0.000ns fall@4.000ns period=8.000ns})
  Path Group:             pll_dac_clk_1x
  Path Type:              Setup (Max at Fast Process Corner)
  Requirement:            8.000ns  (pll_dac_clk_1x rise@8.000ns - clk_125_system_clk_gen_0 rise@0.000ns)
  Data Path Delay:        1.017ns  (logic 0.231ns (22.708%)  route 0.786ns (77.292%))
  Logic Levels:           1  (LUT1=1)
  Clock Path Skew:        3.458ns (DCD - SCD + CPR)
    Destination Clock Delay (DCD):    2.347ns = ( 10.347 - 8.000 ) 
    Source Clock Delay      (SCD):    -1.111ns
    Clock Pessimism Removal (CPR):    0.000ns
  Clock Uncertainty:      0.261ns  ((TSJ^2 + DJ^2)^1/2) / 2 + PE
    Total System Jitter     (TSJ):    0.071ns
    Discrete Jitter          (DJ):    0.238ns
    Phase Error              (PE):    0.137ns
  Clock Domain Crossing:  Inter clock paths are considered valid unless explicitly excluded by timing constraints such as set_clock_groups or set_false_path.

    Location             Delay type                Incr(ns)  Path(ns)    Netlist Resource(s)
  -------------------------------------------------------------------    -------------------
                         (clock clk_125_system_clk_gen_0 rise edge)
                                                      0.000     0.000 r  
    U18                  IBUFDS                       0.000     0.000 r  i_IBUF_clkadc/O
                         net (fo=4, estimated)        0.570     0.570    system_wrapper_i/clk_gen/inst/clk_in1
    MMCME2_ADV_X0Y0      MMCME2_ADV (Prop_mmcme2_adv_CLKIN1_CLKOUT0)
                                                     -3.351    -2.781 r  system_wrapper_i/clk_gen/inst/mmcm_adv_inst/CLKOUT0
                         net (fo=1, estimated)        0.781    -2.000    system_wrapper_i/clk_gen/inst/clk_125_system_clk_gen_0
    BUFGCTRL_X0Y0        BUFG (Prop_bufg_I_O)         0.029    -1.971 r  system_wrapper_i/clk_gen/inst/clkout1_buf/O
                         net (fo=9645, estimated)     0.860    -1.111    system_wrapper_i/rp_dac/inst/clk
    SLICE_X43Y39         FDRE                                         r  system_wrapper_i/rp_dac/inst/dac_a_r_reg[2]/C
  -------------------------------------------------------------------    -------------------
    SLICE_X43Y39         FDRE (Prop_fdre_C_Q)         0.175    -0.936 f  system_wrapper_i/rp_dac/inst/dac_a_r_reg[2]/Q
                         net (fo=3, estimated)        0.786    -0.150    dac_dat_a[2]
    SLICE_X43Y80         LUT1 (Prop_lut1_I0_O)        0.056    -0.094 r  dac_dat_a_o[0]_i_1/O
                         net (fo=1, routed)           0.000    -0.094    p_2_in__0[0]
    SLICE_X43Y80         FDRE                                         r  dac_dat_a_o_reg[0]/D
  -------------------------------------------------------------------    -------------------

                         (clock pll_dac_clk_1x rise edge)
                                                      8.000     8.000 r  
    U18                                               0.000     8.000 r  adc_clk_i[1] (IN)
                         net (fo=0)                   0.000     8.000    adc_clk_i[1]
    U18                  IBUFDS (Prop_ibufds_I_O)     0.401     8.401 r  i_IBUF_clkadc/O
                         net (fo=4, estimated)        0.551     8.952    pll/clk
    PLLE2_ADV_X0Y0       PLLE2_ADV (Prop_plle2_adv_CLKIN1_CLKOUT1)
                                                      0.051     9.003 r  pll/pll/CLKOUT1
                         net (fo=1, estimated)        0.739     9.742    pll_dac_clk_1x
    BUFGCTRL_X0Y3        BUFG (Prop_bufg_I_O)         0.026     9.768 r  bufg_dac_clk_1x/O
                         net (fo=45, estimated)       0.579    10.347    dac_clk_1x
    SLICE_X43Y80         FDRE                                         r  dac_dat_a_o_reg[0]/C
                         clock pessimism              0.000    10.347    
                         clock uncertainty           -0.261    10.086    
    SLICE_X43Y80         FDRE (Setup_fdre_C_D)        0.014    10.100    dac_dat_a_o_reg[0]
  -------------------------------------------------------------------
                         required time                         10.100    
                         arrival time                           0.094    
  -------------------------------------------------------------------
                         slack                                 10.194    





Min Delay Paths
--------------------------------------------------------------------------------------
Slack (VIOLATED) :        -7.740ns  (arrival time - required time)
  Source:                 system_wrapper_i/rp_dac/inst/dac_a_r_reg[11]/C
                            (rising edge-triggered cell FDRE clocked by clk_125_system_clk_gen_0  {rise@0.000ns fall@4.000ns period=8.000ns})
  Destination:            dac_dat_a_o_reg[9]/D
                            (rising edge-triggered cell FDRE clocked by pll_dac_clk_1x  {rise@0.000ns fall@4.000ns period=8.000ns})
  Path Group:             pll_dac_clk_1x
  Path Type:              Hold (Min at Slow Process Corner)
  Requirement:            0.000ns  (pll_dac_clk_1x rise@0.000ns - clk_125_system_clk_gen_0 rise@0.000ns)
  Data Path Delay:        1.479ns  (logic 0.467ns (31.581%)  route 1.012ns (68.419%))
  Logic Levels:           1  (LUT1=1)
  Clock Path Skew:        8.688ns (DCD - SCD - CPR)
    Destination Clock Delay (DCD):    5.971ns
    Source Clock Delay      (SCD):    -2.717ns
    Clock Pessimism Removal (CPR):    -0.000ns
  Clock Uncertainty:      0.261ns  ((TSJ^2 + DJ^2)^1/2) / 2 + PE
    Total System Jitter     (TSJ):    0.071ns
    Discrete Jitter          (DJ):    0.238ns
    Phase Error              (PE):    0.137ns
  Clock Domain Crossing:  Inter clock paths are considered valid unless explicitly excluded by timing constraints such as set_clock_groups or set_false_path.

    Location             Delay type                Incr(ns)  Path(ns)    Netlist Resource(s)
  -------------------------------------------------------------------    -------------------
                         (clock clk_125_system_clk_gen_0 rise edge)
                                                      0.000     0.000 r  
    U18                  IBUFDS                       0.000     0.000 r  i_IBUF_clkadc/O
                         net (fo=4, estimated)        1.221     1.221    system_wrapper_i/clk_gen/inst/clk_in1
    MMCME2_ADV_X0Y0      MMCME2_ADV (Prop_mmcme2_adv_CLKIN1_CLKOUT0)
                                                     -7.279    -6.058 r  system_wrapper_i/clk_gen/inst/mmcm_adv_inst/CLKOUT0
                         net (fo=1, estimated)        1.672    -4.386    system_wrapper_i/clk_gen/inst/clk_125_system_clk_gen_0
    BUFGCTRL_X0Y0        BUFG (Prop_bufg_I_O)         0.091    -4.295 r  system_wrapper_i/clk_gen/inst/clkout1_buf/O
                         net (fo=9645, estimated)     1.578    -2.717    system_wrapper_i/rp_dac/inst/clk
    SLICE_X43Y42         FDRE                                         r  system_wrapper_i/rp_dac/inst/dac_a_r_reg[11]/C
  -------------------------------------------------------------------    -------------------
    SLICE_X43Y42         FDRE (Prop_fdre_C_Q)         0.367    -2.350 f  system_wrapper_i/rp_dac/inst/dac_a_r_reg[11]/Q
                         net (fo=3, estimated)        1.012    -1.339    dac_dat_a[11]
    SLICE_X43Y60         LUT1 (Prop_lut1_I0_O)        0.100    -1.239 r  dac_dat_a_o[9]_i_1/O
                         net (fo=1, routed)           0.000    -1.239    p_2_in__0[9]
    SLICE_X43Y60         FDRE                                         r  dac_dat_a_o_reg[9]/D
  -------------------------------------------------------------------    -------------------

                         (clock pll_dac_clk_1x rise edge)
                                                      0.000     0.000 r  
    U18                                               0.000     0.000 r  adc_clk_i[1] (IN)
                         net (fo=0)                   0.000     0.000    adc_clk_i[1]
    U18                  IBUFDS (Prop_ibufds_I_O)     0.983     0.983 r  i_IBUF_clkadc/O
                         net (fo=4, estimated)        1.306     2.289    pll/clk
    PLLE2_ADV_X0Y0       PLLE2_ADV (Prop_plle2_adv_CLKIN1_CLKOUT1)
                                                      0.089     2.378 r  pll/pll/CLKOUT1
                         net (fo=1, estimated)        1.754     4.132    pll_dac_clk_1x
    BUFGCTRL_X0Y3        BUFG (Prop_bufg_I_O)         0.101     4.233 r  bufg_dac_clk_1x/O
                         net (fo=45, estimated)       1.738     5.971    dac_clk_1x
    SLICE_X43Y60         FDRE                                         r  dac_dat_a_o_reg[9]/C
                         clock pessimism              0.000     5.971    
                         clock uncertainty            0.261     6.232    
    SLICE_X43Y60         FDRE (Hold_fdre_C_D)         0.269     6.501    dac_dat_a_o_reg[9]
  -------------------------------------------------------------------
                         required time                         -6.501    
                         arrival time                          -1.238    
  -------------------------------------------------------------------
                         slack                                 -7.740    





---------------------------------------------------------------------------------------------------
From Clock:  adc_clk
  To Clock:  clk_125_system_clk_gen_0

Setup :            0  Failing Endpoints,  Worst Slack        0.201ns,  Total Violation        0.000ns
Hold  :            0  Failing Endpoints,  Worst Slack        4.641ns,  Total Violation        0.000ns
---------------------------------------------------------------------------------------------------


Max Delay Paths
--------------------------------------------------------------------------------------
Slack (MET) :             0.201ns  (required time - arrival time)
  Source:                 adc_dat_i[0][7]
                            (input port clocked by adc_clk  {rise@0.000ns fall@4.000ns period=8.000ns})
  Destination:            adc_dat_ch1_r_reg[5]/D
                            (rising edge-triggered cell FDRE clocked by clk_125_system_clk_gen_0  {rise@0.000ns fall@4.000ns period=8.000ns})
  Path Group:             clk_125_system_clk_gen_0
  Path Type:              Setup (Max at Slow Process Corner)
  Requirement:            8.000ns  (clk_125_system_clk_gen_0 rise@8.000ns - adc_clk rise@0.000ns)
  Data Path Delay:        1.885ns  (logic 1.070ns (56.772%)  route 0.815ns (43.228%))
  Logic Levels:           1  (IBUF=1)
  Input Delay:            3.400ns
  Clock Path Skew:        -2.336ns (DCD - SCD + CPR)
    Destination Clock Delay (DCD):    -2.336ns = ( 5.664 - 8.000 ) 
    Source Clock Delay      (SCD):    0.000ns
    Clock Pessimism Removal (CPR):    0.000ns
  Clock Uncertainty:      0.166ns  ((TSJ^2 + DJ^2)^1/2) / 2 + PE
    Total System Jitter     (TSJ):    0.071ns
    Discrete Jitter          (DJ):    0.119ns
    Phase Error              (PE):    0.097ns
  Clock Domain Crossing:  Inter clock paths are considered valid unless explicitly excluded by timing constraints such as set_clock_groups or set_false_path.

    Location             Delay type                Incr(ns)  Path(ns)    Netlist Resource(s)
  -------------------------------------------------------------------    -------------------
                         (clock adc_clk rise edge)    0.000     0.000 r  
                         input delay                  3.400     3.400    
    Y14                                               0.000     3.400 r  adc_dat_i[0][7] (IN)
                         net (fo=0)                   0.000     3.400    adc_dat_i[0][7]
    Y14                  IBUF (Prop_ibuf_I_O)         1.070     4.470 r  adc_dat_ch1_r_reg[5]_i_1/O
                         net (fo=1, estimated)        0.815     5.285    adc_dat_ch1_r_reg[5]_i_1_n_0
    ILOGIC_X0Y33         FDRE                                         r  adc_dat_ch1_r_reg[5]/D
  -------------------------------------------------------------------    -------------------

                         (clock clk_125_system_clk_gen_0 rise edge)
                                                      8.000     8.000 r  
    U18                  IBUFDS                       0.000     8.000 r  i_IBUF_clkadc/O
                         net (fo=4, estimated)        1.221     9.221    system_wrapper_i/clk_gen/inst/clk_in1
    MMCME2_ADV_X0Y0      MMCME2_ADV (Prop_mmcme2_adv_CLKIN1_CLKOUT0)
                                                     -7.279     1.942 r  system_wrapper_i/clk_gen/inst/mmcm_adv_inst/CLKOUT0
                         net (fo=1, estimated)        1.672     3.614    system_wrapper_i/clk_gen/inst/clk_125_system_clk_gen_0
    BUFGCTRL_X0Y0        BUFG (Prop_bufg_I_O)         0.091     3.705 r  system_wrapper_i/clk_gen/inst/clkout1_buf/O
                         net (fo=9645, estimated)     1.959     5.664    clk_125
    ILOGIC_X0Y33         FDRE                                         r  adc_dat_ch1_r_reg[5]/C
                         clock pessimism              0.000     5.664    
                         clock uncertainty           -0.166     5.497    
    ILOGIC_X0Y33         FDRE (Setup_fdre_C_D)       -0.011     5.486    adc_dat_ch1_r_reg[5]
  -------------------------------------------------------------------
                         required time                          5.486    
                         arrival time                          -5.285    
  -------------------------------------------------------------------
                         slack                                  0.201    





Min Delay Paths
--------------------------------------------------------------------------------------
Slack (MET) :             4.641ns  (arrival time - required time)
  Source:                 adc_dat_i[1][3]
                            (input port clocked by adc_clk  {rise@0.000ns fall@4.000ns period=8.000ns})
  Destination:            adc_dat_ch2_r_reg[1]/D
                            (rising edge-triggered cell FDRE clocked by clk_125_system_clk_gen_0  {rise@0.000ns fall@4.000ns period=8.000ns})
  Path Group:             clk_125_system_clk_gen_0
  Path Type:              Hold (Min at Fast Process Corner)
  Requirement:            0.000ns  (clk_125_system_clk_gen_0 rise@0.000ns - adc_clk rise@0.000ns)
  Data Path Delay:        0.511ns  (logic 0.168ns (32.782%)  route 0.344ns (67.218%))
  Logic Levels:           1  (IBUF=1)
  Input Delay:            3.400ns
  Clock Path Skew:        -0.964ns (DCD - SCD - CPR)
    Destination Clock Delay (DCD):    -0.964ns
    Source Clock Delay      (SCD):    0.000ns
    Clock Pessimism Removal (CPR):    -0.000ns
  Clock Uncertainty:      0.166ns  ((TSJ^2 + DJ^2)^1/2) / 2 + PE
    Total System Jitter     (TSJ):    0.071ns
    Discrete Jitter          (DJ):    0.119ns
    Phase Error              (PE):    0.097ns
  Clock Domain Crossing:  Inter clock paths are considered valid unless explicitly excluded by timing constraints such as set_clock_groups or set_false_path.

    Location             Delay type                Incr(ns)  Path(ns)    Netlist Resource(s)
  -------------------------------------------------------------------    -------------------
                         (clock adc_clk rise edge)    0.000     0.000 r  
                         input delay                  3.400     3.400    
    P16                                               0.000     3.400 r  adc_dat_i[1][3] (IN)
                         net (fo=0)                   0.000     3.400    adc_dat_i[1][3]
    P16                  IBUF (Prop_ibuf_I_O)         0.168     3.568 r  adc_dat_ch2_r_reg[1]_i_1/O
                         net (fo=1, estimated)        0.344     3.911    adc_dat_ch2_r_reg[1]_i_1_n_0
    ILOGIC_X0Y1          FDRE                                         r  adc_dat_ch2_r_reg[1]/D
  -------------------------------------------------------------------    -------------------

                         (clock clk_125_system_clk_gen_0 rise edge)
                                                      0.000     0.000 r  
    U18                  IBUFDS                       0.000     0.000 r  i_IBUF_clkadc/O
                         net (fo=4, estimated)        0.570     0.570    system_wrapper_i/clk_gen/inst/clk_in1
    MMCME2_ADV_X0Y0      MMCME2_ADV (Prop_mmcme2_adv_CLKIN1_CLKOUT0)
                                                     -3.351    -2.781 r  system_wrapper_i/clk_gen/inst/mmcm_adv_inst/CLKOUT0
                         net (fo=1, estimated)        0.781    -2.000    system_wrapper_i/clk_gen/inst/clk_125_system_clk_gen_0
    BUFGCTRL_X0Y0        BUFG (Prop_bufg_I_O)         0.029    -1.971 r  system_wrapper_i/clk_gen/inst/clkout1_buf/O
                         net (fo=9645, estimated)     1.007    -0.964    clk_125
    ILOGIC_X0Y1          FDRE                                         r  adc_dat_ch2_r_reg[1]/C
                         clock pessimism              0.000    -0.964    
                         clock uncertainty            0.166    -0.798    
    ILOGIC_X0Y1          FDRE (Hold_fdre_C_D)         0.068    -0.730    adc_dat_ch2_r_reg[1]
  -------------------------------------------------------------------
                         required time                          0.730    
                         arrival time                           3.911    
  -------------------------------------------------------------------
                         slack                                  4.641    





---------------------------------------------------------------------------------------------------
From Clock:  clk_200_system_clk_gen_0
  To Clock:  clk_125_system_clk_gen_0

Setup :            0  Failing Endpoints,  Worst Slack        1.329ns,  Total Violation        0.000ns
Hold  :            3  Failing Endpoints,  Worst Slack       -0.164ns,  Total Violation       -0.282ns
---------------------------------------------------------------------------------------------------


Max Delay Paths
--------------------------------------------------------------------------------------
Slack (MET) :             1.329ns  (required time - arrival time)
  Source:                 system_wrapper_i/rp_dac/inst/U_dac1/U_dma_mm2s/U_dma_mm2s_ctrl/idle_rst_sr_reg[0]/C
                            (rising edge-triggered cell FDRE clocked by clk_200_system_clk_gen_0  {rise@0.000ns fall@2.000ns period=4.000ns})
  Destination:            system_wrapper_i/rp_dac/inst/U_dac1/U_dma_mm2s/U_dma_mm2s_ctrl/idle_rst_saxi_r2_reg_srl2/D
                            (rising edge-triggered cell SRL16E clocked by clk_125_system_clk_gen_0  {rise@0.000ns fall@4.000ns period=8.000ns})
  Path Group:             clk_125_system_clk_gen_0
  Path Type:              Setup (Max at Slow Process Corner)
  Requirement:            4.000ns  (clk_125_system_clk_gen_0 rise@8.000ns - clk_200_system_clk_gen_0 rise@4.000ns)
  Data Path Delay:        2.119ns  (logic 0.718ns (33.884%)  route 1.401ns (66.116%))
  Logic Levels:           1  (LUT4=1)
  Clock Path Skew:        -0.316ns (DCD - SCD + CPR)
    Destination Clock Delay (DCD):    -2.799ns = ( 5.201 - 8.000 ) 
    Source Clock Delay      (SCD):    -2.225ns = ( 1.775 - 4.000 ) 
    Clock Pessimism Removal (CPR):    0.258ns
  Clock Uncertainty:      0.189ns  ((TSJ^2 + DJ^2)^1/2) / 2 + PE
    Total System Jitter     (TSJ):    0.071ns
    Discrete Jitter          (DJ):    0.119ns
    Phase Error              (PE):    0.120ns

    Location             Delay type                Incr(ns)  Path(ns)    Netlist Resource(s)
  -------------------------------------------------------------------    -------------------
                         (clock clk_200_system_clk_gen_0 rise edge)
                                                      4.000     4.000 r  
    U18                  IBUFDS                       0.000     4.000 r  i_IBUF_clkadc/O
                         net (fo=4, estimated)        1.285     5.285    system_wrapper_i/clk_gen/inst/clk_in1
    MMCME2_ADV_X0Y0      MMCME2_ADV (Prop_mmcme2_adv_CLKIN1_CLKOUT1)
                                                     -7.085    -1.800 r  system_wrapper_i/clk_gen/inst/mmcm_adv_inst/CLKOUT1
                         net (fo=1, estimated)        1.760    -0.040    system_wrapper_i/clk_gen/inst/clk_200_system_clk_gen_0
    BUFGCTRL_X0Y2        BUFG (Prop_bufg_I_O)         0.101     0.061 r  system_wrapper_i/clk_gen/inst/clkout2_buf/O
                         net (fo=1217, estimated)     1.714     1.775    system_wrapper_i/rp_dac/inst/U_dac1/U_dma_mm2s/U_dma_mm2s_ctrl/m_axi_aclk
    SLICE_X5Y27          FDRE                                         r  system_wrapper_i/rp_dac/inst/U_dac1/U_dma_mm2s/U_dma_mm2s_ctrl/idle_rst_sr_reg[0]/C
  -------------------------------------------------------------------    -------------------
    SLICE_X5Y27          FDRE (Prop_fdre_C_Q)         0.419     2.194 r  system_wrapper_i/rp_dac/inst/U_dac1/U_dma_mm2s/U_dma_mm2s_ctrl/idle_rst_sr_reg[0]/Q
                         net (fo=2, estimated)        0.665     2.859    system_wrapper_i/rp_dac/inst/U_dac1/U_dma_mm2s/U_dma_mm2s_ctrl/idle_rst_sr[0]
    SLICE_X5Y27          LUT4 (Prop_lut4_I1_O)        0.299     3.158 r  system_wrapper_i/rp_dac/inst/U_dac1/U_dma_mm2s/U_dma_mm2s_ctrl/idle_rst_saxi_r2_reg_srl2_i_1/O
                         net (fo=1, estimated)        0.736     3.894    system_wrapper_i/rp_dac/inst/U_dac1/U_dma_mm2s/U_dma_mm2s_ctrl/idle_rst_saxi_r2_reg_srl2_i_1_n_0
    SLICE_X12Y27         SRL16E                                       r  system_wrapper_i/rp_dac/inst/U_dac1/U_dma_mm2s/U_dma_mm2s_ctrl/idle_rst_saxi_r2_reg_srl2/D
  -------------------------------------------------------------------    -------------------

                         (clock clk_125_system_clk_gen_0 rise edge)
                                                      8.000     8.000 r  
    U18                  IBUFDS                       0.000     8.000 r  i_IBUF_clkadc/O
                         net (fo=4, estimated)        1.221     9.221    system_wrapper_i/clk_gen/inst/clk_in1
    MMCME2_ADV_X0Y0      MMCME2_ADV (Prop_mmcme2_adv_CLKIN1_CLKOUT0)
                                                     -7.279     1.942 r  system_wrapper_i/clk_gen/inst/mmcm_adv_inst/CLKOUT0
                         net (fo=1, estimated)        1.672     3.614    system_wrapper_i/clk_gen/inst/clk_125_system_clk_gen_0
    BUFGCTRL_X0Y0        BUFG (Prop_bufg_I_O)         0.091     3.705 r  system_wrapper_i/clk_gen/inst/clkout1_buf/O
                         net (fo=9645, estimated)     1.496     5.201    system_wrapper_i/rp_dac/inst/U_dac1/U_dma_mm2s/U_dma_mm2s_ctrl/s_axis_aclk
    SLICE_X12Y27         SRL16E                                       r  system_wrapper_i/rp_dac/inst/U_dac1/U_dma_mm2s/U_dma_mm2s_ctrl/idle_rst_saxi_r2_reg_srl2/CLK
                         clock pessimism              0.258     5.459    
                         clock uncertainty           -0.189     5.270    
    SLICE_X12Y27         SRL16E (Setup_srl16e_CLK_D)
                                                     -0.047     5.223    system_wrapper_i/rp_dac/inst/U_dac1/U_dma_mm2s/U_dma_mm2s_ctrl/idle_rst_saxi_r2_reg_srl2
  -------------------------------------------------------------------
                         required time                          5.223    
                         arrival time                          -3.894    
  -------------------------------------------------------------------
                         slack                                  1.329    





Min Delay Paths
--------------------------------------------------------------------------------------
Slack (VIOLATED) :        -0.164ns  (arrival time - required time)
  Source:                 system_wrapper_i/rp_dac/inst/U_dac1/U_dma_mm2s/U_fifo_axi_data/U0/inst_fifo_gen/gconvfifo.rf/grf.rf/gntv_or_sync_fifo.gl0.wr/gwas.wsts/ram_full_i_reg/C
                            (rising edge-triggered cell FDRE clocked by clk_200_system_clk_gen_0  {rise@0.000ns fall@2.000ns period=4.000ns})
  Destination:            system_wrapper_i/rp_dac/inst/U_dac1/U_dma_mm2s/fifo_full_r_reg/D
                            (rising edge-triggered cell FDRE clocked by clk_125_system_clk_gen_0  {rise@0.000ns fall@4.000ns period=8.000ns})
  Path Group:             clk_125_system_clk_gen_0
  Path Type:              Hold (Min at Fast Process Corner)
  Requirement:            0.000ns  (clk_125_system_clk_gen_0 rise@0.000ns - clk_200_system_clk_gen_0 rise@0.000ns)
  Data Path Delay:        0.398ns  (logic 0.164ns (41.212%)  route 0.234ns (58.788%))
  Logic Levels:           0  
  Clock Path Skew:        0.307ns (DCD - SCD - CPR)
    Destination Clock Delay (DCD):    -1.151ns
    Source Clock Delay      (SCD):    -0.712ns
    Clock Pessimism Removal (CPR):    -0.746ns
  Clock Uncertainty:      0.189ns  ((TSJ^2 + DJ^2)^1/2) / 2 + PE
    Total System Jitter     (TSJ):    0.071ns
    Discrete Jitter          (DJ):    0.119ns
    Phase Error              (PE):    0.120ns

    Location             Delay type                Incr(ns)  Path(ns)    Netlist Resource(s)
  -------------------------------------------------------------------    -------------------
                         (clock clk_200_system_clk_gen_0 rise edge)
                                                      0.000     0.000 r  
    U18                  IBUFDS                       0.000     0.000 r  i_IBUF_clkadc/O
                         net (fo=4, estimated)        0.542     0.542    system_wrapper_i/clk_gen/inst/clk_in1
    MMCME2_ADV_X0Y0      MMCME2_ADV (Prop_mmcme2_adv_CLKIN1_CLKOUT1)
                                                     -2.577    -2.035 r  system_wrapper_i/clk_gen/inst/mmcm_adv_inst/CLKOUT1
                         net (fo=1, estimated)        0.742    -1.293    system_wrapper_i/clk_gen/inst/clk_200_system_clk_gen_0
    BUFGCTRL_X0Y2        BUFG (Prop_bufg_I_O)         0.026    -1.267 r  system_wrapper_i/clk_gen/inst/clkout2_buf/O
                         net (fo=1217, estimated)     0.555    -0.712    system_wrapper_i/rp_dac/inst/U_dac1/U_dma_mm2s/U_fifo_axi_data/U0/inst_fifo_gen/gconvfifo.rf/grf.rf/gntv_or_sync_fifo.gl0.wr/gwas.wsts/WR_CLK
    SLICE_X8Y26          FDRE                                         r  system_wrapper_i/rp_dac/inst/U_dac1/U_dma_mm2s/U_fifo_axi_data/U0/inst_fifo_gen/gconvfifo.rf/grf.rf/gntv_or_sync_fifo.gl0.wr/gwas.wsts/ram_full_i_reg/C
  -------------------------------------------------------------------    -------------------
    SLICE_X8Y26          FDRE (Prop_fdre_C_Q)         0.164    -0.548 r  system_wrapper_i/rp_dac/inst/U_dac1/U_dma_mm2s/U_fifo_axi_data/U0/inst_fifo_gen/gconvfifo.rf/grf.rf/gntv_or_sync_fifo.gl0.wr/gwas.wsts/ram_full_i_reg/Q
                         net (fo=2, estimated)        0.234    -0.314    system_wrapper_i/rp_dac/inst/U_dac1/U_dma_mm2s/fifo_full
    SLICE_X11Y26         FDRE                                         r  system_wrapper_i/rp_dac/inst/U_dac1/U_dma_mm2s/fifo_full_r_reg/D
  -------------------------------------------------------------------    -------------------

                         (clock clk_125_system_clk_gen_0 rise edge)
                                                      0.000     0.000 r  
    U18                  IBUFDS                       0.000     0.000 r  i_IBUF_clkadc/O
                         net (fo=4, estimated)        0.570     0.570    system_wrapper_i/clk_gen/inst/clk_in1
    MMCME2_ADV_X0Y0      MMCME2_ADV (Prop_mmcme2_adv_CLKIN1_CLKOUT0)
                                                     -3.351    -2.781 r  system_wrapper_i/clk_gen/inst/mmcm_adv_inst/CLKOUT0
                         net (fo=1, estimated)        0.781    -2.000    system_wrapper_i/clk_gen/inst/clk_125_system_clk_gen_0
    BUFGCTRL_X0Y0        BUFG (Prop_bufg_I_O)         0.029    -1.971 r  system_wrapper_i/clk_gen/inst/clkout1_buf/O
                         net (fo=9645, estimated)     0.820    -1.151    system_wrapper_i/rp_dac/inst/U_dac1/U_dma_mm2s/s_axis_aclk
    SLICE_X11Y26         FDRE                                         r  system_wrapper_i/rp_dac/inst/U_dac1/U_dma_mm2s/fifo_full_r_reg/C
                         clock pessimism              0.746    -0.405    
                         clock uncertainty            0.189    -0.216    
    SLICE_X11Y26         FDRE (Hold_fdre_C_D)         0.066    -0.150    system_wrapper_i/rp_dac/inst/U_dac1/U_dma_mm2s/fifo_full_r_reg
  -------------------------------------------------------------------
                         required time                          0.150    
                         arrival time                          -0.314    
  -------------------------------------------------------------------
                         slack                                 -0.164    





---------------------------------------------------------------------------------------------------
From Clock:  clk_125_system_clk_gen_0
  To Clock:  clk_200_system_clk_gen_0

Setup :            0  Failing Endpoints,  Worst Slack        1.891ns,  Total Violation        0.000ns
Hold  :            3  Failing Endpoints,  Worst Slack       -0.099ns,  Total Violation       -0.156ns
---------------------------------------------------------------------------------------------------


Max Delay Paths
--------------------------------------------------------------------------------------
Slack (MET) :             1.891ns  (required time - arrival time)
  Source:                 system_wrapper_i/rp_dac/inst/U_dac2/U_dma_mm2s/U_dma_mm2s_ctrl/fifo_re_rin_reg/C
                            (rising edge-triggered cell FDRE clocked by clk_125_system_clk_gen_0  {rise@0.000ns fall@4.000ns period=8.000ns})
  Destination:            system_wrapper_i/rp_dac/inst/U_dac2/U_dma_mm2s/U_dma_mm2s_ctrl/fifo_re_r_reg/D
                            (rising edge-triggered cell FDRE clocked by clk_200_system_clk_gen_0  {rise@0.000ns fall@2.000ns period=4.000ns})
  Path Group:             clk_200_system_clk_gen_0
  Path Type:              Setup (Max at Slow Process Corner)
  Requirement:            4.000ns  (clk_200_system_clk_gen_0 rise@4.000ns - clk_125_system_clk_gen_0 rise@0.000ns)
  Data Path Delay:        1.688ns  (logic 0.456ns (27.014%)  route 1.232ns (72.986%))
  Logic Levels:           0  
  Clock Path Skew:        -0.216ns (DCD - SCD + CPR)
    Destination Clock Delay (DCD):    -2.743ns = ( 1.257 - 4.000 ) 
    Source Clock Delay      (SCD):    -2.269ns
    Clock Pessimism Removal (CPR):    0.258ns
  Clock Uncertainty:      0.189ns  ((TSJ^2 + DJ^2)^1/2) / 2 + PE
    Total System Jitter     (TSJ):    0.071ns
    Discrete Jitter          (DJ):    0.119ns
    Phase Error              (PE):    0.120ns

    Location             Delay type                Incr(ns)  Path(ns)    Netlist Resource(s)
  -------------------------------------------------------------------    -------------------
                         (clock clk_125_system_clk_gen_0 rise edge)
                                                      0.000     0.000 r  
    U18                  IBUFDS                       0.000     0.000 r  i_IBUF_clkadc/O
                         net (fo=4, estimated)        1.285     1.285    system_wrapper_i/clk_gen/inst/clk_in1
    MMCME2_ADV_X0Y0      MMCME2_ADV (Prop_mmcme2_adv_CLKIN1_CLKOUT0)
                                                     -7.085    -5.800 r  system_wrapper_i/clk_gen/inst/mmcm_adv_inst/CLKOUT0
                         net (fo=1, estimated)        1.760    -4.040    system_wrapper_i/clk_gen/inst/clk_125_system_clk_gen_0
    BUFGCTRL_X0Y0        BUFG (Prop_bufg_I_O)         0.101    -3.939 r  system_wrapper_i/clk_gen/inst/clkout1_buf/O
                         net (fo=9645, estimated)     1.670    -2.269    system_wrapper_i/rp_dac/inst/U_dac2/U_dma_mm2s/U_dma_mm2s_ctrl/s_axis_aclk
    SLICE_X23Y40         FDRE                                         r  system_wrapper_i/rp_dac/inst/U_dac2/U_dma_mm2s/U_dma_mm2s_ctrl/fifo_re_rin_reg/C
  -------------------------------------------------------------------    -------------------
    SLICE_X23Y40         FDRE (Prop_fdre_C_Q)         0.456    -1.813 r  system_wrapper_i/rp_dac/inst/U_dac2/U_dma_mm2s/U_dma_mm2s_ctrl/fifo_re_rin_reg/Q
                         net (fo=1, estimated)        1.232    -0.581    system_wrapper_i/rp_dac/inst/U_dac2/U_dma_mm2s/U_dma_mm2s_ctrl/fifo_re_rin
    SLICE_X4Y39          FDRE                                         r  system_wrapper_i/rp_dac/inst/U_dac2/U_dma_mm2s/U_dma_mm2s_ctrl/fifo_re_r_reg/D
  -------------------------------------------------------------------    -------------------

                         (clock clk_200_system_clk_gen_0 rise edge)
                                                      4.000     4.000 r  
    U18                  IBUFDS                       0.000     4.000 r  i_IBUF_clkadc/O
                         net (fo=4, estimated)        1.221     5.221    system_wrapper_i/clk_gen/inst/clk_in1
    MMCME2_ADV_X0Y0      MMCME2_ADV (Prop_mmcme2_adv_CLKIN1_CLKOUT1)
                                                     -7.279    -2.058 r  system_wrapper_i/clk_gen/inst/mmcm_adv_inst/CLKOUT1
                         net (fo=1, estimated)        1.672    -0.386    system_wrapper_i/clk_gen/inst/clk_200_system_clk_gen_0
    BUFGCTRL_X0Y2        BUFG (Prop_bufg_I_O)         0.091    -0.295 r  system_wrapper_i/clk_gen/inst/clkout2_buf/O
                         net (fo=1217, estimated)     1.552     1.257    system_wrapper_i/rp_dac/inst/U_dac2/U_dma_mm2s/U_dma_mm2s_ctrl/m_axi_aclk
    SLICE_X4Y39          FDRE                                         r  system_wrapper_i/rp_dac/inst/U_dac2/U_dma_mm2s/U_dma_mm2s_ctrl/fifo_re_r_reg/C
                         clock pessimism              0.258     1.515    
                         clock uncertainty           -0.189     1.326    
    SLICE_X4Y39          FDRE (Setup_fdre_C_D)       -0.016     1.310    system_wrapper_i/rp_dac/inst/U_dac2/U_dma_mm2s/U_dma_mm2s_ctrl/fifo_re_r_reg
  -------------------------------------------------------------------
                         required time                          1.310    
                         arrival time                           0.581    
  -------------------------------------------------------------------
                         slack                                  1.891    





Min Delay Paths
--------------------------------------------------------------------------------------
Slack (VIOLATED) :        -0.099ns  (arrival time - required time)
  Source:                 system_wrapper_i/rp_dac/inst/U_dac1/event_num_trig_reg/C
                            (rising edge-triggered cell FDRE clocked by clk_125_system_clk_gen_0  {rise@0.000ns fall@4.000ns period=8.000ns})
  Destination:            system_wrapper_i/rp_dac/inst/U_dac1/event_trig_r_reg/D
                            (rising edge-triggered cell FDRE clocked by clk_200_system_clk_gen_0  {rise@0.000ns fall@2.000ns period=4.000ns})
  Path Group:             clk_200_system_clk_gen_0
  Path Type:              Hold (Min at Fast Process Corner)
  Requirement:            0.000ns  (clk_200_system_clk_gen_0 rise@0.000ns - clk_125_system_clk_gen_0 rise@0.000ns)
  Data Path Delay:        0.436ns  (logic 0.141ns (32.303%)  route 0.295ns (67.697%))
  Logic Levels:           0  
  Clock Path Skew:        0.283ns (DCD - SCD - CPR)
    Destination Clock Delay (DCD):    -1.141ns
    Source Clock Delay      (SCD):    -0.678ns
    Clock Pessimism Removal (CPR):    -0.746ns
  Clock Uncertainty:      0.189ns  ((TSJ^2 + DJ^2)^1/2) / 2 + PE
    Total System Jitter     (TSJ):    0.071ns
    Discrete Jitter          (DJ):    0.119ns
    Phase Error              (PE):    0.120ns

    Location             Delay type                Incr(ns)  Path(ns)    Netlist Resource(s)
  -------------------------------------------------------------------    -------------------
                         (clock clk_125_system_clk_gen_0 rise edge)
                                                      0.000     0.000 r  
    U18                  IBUFDS                       0.000     0.000 r  i_IBUF_clkadc/O
                         net (fo=4, estimated)        0.542     0.542    system_wrapper_i/clk_gen/inst/clk_in1
    MMCME2_ADV_X0Y0      MMCME2_ADV (Prop_mmcme2_adv_CLKIN1_CLKOUT0)
                                                     -2.577    -2.035 r  system_wrapper_i/clk_gen/inst/mmcm_adv_inst/CLKOUT0
                         net (fo=1, estimated)        0.742    -1.293    system_wrapper_i/clk_gen/inst/clk_125_system_clk_gen_0
    BUFGCTRL_X0Y0        BUFG (Prop_bufg_I_O)         0.026    -1.267 r  system_wrapper_i/clk_gen/inst/clkout1_buf/O
                         net (fo=9645, estimated)     0.589    -0.678    system_wrapper_i/rp_dac/inst/U_dac1/clk_adc
    SLICE_X36Y39         FDRE                                         r  system_wrapper_i/rp_dac/inst/U_dac1/event_num_trig_reg/C
  -------------------------------------------------------------------    -------------------
    SLICE_X36Y39         FDRE (Prop_fdre_C_Q)         0.141    -0.537 r  system_wrapper_i/rp_dac/inst/U_dac1/event_num_trig_reg/Q
                         net (fo=1, estimated)        0.295    -0.242    system_wrapper_i/rp_dac/inst/U_dac1/event_num_trig
    SLICE_X32Y39         FDRE                                         r  system_wrapper_i/rp_dac/inst/U_dac1/event_trig_r_reg/D
  -------------------------------------------------------------------    -------------------

                         (clock clk_200_system_clk_gen_0 rise edge)
                                                      0.000     0.000 r  
    U18                  IBUFDS                       0.000     0.000 r  i_IBUF_clkadc/O
                         net (fo=4, estimated)        0.570     0.570    system_wrapper_i/clk_gen/inst/clk_in1
    MMCME2_ADV_X0Y0      MMCME2_ADV (Prop_mmcme2_adv_CLKIN1_CLKOUT1)
                                                     -3.351    -2.781 r  system_wrapper_i/clk_gen/inst/mmcm_adv_inst/CLKOUT1
                         net (fo=1, estimated)        0.781    -2.000    system_wrapper_i/clk_gen/inst/clk_200_system_clk_gen_0
    BUFGCTRL_X0Y2        BUFG (Prop_bufg_I_O)         0.029    -1.971 r  system_wrapper_i/clk_gen/inst/clkout2_buf/O
                         net (fo=1217, estimated)     0.830    -1.141    system_wrapper_i/rp_dac/inst/U_dac1/clk_axi
    SLICE_X32Y39         FDRE                                         r  system_wrapper_i/rp_dac/inst/U_dac1/event_trig_r_reg/C
                         clock pessimism              0.746    -0.395    
                         clock uncertainty            0.189    -0.206    
    SLICE_X32Y39         FDRE (Hold_fdre_C_D)         0.063    -0.143    system_wrapper_i/rp_dac/inst/U_dac1/event_trig_r_reg
  -------------------------------------------------------------------
                         required time                          0.143    
                         arrival time                          -0.242    
  -------------------------------------------------------------------
                         slack                                 -0.099    





---------------------------------------------------------------------------------------------------
Path Group:  **async_default**
From Clock:  clk_125_system_clk_gen_0
  To Clock:  clk_125_system_clk_gen_0

Setup :            0  Failing Endpoints,  Worst Slack        4.940ns,  Total Violation        0.000ns
Hold  :            0  Failing Endpoints,  Worst Slack        0.410ns,  Total Violation        0.000ns
---------------------------------------------------------------------------------------------------


Max Delay Paths
--------------------------------------------------------------------------------------
Slack (MET) :             4.940ns  (required time - arrival time)
  Source:                 system_wrapper_i/axi_interconnect_2/m00_couplers/auto_pc/inst/gen_axi4_axi3.axi3_conv_inst/USE_WRITE.write_addr_inst/USE_B_CHANNEL.cmd_b_queue/inst/fifo_gen_inst/inst_fifo_gen/gconvfifo.rf/grf.rf/rstblk/ngwrdrst.grst.g7serrst.gnsckt_wrst.gcc_rst.sckt_wr_rst_cc_reg[1]/C
                            (rising edge-triggered cell FDRE clocked by clk_125_system_clk_gen_0  {rise@0.000ns fall@4.000ns period=8.000ns})
  Destination:            system_wrapper_i/axi_interconnect_2/m00_couplers/auto_pc/inst/gen_axi4_axi3.axi3_conv_inst/USE_WRITE.write_addr_inst/USE_B_CHANNEL.cmd_b_queue/inst/fifo_gen_inst/inst_fifo_gen/gconvfifo.rf/grf.rf/gntv_or_sync_fifo.gl0.rd/gr1.gr1_int.rfwft/gpregsm1.curr_fwft_state_reg[0]/CLR
                            (recovery check against rising-edge clock clk_125_system_clk_gen_0  {rise@0.000ns fall@4.000ns period=8.000ns})
  Path Group:             **async_default**
  Path Type:              Recovery (Max at Slow Process Corner)
  Requirement:            8.000ns  (clk_125_system_clk_gen_0 rise@8.000ns - clk_125_system_clk_gen_0 rise@0.000ns)
  Data Path Delay:        2.562ns  (logic 0.715ns (27.908%)  route 1.847ns (72.092%))
  Logic Levels:           1  (LUT3=1)
  Clock Path Skew:        -0.024ns (DCD - SCD + CPR)
    Destination Clock Delay (DCD):    -2.793ns = ( 5.207 - 8.000 ) 
    Source Clock Delay      (SCD):    -2.263ns
    Clock Pessimism Removal (CPR):    0.506ns
  Clock Uncertainty:      0.069ns  ((TSJ^2 + DJ^2)^1/2) / 2 + PE
    Total System Jitter     (TSJ):    0.071ns
    Discrete Jitter          (DJ):    0.119ns
    Phase Error              (PE):    0.000ns

    Location             Delay type                Incr(ns)  Path(ns)    Netlist Resource(s)
  -------------------------------------------------------------------    -------------------
                         (clock clk_125_system_clk_gen_0 rise edge)
                                                      0.000     0.000 r  
    U18                  IBUFDS                       0.000     0.000 r  i_IBUF_clkadc/O
                         net (fo=4, estimated)        1.285     1.285    system_wrapper_i/clk_gen/inst/clk_in1
    MMCME2_ADV_X0Y0      MMCME2_ADV (Prop_mmcme2_adv_CLKIN1_CLKOUT0)
                                                     -7.085    -5.800 r  system_wrapper_i/clk_gen/inst/mmcm_adv_inst/CLKOUT0
                         net (fo=1, estimated)        1.760    -4.040    system_wrapper_i/clk_gen/inst/clk_125_system_clk_gen_0
    BUFGCTRL_X0Y0        BUFG (Prop_bufg_I_O)         0.101    -3.939 r  system_wrapper_i/clk_gen/inst/clkout1_buf/O
                         net (fo=9645, estimated)     1.676    -2.263    system_wrapper_i/axi_interconnect_2/m00_couplers/auto_pc/inst/gen_axi4_axi3.axi3_conv_inst/USE_WRITE.write_addr_inst/USE_B_CHANNEL.cmd_b_queue/inst/fifo_gen_inst/inst_fifo_gen/gconvfifo.rf/grf.rf/rstblk/WR_CLK
    SLICE_X14Y9          FDRE                                         r  system_wrapper_i/axi_interconnect_2/m00_couplers/auto_pc/inst/gen_axi4_axi3.axi3_conv_inst/USE_WRITE.write_addr_inst/USE_B_CHANNEL.cmd_b_queue/inst/fifo_gen_inst/inst_fifo_gen/gconvfifo.rf/grf.rf/rstblk/ngwrdrst.grst.g7serrst.gnsckt_wrst.gcc_rst.sckt_wr_rst_cc_reg[1]/C
  -------------------------------------------------------------------    -------------------
    SLICE_X14Y9          FDRE (Prop_fdre_C_Q)         0.419    -1.844 f  system_wrapper_i/axi_interconnect_2/m00_couplers/auto_pc/inst/gen_axi4_axi3.axi3_conv_inst/USE_WRITE.write_addr_inst/USE_B_CHANNEL.cmd_b_queue/inst/fifo_gen_inst/inst_fifo_gen/gconvfifo.rf/grf.rf/rstblk/ngwrdrst.grst.g7serrst.gnsckt_wrst.gcc_rst.sckt_wr_rst_cc_reg[1]/Q
                         net (fo=1, estimated)        0.994    -0.850    system_wrapper_i/axi_interconnect_2/m00_couplers/auto_pc/inst/gen_axi4_axi3.axi3_conv_inst/USE_WRITE.write_addr_inst/USE_B_CHANNEL.cmd_b_queue/inst/fifo_gen_inst/inst_fifo_gen/gconvfifo.rf/grf.rf/rstblk/sckt_wr_rst_cc[1]
    SLICE_X12Y6          LUT3 (Prop_lut3_I0_O)        0.296    -0.554 f  system_wrapper_i/axi_interconnect_2/m00_couplers/auto_pc/inst/gen_axi4_axi3.axi3_conv_inst/USE_WRITE.write_addr_inst/USE_B_CHANNEL.cmd_b_queue/inst/fifo_gen_inst/inst_fifo_gen/gconvfifo.rf/grf.rf/rstblk/RD_RST_I[0]_INST_0/O
                         net (fo=33, estimated)       0.853     0.299    system_wrapper_i/axi_interconnect_2/m00_couplers/auto_pc/inst/gen_axi4_axi3.axi3_conv_inst/USE_WRITE.write_addr_inst/USE_B_CHANNEL.cmd_b_queue/inst/fifo_gen_inst/inst_fifo_gen/gconvfifo.rf/grf.rf/gntv_or_sync_fifo.gl0.rd/gr1.gr1_int.rfwft/RD_RST
    SLICE_X14Y10         FDCE                                         f  system_wrapper_i/axi_interconnect_2/m00_couplers/auto_pc/inst/gen_axi4_axi3.axi3_conv_inst/USE_WRITE.write_addr_inst/USE_B_CHANNEL.cmd_b_queue/inst/fifo_gen_inst/inst_fifo_gen/gconvfifo.rf/grf.rf/gntv_or_sync_fifo.gl0.rd/gr1.gr1_int.rfwft/gpregsm1.curr_fwft_state_reg[0]/CLR
  -------------------------------------------------------------------    -------------------

                         (clock clk_125_system_clk_gen_0 rise edge)
                                                      8.000     8.000 r  
    U18                  IBUFDS                       0.000     8.000 r  i_IBUF_clkadc/O
                         net (fo=4, estimated)        1.221     9.221    system_wrapper_i/clk_gen/inst/clk_in1
    MMCME2_ADV_X0Y0      MMCME2_ADV (Prop_mmcme2_adv_CLKIN1_CLKOUT0)
                                                     -7.279     1.942 r  system_wrapper_i/clk_gen/inst/mmcm_adv_inst/CLKOUT0
                         net (fo=1, estimated)        1.672     3.614    system_wrapper_i/clk_gen/inst/clk_125_system_clk_gen_0
    BUFGCTRL_X0Y0        BUFG (Prop_bufg_I_O)         0.091     3.705 r  system_wrapper_i/clk_gen/inst/clkout1_buf/O
                         net (fo=9645, estimated)     1.502     5.207    system_wrapper_i/axi_interconnect_2/m00_couplers/auto_pc/inst/gen_axi4_axi3.axi3_conv_inst/USE_WRITE.write_addr_inst/USE_B_CHANNEL.cmd_b_queue/inst/fifo_gen_inst/inst_fifo_gen/gconvfifo.rf/grf.rf/gntv_or_sync_fifo.gl0.rd/gr1.gr1_int.rfwft/RD_CLK
    SLICE_X14Y10         FDCE                                         r  system_wrapper_i/axi_interconnect_2/m00_couplers/auto_pc/inst/gen_axi4_axi3.axi3_conv_inst/USE_WRITE.write_addr_inst/USE_B_CHANNEL.cmd_b_queue/inst/fifo_gen_inst/inst_fifo_gen/gconvfifo.rf/grf.rf/gntv_or_sync_fifo.gl0.rd/gr1.gr1_int.rfwft/gpregsm1.curr_fwft_state_reg[0]/C
                         clock pessimism              0.506     5.713    
                         clock uncertainty           -0.069     5.644    
    SLICE_X14Y10         FDCE (Recov_fdce_C_CLR)     -0.405     5.239    system_wrapper_i/axi_interconnect_2/m00_couplers/auto_pc/inst/gen_axi4_axi3.axi3_conv_inst/USE_WRITE.write_addr_inst/USE_B_CHANNEL.cmd_b_queue/inst/fifo_gen_inst/inst_fifo_gen/gconvfifo.rf/grf.rf/gntv_or_sync_fifo.gl0.rd/gr1.gr1_int.rfwft/gpregsm1.curr_fwft_state_reg[0]
  -------------------------------------------------------------------
                         required time                          5.239    
                         arrival time                          -0.299    
  -------------------------------------------------------------------
                         slack                                  4.940    





Min Delay Paths
--------------------------------------------------------------------------------------
Slack (MET) :             0.410ns  (arrival time - required time)
  Source:                 system_wrapper_i/rp_gpio/inst/gpio_in_top/U_dma_s2mm/U_dma_s2mm_ctrl/U_fifo_axi_req/U0/inst_fifo_gen/gconvfifo.rf/grf.rf/rstblk/ngwrdrst.grst.g7serrst.gnsckt_wrst.gic_rst.sckt_rd_rst_ic_reg/C
                            (rising edge-triggered cell FDPE clocked by clk_125_system_clk_gen_0  {rise@0.000ns fall@4.000ns period=8.000ns})
  Destination:            system_wrapper_i/rp_gpio/inst/gpio_in_top/U_dma_s2mm/U_dma_s2mm_ctrl/U_fifo_axi_req/U0/inst_fifo_gen/gconvfifo.rf/grf.rf/gntv_or_sync_fifo.gl0.rd/gr1.gr1_int.rfwft/gpregsm1.curr_fwft_state_reg[1]/CLR
                            (removal check against rising-edge clock clk_125_system_clk_gen_0  {rise@0.000ns fall@4.000ns period=8.000ns})
  Path Group:             **async_default**
  Path Type:              Removal (Min at Fast Process Corner)
  Requirement:            0.000ns  (clk_125_system_clk_gen_0 rise@0.000ns - clk_125_system_clk_gen_0 rise@0.000ns)
  Data Path Delay:        0.376ns  (logic 0.141ns (37.479%)  route 0.235ns (62.521%))
  Logic Levels:           0  
  Clock Path Skew:        0.033ns (DCD - SCD - CPR)
    Destination Clock Delay (DCD):    -1.150ns
    Source Clock Delay      (SCD):    -0.713ns
    Clock Pessimism Removal (CPR):    -0.469ns

    Location             Delay type                Incr(ns)  Path(ns)    Netlist Resource(s)
  -------------------------------------------------------------------    -------------------
                         (clock clk_125_system_clk_gen_0 rise edge)
                                                      0.000     0.000 r  
    U18                  IBUFDS                       0.000     0.000 r  i_IBUF_clkadc/O
                         net (fo=4, estimated)        0.542     0.542    system_wrapper_i/clk_gen/inst/clk_in1
    MMCME2_ADV_X0Y0      MMCME2_ADV (Prop_mmcme2_adv_CLKIN1_CLKOUT0)
                                                     -2.577    -2.035 r  system_wrapper_i/clk_gen/inst/mmcm_adv_inst/CLKOUT0
                         net (fo=1, estimated)        0.742    -1.293    system_wrapper_i/clk_gen/inst/clk_125_system_clk_gen_0
    BUFGCTRL_X0Y0        BUFG (Prop_bufg_I_O)         0.026    -1.267 r  system_wrapper_i/clk_gen/inst/clkout1_buf/O
                         net (fo=9645, estimated)     0.554    -0.713    system_wrapper_i/rp_gpio/inst/gpio_in_top/U_dma_s2mm/U_dma_s2mm_ctrl/U_fifo_axi_req/U0/inst_fifo_gen/gconvfifo.rf/grf.rf/rstblk/RD_CLK
    SLICE_X33Y22         FDPE                                         r  system_wrapper_i/rp_gpio/inst/gpio_in_top/U_dma_s2mm/U_dma_s2mm_ctrl/U_fifo_axi_req/U0/inst_fifo_gen/gconvfifo.rf/grf.rf/rstblk/ngwrdrst.grst.g7serrst.gnsckt_wrst.gic_rst.sckt_rd_rst_ic_reg/C
  -------------------------------------------------------------------    -------------------
    SLICE_X33Y22         FDPE (Prop_fdpe_C_Q)         0.141    -0.572 f  system_wrapper_i/rp_gpio/inst/gpio_in_top/U_dma_s2mm/U_dma_s2mm_ctrl/U_fifo_axi_req/U0/inst_fifo_gen/gconvfifo.rf/grf.rf/rstblk/ngwrdrst.grst.g7serrst.gnsckt_wrst.gic_rst.sckt_rd_rst_ic_reg/Q
                         net (fo=36, estimated)       0.235    -0.337    system_wrapper_i/rp_gpio/inst/gpio_in_top/U_dma_s2mm/U_dma_s2mm_ctrl/U_fifo_axi_req/U0/inst_fifo_gen/gconvfifo.rf/grf.rf/gntv_or_sync_fifo.gl0.rd/gr1.gr1_int.rfwft/RD_RST
    SLICE_X34Y21         FDCE                                         f  system_wrapper_i/rp_gpio/inst/gpio_in_top/U_dma_s2mm/U_dma_s2mm_ctrl/U_fifo_axi_req/U0/inst_fifo_gen/gconvfifo.rf/grf.rf/gntv_or_sync_fifo.gl0.rd/gr1.gr1_int.rfwft/gpregsm1.curr_fwft_state_reg[1]/CLR
  -------------------------------------------------------------------    -------------------

                         (clock clk_125_system_clk_gen_0 rise edge)
                                                      0.000     0.000 r  
    U18                  IBUFDS                       0.000     0.000 r  i_IBUF_clkadc/O
                         net (fo=4, estimated)        0.570     0.570    system_wrapper_i/clk_gen/inst/clk_in1
    MMCME2_ADV_X0Y0      MMCME2_ADV (Prop_mmcme2_adv_CLKIN1_CLKOUT0)
                                                     -3.351    -2.781 r  system_wrapper_i/clk_gen/inst/mmcm_adv_inst/CLKOUT0
                         net (fo=1, estimated)        0.781    -2.000    system_wrapper_i/clk_gen/inst/clk_125_system_clk_gen_0
    BUFGCTRL_X0Y0        BUFG (Prop_bufg_I_O)         0.029    -1.971 r  system_wrapper_i/clk_gen/inst/clkout1_buf/O
                         net (fo=9645, estimated)     0.821    -1.150    system_wrapper_i/rp_gpio/inst/gpio_in_top/U_dma_s2mm/U_dma_s2mm_ctrl/U_fifo_axi_req/U0/inst_fifo_gen/gconvfifo.rf/grf.rf/gntv_or_sync_fifo.gl0.rd/gr1.gr1_int.rfwft/RD_CLK
    SLICE_X34Y21         FDCE                                         r  system_wrapper_i/rp_gpio/inst/gpio_in_top/U_dma_s2mm/U_dma_s2mm_ctrl/U_fifo_axi_req/U0/inst_fifo_gen/gconvfifo.rf/grf.rf/gntv_or_sync_fifo.gl0.rd/gr1.gr1_int.rfwft/gpregsm1.curr_fwft_state_reg[1]/C
                         clock pessimism              0.469    -0.680    
    SLICE_X34Y21         FDCE (Remov_fdce_C_CLR)     -0.067    -0.747    system_wrapper_i/rp_gpio/inst/gpio_in_top/U_dma_s2mm/U_dma_s2mm_ctrl/U_fifo_axi_req/U0/inst_fifo_gen/gconvfifo.rf/grf.rf/gntv_or_sync_fifo.gl0.rd/gr1.gr1_int.rfwft/gpregsm1.curr_fwft_state_reg[1]
  -------------------------------------------------------------------
                         required time                          0.747    
                         arrival time                          -0.337    
  -------------------------------------------------------------------
                         slack                                  0.410    





